Gene1	Gene2	Chrom1	Pos1	Chrom2	Pos2	Identity_Pct	Evalue	Bitscore	Type	Ka	Ks	Ka/Ks
XP_006368530.1	XP_024452203.2	NC_037285.2	159614	NC_037287.2	21584780	67.41	1.07e-60	176.0	interchromosomal	NA	NA	NA
XP_006368530.1	XP_006369893.1	NC_037285.2	159614	NC_037285.2	36641635	43.48	2.75e-15	63.9	intrachromosomal_distant	NA	NA	NA
XP_006368530.1	XP_052308647.1	NC_037285.2	159614	NC_037289.2	5998576	45.00	5.51e-15	62.4	interchromosomal	NA	NA	NA
XP_006368530.1	XP_024436877.2	NC_037285.2	159614	NC_037295.2	8531133	42.03	8.56e-15	62.4	interchromosomal	NA	NA	NA
XP_006368530.1	XP_006383530.2	NC_037285.2	159614	NC_037289.2	11313285	42.65	2.27e-14	61.2	interchromosomal	NA	NA	NA
XP_006368530.1	XP_006375168.1	NC_037285.2	159614	NC_037298.2	3234387	41.89	4.21e-14	59.7	interchromosomal	NA	NA	NA
XP_006368530.1	XP_024466901.1	NC_037285.2	159614	NC_037294.2	16611764	47.37	1.03e-13	59.3	interchromosomal	NA	NA	NA
XP_006368530.1	XP_006375555.1	NC_037285.2	159614	NC_037298.2	11864534	48.21	1.69e-13	58.9	interchromosomal	NA	NA	NA
XP_006368530.1	XP_006381519.2	NC_037285.2	159614	NC_037290.2	10930631	39.08	3.21e-13	58.2	interchromosomal	NA	NA	NA
XP_006368530.1	XP_024438829.2	NC_037285.2	159614	NC_037297.2	7868485	42.86	3.87e-13	58.2	interchromosomal	NA	NA	NA
XP_006368530.1	XP_024454278.1	NC_037285.2	159614	NC_037288.2	11508039	42.86	4.44e-13	57.8	interchromosomal	NA	NA	NA
XP_006368530.1	XP_024444415.2	NC_037285.2	159614	NC_037301.2	10127356	30.77	6.39e-13	57.4	interchromosomal	NA	NA	NA
XP_006368530.1	XP_024458563.1	NC_037285.2	159614	NC_037285.2	48605799	42.47	2.01e-12	55.8	intrachromosomal_distant	NA	NA	NA
XP_006368530.1	XP_052301100.1	NC_037285.2	159614	NC_037295.2	18333481	42.47	2.21e-12	55.8	interchromosomal	NA	NA	NA
XP_006368530.1	XP_006368868.2	NC_037285.2	159614	NC_037285.2	4486450	36.26	4.67e-12	53.5	intrachromosomal_distant	NA	NA	NA
XP_006368530.1	XP_024446284.2	NC_037285.2	159614	NC_037302.2	1292205	37.93	5.21e-12	54.7	interchromosomal	NA	NA	NA
XP_006368530.1	XP_024461002.1	NC_037285.2	159614	NC_037291.2	10436238	40.58	5.39e-12	53.5	interchromosomal	NA	NA	NA
XP_006368530.1	XP_024443283.1	NC_037285.2	159614	NC_037300.2	6485177	36.91	5.43e-12	54.7	interchromosomal	NA	NA	NA
XP_006368530.1	XP_006373216.1	NC_037285.2	159614	NC_037301.2	5566257	39.06	6.83e-12	53.5	interchromosomal	NA	NA	NA
XP_006368530.1	XP_006368768.2	NC_037285.2	159614	NC_037285.2	7882247	43.06	7.48e-12	54.3	intrachromosomal_distant	NA	NA	NA
XP_006368530.1	XP_024456867.1	NC_037285.2	159614	NC_037289.2	5877537	36.36	7.51e-12	53.9	interchromosomal	NA	NA	NA
XP_006368530.1	XP_024441317.1	NC_037285.2	159614	NC_037298.2	1460990	35.71	7.70e-12	54.3	interchromosomal	NA	NA	NA
XP_006368530.1	XP_006382812.1	NC_037285.2	159614	NC_037289.2	3486578	42.62	7.94e-12	54.3	interchromosomal	NA	NA	NA
XP_006368530.1	XP_024452726.1	NC_037285.2	159614	NC_037287.2	13432844	44.26	8.28e-12	53.9	interchromosomal	NA	NA	NA
XP_006368530.1	XP_006371762.1	NC_037285.2	159614	NC_037302.2	1349083	37.66	8.50e-12	53.9	interchromosomal	NA	NA	NA
XP_006368530.1	XP_006378014.1	NC_037285.2	159614	NC_037295.2	19237430	37.31	9.45e-12	54.3	interchromosomal	NA	NA	NA
XP_006368530.1	XP_024437369.2	NC_037285.2	159614	NC_037295.2	11223426	32.98	3.66e-11	54.3	interchromosomal	NA	NA	NA
XP_006368530.1	XP_052305286.1	NC_037285.2	159614	NC_037303.2	9848168	43.55	1.10e-11	53.9	interchromosomal	NA	NA	NA
XP_006368530.1	XP_006386616.2	NC_037285.2	159614	NC_037286.2	12590323	33.33	1.23e-11	53.5	interchromosomal	NA	NA	NA
XP_006368530.1	XP_006375351.1	NC_037285.2	159614	NC_037298.2	5870811	34.26	1.35e-11	53.5	interchromosomal	NA	NA	NA
XP_006368530.1	XP_024458700.1	NC_037285.2	159614	NC_037290.2	8094569	39.47	1.44e-11	53.5	interchromosomal	NA	NA	NA
XP_006368530.1	XP_006382109.3	NC_037285.2	159614	NC_037290.2	26029137	35.06	1.70e-11	53.5	interchromosomal	NA	NA	NA
XP_006368530.1	XP_024439297.1	NC_037285.2	159614	NC_037297.2	9163560	33.01	3.53e-11	52.4	interchromosomal	NA	NA	NA
XP_006368530.1	XP_024446053.1	NC_037285.2	159614	NC_037302.2	12567397	41.07	4.21e-11	52.4	interchromosomal	NA	NA	NA
XP_006368530.1	XP_006372370.1	NC_037285.2	159614	NC_037301.2	14784916	32.43	8.94e-11	51.2	interchromosomal	NA	NA	NA
XP_006368530.1	XP_024460429.2	NC_037285.2	159614	NC_037290.2	19088117	31.00	4.46e-11	53.9	interchromosomal	NA	NA	NA
XP_006368511.1	XP_006371762.1	NC_037285.2	3207145	NC_037302.2	1349083	54.10	5.59e-109	313.0	interchromosomal	NA	NA	NA
XP_006368511.1	XP_024440069.1	NC_037285.2	3207145	NC_037298.2	7538137	32.38	8.03e-33	120.0	interchromosomal	NA	NA	NA
XP_006368511.1	XP_024450700.1	NC_037285.2	3207145	NC_037286.2	21787634	39.46	2.99e-29	110.0	interchromosomal	NA	NA	NA
XP_006368511.1	XP_024466667.1	NC_037285.2	3207145	NC_037285.2	21315533	42.86	1.43e-28	108.0	intrachromosomal_distant	NA	NA	NA
XP_006368511.1	XP_024455846.2	NC_037285.2	3207145	NC_037288.2	463543	38.06	8.56e-28	107.0	interchromosomal	NA	NA	NA
XP_006368511.1	XP_006389578.1	NC_037285.2	3207145	NC_037295.2	587221	40.87	3.43e-27	105.0	interchromosomal	NA	NA	NA
XP_006368511.1	XP_052303325.1	NC_037285.2	3207145	NC_037299.2	8984460	44.91	1.13e-27	107.0	interchromosomal	NA	NA	NA
XP_006368511.1	XP_024441317.1	NC_037285.2	3207145	NC_037298.2	1460990	41.35	6.64e-25	96.3	interchromosomal	NA	NA	NA
XP_006368511.1	XP_024436877.2	NC_037285.2	3207145	NC_037295.2	8531133	45.45	2.25e-22	88.6	interchromosomal	NA	NA	NA
XP_006368511.1	XP_024437369.2	NC_037285.2	3207145	NC_037295.2	11223426	46.32	3.66e-22	89.7	interchromosomal	NA	NA	NA
XP_006368511.1	XP_024438829.2	NC_037285.2	3207145	NC_037297.2	7868485	37.78	4.87e-22	89.7	interchromosomal	NA	NA	NA
XP_006368511.1	XP_006383530.2	NC_037285.2	3207145	NC_037289.2	11313285	39.68	6.35e-22	87.4	interchromosomal	NA	NA	NA
XP_006368511.1	XP_006375555.1	NC_037285.2	3207145	NC_037298.2	11864534	39.29	1.34e-22	91.3	interchromosomal	NA	NA	NA
XP_006368511.1	XP_006369893.1	NC_037285.2	3207145	NC_037285.2	36641635	44.83	8.52e-22	87.0	intrachromosomal_distant	NA	NA	NA
XP_006368511.1	XP_024443283.1	NC_037285.2	3207145	NC_037300.2	6485177	35.00	1.63e-21	87.4	interchromosomal	NA	NA	NA
XP_006368511.1	XP_024458700.1	NC_037285.2	3207145	NC_037290.2	8094569	56.25	2.55e-21	87.8	interchromosomal	NA	NA	NA
XP_006368511.1	XP_006373216.1	NC_037285.2	3207145	NC_037301.2	5566257	54.10	1.44e-21	83.2	interchromosomal	NA	NA	NA
XP_006368511.1	XP_006378014.1	NC_037285.2	3207145	NC_037295.2	19237430	44.83	4.46e-20	84.7	interchromosomal	NA	NA	NA
XP_006368511.1	XP_024454278.1	NC_037285.2	3207145	NC_037288.2	11508039	36.09	5.18e-20	83.2	interchromosomal	NA	NA	NA
XP_006368511.1	XP_024446053.1	NC_037285.2	3207145	NC_037302.2	12567397	36.21	8.94e-20	83.2	interchromosomal	NA	NA	NA
XP_006368511.1	XP_006381519.2	NC_037285.2	3207145	NC_037290.2	10930631	50.63	1.08e-19	82.8	interchromosomal	NA	NA	NA
XP_006368511.1	XP_006382812.1	NC_037285.2	3207145	NC_037289.2	3486578	38.00	8.77e-20	81.6	interchromosomal	NA	NA	NA
XP_006368511.1	XP_024444415.2	NC_037285.2	3207145	NC_037301.2	10127356	50.69	1.10e-19	82.8	interchromosomal	NA	NA	NA
XP_006368511.1	XP_024452726.1	NC_037285.2	3207145	NC_037287.2	13432844	44.71	1.54e-19	80.5	interchromosomal	NA	NA	NA
XP_006368511.1	XP_024460429.2	NC_037285.2	3207145	NC_037290.2	19088117	38.38	3.70e-19	81.3	interchromosomal	NA	NA	NA
XP_006368511.1	XP_024466901.1	NC_037285.2	3207145	NC_037294.2	16611764	38.46	1.33e-18	77.4	interchromosomal	NA	NA	NA
XP_006368511.1	XP_024456867.1	NC_037285.2	3207145	NC_037289.2	5877537	38.54	5.07e-19	76.6	interchromosomal	NA	NA	NA
XP_006368511.1	XP_006375168.1	NC_037285.2	3207145	NC_037298.2	3234387	40.00	4.62e-18	75.1	interchromosomal	NA	NA	NA
XP_006368511.1	XP_052301100.1	NC_037285.2	3207145	NC_037295.2	18333481	44.59	5.08e-18	77.0	interchromosomal	NA	NA	NA
XP_006368511.1	XP_024458563.1	NC_037285.2	3207145	NC_037285.2	48605799	41.59	5.34e-18	77.0	intrachromosomal_distant	NA	NA	NA
XP_006368511.1	XP_024461002.1	NC_037285.2	3207145	NC_037291.2	10436238	46.15	3.80e-18	73.9	interchromosomal	NA	NA	NA
XP_006368511.1	XP_052303237.1	NC_037285.2	3207145	NC_037298.2	8049826	39.29	2.17e-17	73.6	interchromosomal	NA	NA	NA
XP_006368511.1	XP_052308647.1	NC_037285.2	3207145	NC_037289.2	5998576	46.67	2.11e-17	72.8	interchromosomal	NA	NA	NA
XP_006368511.1	XP_006368768.2	NC_037285.2	3207145	NC_037285.2	7882247	42.03	4.47e-17	73.6	intrachromosomal_distant	NA	NA	NA
XP_006368511.1	XP_024446284.2	NC_037285.2	3207145	NC_037302.2	1292205	49.18	3.21e-16	71.6	interchromosomal	NA	NA	NA
XP_006368511.1	XP_006372370.1	NC_037285.2	3207145	NC_037301.2	14784916	35.16	5.23e-16	70.9	interchromosomal	NA	NA	NA
XP_006368511.1	XP_006386616.2	NC_037285.2	3207145	NC_037286.2	12590323	42.19	4.17e-16	71.2	interchromosomal	NA	NA	NA
XP_006368511.1	XP_006375351.1	NC_037285.2	3207145	NC_037298.2	5870811	42.19	5.05e-16	70.9	interchromosomal	NA	NA	NA
XP_006368511.1	XP_006382109.3	NC_037285.2	3207145	NC_037290.2	26029137	44.26	6.68e-15	67.8	interchromosomal	NA	NA	NA
XP_006368511.1	XP_052305286.1	NC_037285.2	3207145	NC_037303.2	9848168	39.77	3.06e-13	62.8	interchromosomal	NA	NA	NA
XP_006368511.1	XP_024452203.2	NC_037285.2	3207145	NC_037287.2	21584780	37.17	3.00e-12	56.2	interchromosomal	NA	NA	NA
XP_006368511.1	XP_024439297.1	NC_037285.2	3207145	NC_037297.2	9163560	37.78	4.03e-12	59.3	interchromosomal	NA	NA	NA
XP_006368511.1	XP_006368530.1	NC_037285.2	3207145	NC_037285.2	159614	34.94	2.29e-12	55.8	intrachromosomal_distant	NA	NA	NA
XP_006368868.2	XP_006373216.1	NC_037285.2	4486450	NC_037301.2	5566257	65.06	4.43e-73	211.0	interchromosomal	NA	NA	NA
XP_006368868.2	XP_006375168.1	NC_037285.2	4486450	NC_037298.2	3234387	50.88	1.39e-39	127.0	interchromosomal	NA	NA	NA
XP_006368868.2	XP_024466901.1	NC_037285.2	4486450	NC_037294.2	16611764	65.85	1.88e-39	129.0	interchromosomal	NA	NA	NA
XP_006368868.2	XP_052308647.1	NC_037285.2	4486450	NC_037289.2	5998576	58.33	8.00e-37	120.0	interchromosomal	NA	NA	NA
XP_006368868.2	XP_024444415.2	NC_037285.2	4486450	NC_037301.2	10127356	52.83	1.56e-34	121.0	interchromosomal	NA	NA	NA
XP_006368868.2	XP_024436877.2	NC_037285.2	4486450	NC_037295.2	8531133	61.45	1.42e-36	122.0	interchromosomal	NA	NA	NA
XP_006368868.2	XP_006369893.1	NC_037285.2	4486450	NC_037285.2	36641635	63.85	1.54e-37	125.0	intrachromosomal_distant	NA	NA	NA
XP_006368868.2	XP_024454278.1	NC_037285.2	4486450	NC_037288.2	11508039	54.64	4.36e-34	118.0	interchromosomal	NA	NA	NA
XP_006368868.2	XP_024437369.2	NC_037285.2	4486450	NC_037295.2	11223426	57.14	3.00e-32	115.0	interchromosomal	NA	NA	NA
XP_006368868.2	XP_006378014.1	NC_037285.2	4486450	NC_037295.2	19237430	55.68	6.55e-32	112.0	interchromosomal	NA	NA	NA
XP_006368868.2	XP_024438829.2	NC_037285.2	4486450	NC_037297.2	7868485	41.41	2.09e-31	111.0	interchromosomal	NA	NA	NA
XP_006368868.2	XP_006375555.1	NC_037285.2	4486450	NC_037298.2	11864534	57.14	8.27e-30	106.0	interchromosomal	NA	NA	NA
XP_006368868.2	XP_024458700.1	NC_037285.2	4486450	NC_037290.2	8094569	56.25	1.60e-29	107.0	interchromosomal	NA	NA	NA
XP_006368868.2	XP_024461002.1	NC_037285.2	4486450	NC_037291.2	10436238	43.88	8.25e-29	99.0	interchromosomal	NA	NA	NA
XP_006368868.2	XP_024443283.1	NC_037285.2	4486450	NC_037300.2	6485177	36.30	1.87e-28	102.0	interchromosomal	NA	NA	NA
XP_006368868.2	XP_006381519.2	NC_037285.2	4486450	NC_037290.2	10930631	49.40	7.08e-28	100.0	interchromosomal	NA	NA	NA
XP_006368868.2	XP_024456867.1	NC_037285.2	4486450	NC_037289.2	5877537	42.86	4.32e-29	100.0	interchromosomal	NA	NA	NA
XP_006368868.2	XP_024455846.2	NC_037285.2	4486450	NC_037288.2	463543	43.62	6.53e-26	97.4	interchromosomal	NA	NA	NA
XP_006368868.2	XP_024450700.1	NC_037285.2	4486450	NC_037286.2	21787634	50.60	5.99e-25	94.7	interchromosomal	NA	NA	NA
XP_006368868.2	XP_006389578.1	NC_037285.2	4486450	NC_037295.2	587221	48.19	3.85e-25	95.1	interchromosomal	NA	NA	NA
XP_006368868.2	XP_024466667.1	NC_037285.2	4486450	NC_037285.2	21315533	52.63	1.37e-24	93.2	intrachromosomal_distant	NA	NA	NA
XP_006368868.2	XP_024440069.1	NC_037285.2	4486450	NC_037298.2	7538137	40.65	1.85e-23	90.1	interchromosomal	NA	NA	NA
XP_006368868.2	XP_024446053.1	NC_037285.2	4486450	NC_037302.2	12567397	46.67	7.27e-23	87.0	interchromosomal	NA	NA	NA
XP_006368868.2	XP_052303325.1	NC_037285.2	4486450	NC_037299.2	8984460	46.25	1.76e-22	87.8	interchromosomal	NA	NA	NA
XP_006368868.2	XP_024460429.2	NC_037285.2	4486450	NC_037290.2	19088117	45.45	8.57e-22	85.5	interchromosomal	NA	NA	NA
XP_006368868.2	XP_006383530.2	NC_037285.2	4486450	NC_037289.2	11313285	39.62	3.99e-21	82.0	interchromosomal	NA	NA	NA
XP_006368868.2	XP_006371762.1	NC_037285.2	4486450	NC_037302.2	1349083	53.33	3.00e-20	79.3	interchromosomal	NA	NA	NA
XP_006368868.2	XP_006382109.3	NC_037285.2	4486450	NC_037290.2	26029137	42.86	3.25e-20	79.3	interchromosomal	NA	NA	NA
XP_006368868.2	XP_024446284.2	NC_037285.2	4486450	NC_037302.2	1292205	44.87	1.43e-19	77.4	interchromosomal	NA	NA	NA
XP_006368868.2	XP_024441317.1	NC_037285.2	4486450	NC_037298.2	1460990	38.71	1.72e-19	76.6	interchromosomal	NA	NA	NA
XP_006368868.2	XP_006386616.2	NC_037285.2	4486450	NC_037286.2	12590323	33.33	1.16e-18	75.5	interchromosomal	NA	NA	NA
XP_006368868.2	XP_024452726.1	NC_037285.2	4486450	NC_037287.2	13432844	43.90	1.14e-18	73.9	interchromosomal	NA	NA	NA
XP_006368868.2	XP_006375351.1	NC_037285.2	4486450	NC_037298.2	5870811	33.33	4.34e-18	72.8	interchromosomal	NA	NA	NA
XP_006368868.2	XP_052303237.1	NC_037285.2	4486450	NC_037298.2	8049826	49.12	9.29e-18	71.2	interchromosomal	NA	NA	NA
XP_006368868.2	XP_024439297.1	NC_037285.2	4486450	NC_037297.2	9163560	40.43	4.40e-18	73.9	interchromosomal	NA	NA	NA
XP_006368868.2	XP_006382812.1	NC_037285.2	4486450	NC_037289.2	3486578	39.02	1.35e-17	71.6	interchromosomal	NA	NA	NA
XP_006368868.2	XP_052305286.1	NC_037285.2	4486450	NC_037303.2	9848168	37.39	3.38e-17	71.6	interchromosomal	NA	NA	NA
XP_006368868.2	XP_052301100.1	NC_037285.2	4486450	NC_037295.2	18333481	38.54	9.32e-17	70.9	interchromosomal	NA	NA	NA
XP_006368868.2	XP_006372370.1	NC_037285.2	4486450	NC_037301.2	14784916	42.62	7.48e-17	69.7	interchromosomal	NA	NA	NA
XP_006368868.2	XP_024458563.1	NC_037285.2	4486450	NC_037285.2	48605799	45.00	5.44e-16	68.6	intrachromosomal_distant	NA	NA	NA
XP_006368868.2	XP_024452203.2	NC_037285.2	4486450	NC_037287.2	21584780	40.68	7.55e-11	50.1	interchromosomal	NA	NA	NA
XP_002297983.2	XP_002304549.1	NC_037285.2	7371990	NC_037287.2	15527228	84.50	0.00e+00	578.0	interchromosomal	NA	NA	NA
XP_002297983.2	XP_002318373.2	NC_037285.2	7371990	NC_037296.2	911247	48.39	1.06e-104	305.0	interchromosomal	NA	NA	NA
XP_002297983.2	XP_002302620.1	NC_037285.2	7371990	NC_037286.2	12950333	46.32	4.54e-96	283.0	interchromosomal	NA	NA	NA
XP_002297983.2	XP_002320852.4	NC_037285.2	7371990	NC_037298.2	6296630	48.12	5.83e-98	288.0	interchromosomal	NA	NA	NA
XP_002297983.2	XP_002309186.4	NC_037285.2	7371990	NC_037290.2	8482325	36.95	1.99e-35	125.0	interchromosomal	NA	NA	NA
XP_002297983.2	XP_002323675.2	NC_037285.2	7371990	NC_037300.2	14139186	37.23	9.34e-32	114.0	interchromosomal	NA	NA	NA
XP_002297983.2	XP_002319879.4	NC_037285.2	7371990	NC_037297.2	9153347	33.51	1.75e-27	103.0	interchromosomal	NA	NA	NA
XP_002297983.2	XP_024439297.1	NC_037285.2	7371990	NC_037297.2	9163560	56.52	4.11e-26	100.0	interchromosomal	NA	NA	NA
XP_002297983.2	XP_052305286.1	NC_037285.2	7371990	NC_037303.2	9848168	59.42	1.84e-25	98.6	interchromosomal	NA	NA	NA
XP_002297983.2	XP_002323509.1	NC_037285.2	7371990	NC_037300.2	10100937	51.32	3.69e-19	79.7	interchromosomal	NA	NA	NA
XP_002297983.2	XP_024452726.1	NC_037285.2	7371990	NC_037287.2	13432844	37.06	1.01e-18	78.2	interchromosomal	NA	NA	NA
XP_002297983.2	XP_006368868.2	NC_037285.2	7371990	NC_037285.2	4486450	37.61	1.04e-18	75.5	intrachromosomal_distant	NA	NA	NA
XP_002297983.2	XP_002303610.1	NC_037285.2	7371990	NC_037287.2	15075424	54.55	1.21e-18	78.6	interchromosomal	NA	NA	NA
XP_002297983.2	XP_002304741.2	NC_037285.2	7371990	NC_037287.2	17779254	40.52	1.81e-18	74.7	interchromosomal	NA	NA	NA
XP_002297983.2	XP_002301377.2	NC_037285.2	7371990	NC_037286.2	12619400	35.34	5.82e-19	76.3	interchromosomal	NA	NA	NA
XP_002297983.2	XP_002320160.2	NC_037285.2	7371990	NC_037298.2	5891006	47.56	8.55e-19	75.5	interchromosomal	NA	NA	NA
XP_002297983.2	XP_002312318.2	NC_037285.2	7371990	NC_037292.2	6517252	42.86	3.04e-18	77.8	interchromosomal	NA	NA	NA
XP_002297983.2	XP_002302070.2	NC_037285.2	7371990	NC_037286.2	2846278	44.44	2.92e-18	77.4	interchromosomal	NA	NA	NA
XP_002297983.2	XP_024436877.2	NC_037285.2	7371990	NC_037295.2	8531133	34.92	1.39e-18	77.8	interchromosomal	NA	NA	NA
XP_002297983.2	XP_002301514.2	NC_037285.2	7371990	NC_037286.2	15813542	40.57	4.03e-18	75.5	interchromosomal	NA	NA	NA
XP_002297983.2	XP_052303237.1	NC_037285.2	7371990	NC_037298.2	8049826	40.74	4.85e-18	75.9	interchromosomal	NA	NA	NA
XP_002297983.2	XP_006373216.1	NC_037285.2	7371990	NC_037301.2	5566257	42.27	6.30e-19	75.9	interchromosomal	NA	NA	NA
XP_002297983.2	XP_002301524.3	NC_037285.2	7371990	NC_037286.2	15575016	37.04	3.82e-18	76.6	interchromosomal	NA	NA	NA
XP_002297983.2	XP_002320967.3	NC_037285.2	7371990	NC_037298.2	7968052	40.00	7.85e-18	75.9	interchromosomal	NA	NA	NA
XP_002297983.2	XP_002300120.2	NC_037285.2	7371990	NC_037285.2	33712941	39.47	3.17e-19	76.6	intrachromosomal_distant	NA	NA	NA
XP_002297983.2	XP_002305271.3	NC_037285.2	7371990	NC_037288.2	6053102	39.81	1.63e-17	75.9	interchromosomal	NA	NA	NA
XP_002297983.2	XP_002312267.1	NC_037285.2	7371990	NC_037292.2	5739919	45.88	2.10e-17	75.9	interchromosomal	NA	NA	NA
XP_002297983.2	XP_006383530.2	NC_037285.2	7371990	NC_037289.2	11313285	40.50	2.26e-17	74.7	interchromosomal	NA	NA	NA
XP_002297983.2	XP_006372370.1	NC_037285.2	7371990	NC_037301.2	14784916	34.88	2.27e-17	75.5	interchromosomal	NA	NA	NA
XP_002297983.2	XP_024466901.1	NC_037285.2	7371990	NC_037294.2	16611764	42.53	1.84e-17	74.3	interchromosomal	NA	NA	NA
XP_002297983.2	XP_002309066.3	NC_037285.2	7371990	NC_037290.2	6547400	53.23	1.94e-17	74.3	interchromosomal	NA	NA	NA
XP_002297983.2	XP_002306823.1	NC_037285.2	7371990	NC_037289.2	22204644	42.42	4.04e-17	74.3	interchromosomal	NA	NA	NA
XP_002297983.2	XP_002317397.1	NC_037285.2	7371990	NC_037295.2	6182166	49.35	3.66e-17	73.2	interchromosomal	NA	NA	NA
XP_002297983.2	XP_002325248.3	NC_037285.2	7371990	NC_037302.2	14435429	38.32	2.72e-17	73.9	interchromosomal	NA	NA	NA
XP_002297983.2	XP_002305730.1	NC_037285.2	7371990	NC_037288.2	5076521	50.70	1.07e-16	72.0	interchromosomal	NA	NA	NA
XP_002297983.2	XP_002310122.1	NC_037285.2	7371990	NC_037291.2	4339587	39.17	7.11e-17	73.2	interchromosomal	NA	NA	NA
XP_002297983.2	XP_002301166.2	NC_037285.2	7371990	NC_037286.2	9332683	37.50	8.14e-17	73.2	interchromosomal	NA	NA	NA
XP_002297983.2	XP_006369893.1	NC_037285.2	7371990	NC_037285.2	36641635	38.94	6.50e-19	79.0	intrachromosomal_distant	NA	NA	NA
XP_002297983.2	XP_024444415.2	NC_037285.2	7371990	NC_037301.2	10127356	43.02	9.40e-17	73.9	interchromosomal	NA	NA	NA
XP_002297983.2	XP_002306743.1	NC_037285.2	7371990	NC_037289.2	20829693	39.42	1.38e-18	78.2	interchromosomal	NA	NA	NA
XP_002297983.2	XP_002311329.2	NC_037285.2	7371990	NC_037292.2	5865817	41.38	6.17e-17	72.8	interchromosomal	NA	NA	NA
XP_002297983.2	XP_002314962.2	NC_037285.2	7371990	NC_037294.2	15857170	42.17	2.27e-17	75.1	interchromosomal	NA	NA	NA
XP_002297983.2	XP_002319082.4	NC_037285.2	7371990	NC_037297.2	2936940	40.40	1.85e-16	72.4	interchromosomal	NA	NA	NA
XP_002297983.2	XP_024443283.1	NC_037285.2	7371990	NC_037300.2	6485177	49.30	4.03e-16	71.6	interchromosomal	NA	NA	NA
XP_002297983.2	XP_024454278.1	NC_037285.2	7371990	NC_037288.2	11508039	53.45	4.10e-16	72.0	interchromosomal	NA	NA	NA
XP_002297983.2	XP_002324382.1	NC_037285.2	7371990	NC_037302.2	615270	40.66	3.10e-16	71.6	interchromosomal	NA	NA	NA
XP_002297983.2	XP_006381519.2	NC_037285.2	7371990	NC_037290.2	10930631	48.61	5.77e-16	71.2	interchromosomal	NA	NA	NA
XP_002297983.2	XP_006386616.2	NC_037285.2	7371990	NC_037286.2	12590323	42.86	8.75e-16	70.5	interchromosomal	NA	NA	NA
XP_002297983.2	XP_006375351.1	NC_037285.2	7371990	NC_037298.2	5870811	42.86	9.43e-16	70.1	interchromosomal	NA	NA	NA
XP_002297983.2	XP_002318747.1	NC_037285.2	7371990	NC_037296.2	12395944	49.15	5.45e-16	67.8	interchromosomal	NA	NA	NA
XP_002297983.2	XP_002308998.1	NC_037285.2	7371990	NC_037290.2	5266321	39.36	1.40e-15	69.3	interchromosomal	NA	NA	NA
XP_002297983.2	XP_002302140.2	NC_037285.2	7371990	NC_037286.2	4065581	41.58	1.29e-17	75.5	interchromosomal	NA	NA	NA
XP_002297983.2	XP_006382812.1	NC_037285.2	7371990	NC_037289.2	3486578	39.39	1.61e-15	69.3	interchromosomal	NA	NA	NA
XP_002297983.2	XP_024441317.1	NC_037285.2	7371990	NC_037298.2	1460990	39.58	2.02e-15	69.3	interchromosomal	NA	NA	NA
XP_002297983.2	XP_002322274.1	NC_037285.2	7371990	NC_037299.2	11932322	50.00	8.73e-16	67.0	interchromosomal	NA	NA	NA
XP_002297983.2	XP_052301100.1	NC_037285.2	7371990	NC_037295.2	18333481	54.39	2.98e-15	68.9	interchromosomal	NA	NA	NA
XP_002297983.2	XP_006371762.1	NC_037285.2	7371990	NC_037302.2	1349083	47.06	2.58e-15	68.6	interchromosomal	NA	NA	NA
XP_002297983.2	XP_002315024.1	NC_037285.2	7371990	NC_037294.2	16783136	44.59	3.39e-15	69.7	interchromosomal	NA	NA	NA
XP_002297983.2	XP_024458563.1	NC_037285.2	7371990	NC_037285.2	48605799	54.39	3.84e-15	68.6	intrachromosomal_distant	NA	NA	NA
XP_002297983.2	XP_002310044.1	NC_037285.2	7371990	NC_037291.2	10243688	49.15	3.92e-15	67.0	interchromosomal	NA	NA	NA
XP_002297983.2	XP_002326093.4	NC_037285.2	7371990	NC_037303.2	14801942	32.48	4.60e-15	68.9	interchromosomal	NA	NA	NA
XP_002297983.2	XP_052308647.1	NC_037285.2	7371990	NC_037289.2	5998576	49.15	2.61e-15	67.0	interchromosomal	NA	NA	NA
XP_002297983.2	XP_002301237.2	NC_037285.2	7371990	NC_037286.2	10431495	39.76	7.37e-15	65.5	interchromosomal	NA	NA	NA
XP_002297983.2	XP_006375168.1	NC_037285.2	7371990	NC_037298.2	3234387	39.76	1.27e-14	65.5	interchromosomal	NA	NA	NA
XP_002297983.2	XP_002323637.2	NC_037285.2	7371990	NC_037300.2	13149873	51.72	1.30e-14	68.2	interchromosomal	NA	NA	NA
XP_002297983.2	XP_002298853.1	NC_037285.2	7371990	NC_037285.2	37983571	50.00	1.74e-14	67.0	intrachromosomal_distant	NA	NA	NA
XP_002297983.2	XP_006378014.1	NC_037285.2	7371990	NC_037295.2	19237430	42.47	2.11e-14	67.0	interchromosomal	NA	NA	NA
XP_002297983.2	XP_002302808.1	NC_037285.2	7371990	NC_037286.2	14860854	54.39	2.95e-14	66.6	interchromosomal	NA	NA	NA
XP_002297983.2	XP_002319959.2	NC_037285.2	7371990	NC_037297.2	14908280	50.00	3.87e-14	66.6	interchromosomal	NA	NA	NA
XP_002297983.2	XP_024438829.2	NC_037285.2	7371990	NC_037297.2	7868485	46.55	5.09e-14	65.9	interchromosomal	NA	NA	NA
XP_002297983.2	XP_002300596.2	NC_037285.2	7371990	NC_037285.2	49579127	49.15	6.17e-14	65.5	intrachromosomal_distant	NA	NA	NA
XP_002297983.2	XP_024450700.1	NC_037285.2	7371990	NC_037286.2	21787634	51.72	8.68e-14	65.9	interchromosomal	NA	NA	NA
XP_002297983.2	XP_006382109.3	NC_037285.2	7371990	NC_037290.2	26029137	38.30	7.54e-14	64.7	interchromosomal	NA	NA	NA
XP_002297983.2	XP_024440069.1	NC_037285.2	7371990	NC_037298.2	7538137	38.09	1.24e-13	64.7	interchromosomal	NA	NA	NA
XP_002297983.2	XP_024437369.2	NC_037285.2	7371990	NC_037295.2	11223426	44.83	1.62e-13	63.9	interchromosomal	NA	NA	NA
XP_002297983.2	XP_024458700.1	NC_037285.2	7371990	NC_037290.2	8094569	47.54	1.46e-13	64.7	interchromosomal	NA	NA	NA
XP_002297983.2	XP_052303325.1	NC_037285.2	7371990	NC_037299.2	8984460	50.00	1.82e-13	64.7	interchromosomal	NA	NA	NA
XP_002297983.2	XP_024446284.2	NC_037285.2	7371990	NC_037302.2	1292205	39.74	2.26e-13	63.5	interchromosomal	NA	NA	NA
XP_002297983.2	XP_002321134.3	NC_037285.2	7371990	NC_037298.2	10916137	50.88	2.62e-13	63.5	interchromosomal	NA	NA	NA
XP_002297983.2	XP_024455846.2	NC_037285.2	7371990	NC_037288.2	463543	50.88	2.51e-13	64.3	interchromosomal	NA	NA	NA
XP_002297983.2	XP_002308704.1	NC_037285.2	7371990	NC_037290.2	25986082	41.79	4.54e-13	62.0	interchromosomal	NA	NA	NA
XP_002297983.2	XP_024466667.1	NC_037285.2	7371990	NC_037285.2	21315533	50.00	5.47e-13	62.8	intrachromosomal_distant	NA	NA	NA
XP_002297983.2	XP_006389578.1	NC_037285.2	7371990	NC_037295.2	587221	50.88	4.92e-13	63.2	interchromosomal	NA	NA	NA
XP_002297983.2	XP_002323839.4	NC_037285.2	7371990	NC_037301.2	8849889	50.00	6.38e-13	62.8	interchromosomal	NA	NA	NA
XP_002297983.2	XP_006375555.1	NC_037285.2	7371990	NC_037298.2	11864534	47.37	7.56e-13	61.6	interchromosomal	NA	NA	NA
XP_002297983.2	XP_024446053.1	NC_037285.2	7371990	NC_037302.2	12567397	32.11	7.99e-13	61.6	interchromosomal	NA	NA	NA
XP_002297983.2	XP_002308538.1	NC_037285.2	7371990	NC_037290.2	22894958	44.07	8.12e-13	58.9	interchromosomal	NA	NA	NA
XP_002297983.2	XP_024460429.2	NC_037285.2	7371990	NC_037290.2	19088117	34.88	1.72e-12	60.8	interchromosomal	NA	NA	NA
XP_002297983.2	XP_024456867.1	NC_037285.2	7371990	NC_037289.2	5877537	44.83	9.30e-13	58.9	interchromosomal	NA	NA	NA
XP_002297983.2	XP_006368511.1	NC_037285.2	7371990	NC_037285.2	3207145	44.26	2.66e-12	59.7	intrachromosomal_distant	NA	NA	NA
XP_002297983.2	XP_002303852.3	NC_037285.2	7371990	NC_037287.2	18768266	44.26	1.89e-12	60.1	interchromosomal	NA	NA	NA
XP_002297983.2	XP_002324328.1	NC_037285.2	7371990	NC_037302.2	1335139	47.37	5.05e-12	58.2	interchromosomal	NA	NA	NA
XP_002297983.2	XP_024461002.1	NC_037285.2	7371990	NC_037291.2	10436238	32.43	3.89e-11	54.7	interchromosomal	NA	NA	NA
XP_002297983.2	XP_006368530.1	NC_037285.2	7371990	NC_037285.2	159614	41.10	4.68e-11	52.0	intrachromosomal_distant	NA	NA	NA
XP_006368768.2	XP_006375351.1	NC_037285.2	7882247	NC_037298.2	5870811	39.07	3.93e-63	197.0	interchromosomal	NA	NA	NA
XP_006368768.2	XP_006386616.2	NC_037285.2	7882247	NC_037286.2	12590323	40.00	1.56e-63	199.0	interchromosomal	NA	NA	NA
XP_006368768.2	XP_006372370.1	NC_037285.2	7882247	NC_037301.2	14784916	41.58	1.89e-45	153.0	interchromosomal	NA	NA	NA
XP_006368768.2	XP_024458563.1	NC_037285.2	7882247	NC_037285.2	48605799	63.37	9.42e-39	136.0	intrachromosomal_distant	NA	NA	NA
XP_006368768.2	XP_052301100.1	NC_037285.2	7882247	NC_037295.2	18333481	62.38	1.92e-38	135.0	interchromosomal	NA	NA	NA
XP_006368768.2	XP_052303237.1	NC_037285.2	7882247	NC_037298.2	8049826	57.78	4.24e-31	111.0	interchromosomal	NA	NA	NA
XP_006368768.2	XP_006383530.2	NC_037285.2	7882247	NC_037289.2	11313285	55.42	1.25e-27	103.0	interchromosomal	NA	NA	NA
XP_006368768.2	XP_024441317.1	NC_037285.2	7882247	NC_037298.2	1460990	53.49	4.73e-27	102.0	interchromosomal	NA	NA	NA
XP_006368768.2	XP_024452726.1	NC_037285.2	7882247	NC_037287.2	13432844	52.38	7.33e-26	98.2	interchromosomal	NA	NA	NA
XP_006368768.2	XP_006382812.1	NC_037285.2	7882247	NC_037289.2	3486578	52.38	1.07e-24	95.9	interchromosomal	NA	NA	NA
XP_006368768.2	XP_006381519.2	NC_037285.2	7882247	NC_037290.2	10930631	38.00	1.75e-23	93.6	interchromosomal	NA	NA	NA
XP_006368768.2	XP_024443283.1	NC_037285.2	7882247	NC_037300.2	6485177	51.28	1.84e-22	90.5	interchromosomal	NA	NA	NA
XP_006368768.2	XP_024450700.1	NC_037285.2	7882247	NC_037286.2	21787634	44.00	2.10e-21	87.8	interchromosomal	NA	NA	NA
XP_006368768.2	XP_024438829.2	NC_037285.2	7882247	NC_037297.2	7868485	37.14	2.82e-21	87.4	interchromosomal	NA	NA	NA
XP_006368768.2	XP_024454278.1	NC_037285.2	7882247	NC_037288.2	11508039	50.63	4.09e-21	87.4	interchromosomal	NA	NA	NA
XP_006368768.2	XP_024444415.2	NC_037285.2	7882247	NC_037301.2	10127356	42.71	8.68e-21	85.9	interchromosomal	NA	NA	NA
XP_006368768.2	XP_006375555.1	NC_037285.2	7882247	NC_037298.2	11864534	37.70	1.16e-20	85.1	interchromosomal	NA	NA	NA
XP_006368768.2	XP_006369893.1	NC_037285.2	7882247	NC_037285.2	36641635	32.09	4.49e-21	84.7	intrachromosomal_distant	NA	NA	NA
XP_006368768.2	XP_024436877.2	NC_037285.2	7882247	NC_037295.2	8531133	40.00	1.85e-20	83.2	interchromosomal	NA	NA	NA
XP_006368768.2	XP_024437369.2	NC_037285.2	7882247	NC_037295.2	11223426	38.98	7.78e-20	82.8	interchromosomal	NA	NA	NA
XP_006368768.2	XP_024466901.1	NC_037285.2	7882247	NC_037294.2	16611764	45.98	8.07e-20	81.3	interchromosomal	NA	NA	NA
XP_006368768.2	XP_006378014.1	NC_037285.2	7882247	NC_037295.2	19237430	45.16	1.01e-19	82.8	interchromosomal	NA	NA	NA
XP_006368768.2	XP_006389578.1	NC_037285.2	7882247	NC_037295.2	587221	40.34	3.15e-20	85.1	interchromosomal	NA	NA	NA
XP_006368768.2	XP_024455846.2	NC_037285.2	7882247	NC_037288.2	463543	40.34	6.91e-20	84.0	interchromosomal	NA	NA	NA
XP_006368768.2	XP_024440069.1	NC_037285.2	7882247	NC_037298.2	7538137	46.43	9.60e-20	83.2	interchromosomal	NA	NA	NA
XP_006368768.2	XP_024446053.1	NC_037285.2	7882247	NC_037302.2	12567397	33.11	1.86e-18	79.3	interchromosomal	NA	NA	NA
XP_006368768.2	XP_024460429.2	NC_037285.2	7882247	NC_037290.2	19088117	46.67	2.17e-18	78.6	interchromosomal	NA	NA	NA
XP_006368768.2	XP_024456867.1	NC_037285.2	7882247	NC_037289.2	5877537	39.80	4.72e-18	74.3	interchromosomal	NA	NA	NA
XP_006368768.2	XP_006371762.1	NC_037285.2	7882247	NC_037302.2	1349083	42.39	4.48e-18	76.6	interchromosomal	NA	NA	NA
XP_006368768.2	XP_006368868.2	NC_037285.2	7882247	NC_037285.2	4486450	50.88	2.12e-17	71.6	intrachromosomal_distant	NA	NA	NA
XP_006368768.2	XP_024458700.1	NC_037285.2	7882247	NC_037290.2	8094569	47.62	5.56e-18	78.2	interchromosomal	NA	NA	NA
XP_006368768.2	XP_024466667.1	NC_037285.2	7882247	NC_037285.2	21315533	50.75	1.13e-17	77.0	intrachromosomal_distant	NA	NA	NA
XP_006368768.2	XP_024446284.2	NC_037285.2	7882247	NC_037302.2	1292205	43.53	8.18e-17	74.3	interchromosomal	NA	NA	NA
XP_006368768.2	XP_006373216.1	NC_037285.2	7882247	NC_037301.2	5566257	49.12	8.92e-17	70.5	interchromosomal	NA	NA	NA
XP_006368768.2	XP_006382109.3	NC_037285.2	7882247	NC_037290.2	26029137	46.58	2.41e-16	72.4	interchromosomal	NA	NA	NA
XP_006368768.2	XP_024461002.1	NC_037285.2	7882247	NC_037291.2	10436238	37.76	3.22e-16	68.9	interchromosomal	NA	NA	NA
XP_006368768.2	XP_052303325.1	NC_037285.2	7882247	NC_037299.2	8984460	47.14	4.63e-17	75.5	interchromosomal	NA	NA	NA
XP_006368768.2	XP_024439297.1	NC_037285.2	7882247	NC_037297.2	9163560	39.78	4.34e-16	70.9	interchromosomal	NA	NA	NA
XP_006368768.2	XP_052308647.1	NC_037285.2	7882247	NC_037289.2	5998576	37.04	4.28e-16	68.9	interchromosomal	NA	NA	NA
XP_006368768.2	XP_006375168.1	NC_037285.2	7882247	NC_037298.2	3234387	32.09	2.75e-15	66.6	interchromosomal	NA	NA	NA
XP_006368768.2	XP_052305286.1	NC_037285.2	7882247	NC_037303.2	9848168	50.00	2.22e-14	65.9	interchromosomal	NA	NA	NA
XP_002297623.3	XP_024452726.1	NC_037285.2	9916385	NC_037287.2	13432844	80.66	0.00e+00	497.0	interchromosomal	NA	NA	NA
XP_002297623.3	XP_024441317.1	NC_037285.2	9916385	NC_037298.2	1460990	38.87	2.16e-53	172.0	interchromosomal	10.0	0.251	39.8371
XP_002297623.3	XP_002319082.4	NC_037285.2	9916385	NC_037297.2	2936940	73.15	3.11e-53	171.0	interchromosomal	10.0	0.2567	38.9538
XP_002297623.3	XP_002301166.2	NC_037285.2	9916385	NC_037286.2	9332683	36.23	4.18e-53	171.0	interchromosomal	10.0	0.2251	44.429
XP_002297623.3	XP_002310122.1	NC_037285.2	9916385	NC_037291.2	4339587	39.62	4.83e-53	170.0	interchromosomal	10.0	0.4652	21.4946
XP_002297623.3	XP_006382812.1	NC_037285.2	9916385	NC_037289.2	3486578	67.77	1.01e-52	170.0	interchromosomal	10.0	0.4949	20.2054
XP_002297623.3	XP_002302070.2	NC_037285.2	9916385	NC_037286.2	2846278	67.20	2.30e-52	169.0	interchromosomal	10.0	0.6278	15.9274
XP_002297623.3	XP_002306823.1	NC_037285.2	9916385	NC_037289.2	22204644	36.66	1.52e-51	167.0	interchromosomal	10.0	0.3943	25.3605
XP_002297623.3	XP_006383530.2	NC_037285.2	9916385	NC_037289.2	11313285	70.19	9.69e-51	164.0	interchromosomal	10.0	0.347	28.8211
XP_002297623.3	XP_002308998.1	NC_037285.2	9916385	NC_037290.2	5266321	36.77	2.35e-51	165.0	interchromosomal	3.5011	0.347	10.0906
XP_002297623.3	XP_002324382.1	NC_037285.2	9916385	NC_037302.2	615270	37.95	1.28e-52	169.0	interchromosomal	10.0	0.3648	27.4104
XP_002297623.3	XP_002325248.3	NC_037285.2	9916385	NC_037302.2	14435429	37.85	3.72e-52	167.0	interchromosomal	10.0	0.3904	25.6147
XP_002297623.3	XP_052301100.1	NC_037285.2	9916385	NC_037295.2	18333481	60.92	3.64e-31	115.0	interchromosomal	NA	NA	NA
XP_002297623.3	XP_024458563.1	NC_037285.2	9916385	NC_037285.2	48605799	60.92	5.01e-31	114.0	intrachromosomal_distant	NA	NA	NA
XP_002297623.3	XP_006386616.2	NC_037285.2	9916385	NC_037286.2	12590323	57.45	9.26e-31	112.0	interchromosomal	10.0	0.4141	24.1516
XP_002297623.3	XP_002305730.1	NC_037285.2	9916385	NC_037288.2	5076521	49.58	9.67e-30	107.0	interchromosomal	10.0	0.2471	40.4679
XP_002297623.3	XP_002317397.1	NC_037285.2	9916385	NC_037295.2	6182166	57.30	1.51e-29	107.0	interchromosomal	10.0	0.2635	37.9437
XP_002297623.3	XP_006375351.1	NC_037285.2	9916385	NC_037298.2	5870811	61.45	4.53e-30	110.0	interchromosomal	10.0	0.3558	28.1022
XP_002297623.3	XP_006368768.2	NC_037285.2	9916385	NC_037285.2	7882247	54.76	4.18e-26	99.0	intrachromosomal_distant	10.0	0.4053	24.6712
XP_002297623.3	XP_002303610.1	NC_037285.2	9916385	NC_037287.2	15075424	55.95	3.79e-26	99.4	interchromosomal	10.0	0.3792	26.374
XP_002297623.3	XP_052303237.1	NC_037285.2	9916385	NC_037298.2	8049826	48.54	2.04e-25	95.9	interchromosomal	NA	NA	NA
XP_002297623.3	XP_006372370.1	NC_037285.2	9916385	NC_037301.2	14784916	54.76	3.71e-25	97.4	interchromosomal	10.0	0.3746	26.6937
XP_002297623.3	XP_002301514.2	NC_037285.2	9916385	NC_037286.2	15813542	49.48	6.53e-25	94.0	interchromosomal	3.3091	0.2824	11.7193
XP_002297623.3	XP_002305271.3	NC_037285.2	9916385	NC_037288.2	6053102	52.44	9.97e-25	97.1	interchromosomal	10.0	0.339	29.4995
XP_002297623.3	XP_024438829.2	NC_037285.2	9916385	NC_037297.2	7868485	40.62	2.70e-23	93.2	interchromosomal	10.0	0.2377	42.0727
XP_002297623.3	XP_002312267.1	NC_037285.2	9916385	NC_037292.2	5739919	31.79	3.11e-23	92.4	interchromosomal	10.0	0.4408	22.684
XP_002297623.3	XP_002315024.1	NC_037285.2	9916385	NC_037294.2	16783136	48.42	3.88e-23	92.4	interchromosomal	10.0	0.3252	30.7478
XP_002297623.3	XP_024443283.1	NC_037285.2	9916385	NC_037300.2	6485177	48.28	2.00e-22	90.1	interchromosomal	10.0	0.3295	30.3467
XP_002297623.3	XP_024437369.2	NC_037285.2	9916385	NC_037295.2	11223426	48.94	3.29e-22	89.7	interchromosomal	10.0	0.5034	19.8659
XP_002297623.3	XP_002323637.2	NC_037285.2	9916385	NC_037300.2	13149873	37.88	4.13e-22	89.4	interchromosomal	4.0941	0.2197	18.6316
XP_002297623.3	XP_006371762.1	NC_037285.2	9916385	NC_037302.2	1349083	49.42	2.84e-22	88.2	interchromosomal	4.3459	0.3431	12.6651
XP_002297623.3	XP_002298853.1	NC_037285.2	9916385	NC_037285.2	37983571	47.87	8.28e-22	88.6	intrachromosomal_distant	10.0	0.5913	16.9107
XP_002297623.3	XP_024444415.2	NC_037285.2	9916385	NC_037301.2	10127356	67.24	1.87e-21	88.2	interchromosomal	10.0	0.2835	35.2672
XP_002297623.3	XP_024454278.1	NC_037285.2	9916385	NC_037288.2	11508039	65.52	2.12e-21	88.2	interchromosomal	NA	NA	NA
XP_002297623.3	XP_002302808.1	NC_037285.2	9916385	NC_037286.2	14860854	63.16	1.78e-21	87.4	interchromosomal	10.0	0.3694	27.0741
XP_002297623.3	XP_002319959.2	NC_037285.2	9916385	NC_037297.2	14908280	48.28	1.92e-21	87.4	interchromosomal	10.0	0.2326	42.9893
XP_002297623.3	XP_006381519.2	NC_037285.2	9916385	NC_037290.2	10930631	46.81	2.29e-21	87.0	interchromosomal	10.0	0.2251	44.429
XP_002297623.3	XP_024466901.1	NC_037285.2	9916385	NC_037294.2	16611764	51.43	2.05e-21	85.5	interchromosomal	NA	NA	NA
XP_002297623.3	XP_006375555.1	NC_037285.2	9916385	NC_037298.2	11864534	58.06	2.72e-21	87.0	interchromosomal	3.4413	0.3041	11.3163
XP_002297623.3	XP_006378014.1	NC_037285.2	9916385	NC_037295.2	19237430	36.00	2.98e-21	87.0	interchromosomal	10.0	0.4172	23.9684
XP_002297623.3	XP_002302140.2	NC_037285.2	9916385	NC_037286.2	4065581	59.65	1.85e-21	86.3	interchromosomal	10.0	0.339	29.4995
XP_002297623.3	XP_002326093.4	NC_037285.2	9916385	NC_037303.2	14801942	41.32	3.59e-21	86.7	interchromosomal	10.0	0.2066	48.4123
XP_002297623.3	XP_002300596.2	NC_037285.2	9916385	NC_037285.2	49579127	47.87	4.04e-21	86.7	intrachromosomal_distant	10.0	0.6293	15.89
XP_002297623.3	XP_002321134.3	NC_037285.2	9916385	NC_037298.2	10916137	62.26	4.62e-21	86.3	interchromosomal	10.0	0.2493	40.1075
XP_002297623.3	XP_002312318.2	NC_037285.2	9916385	NC_037292.2	6517252	63.79	6.81e-21	85.1	interchromosomal	10.0	0.3041	32.884
XP_002297623.3	XP_024458700.1	NC_037285.2	9916385	NC_037290.2	8094569	53.52	6.92e-21	85.9	interchromosomal	NA	NA	NA
XP_002297623.3	XP_024455846.2	NC_037285.2	9916385	NC_037288.2	463543	52.00	6.75e-21	86.7	interchromosomal	NA	NA	NA
XP_002297623.3	XP_006369893.1	NC_037285.2	9916385	NC_037285.2	36641635	59.65	5.22e-21	84.7	intrachromosomal_distant	10.0	0.3558	28.1022
XP_002297623.3	XP_002308704.1	NC_037285.2	9916385	NC_037290.2	25986082	43.68	7.00e-21	84.3	interchromosomal	10.0	0.3746	26.6937
XP_002297623.3	XP_002306743.1	NC_037285.2	9916385	NC_037289.2	20829693	59.65	7.34e-21	84.3	interchromosomal	10.0	0.2197	45.5083
XP_002297623.3	XP_002301524.3	NC_037285.2	9916385	NC_037286.2	15575016	52.24	1.41e-20	83.6	interchromosomal	3.5615	0.4408	8.079
XP_002297623.3	XP_024440069.1	NC_037285.2	9916385	NC_037298.2	7538137	59.65	1.38e-20	84.7	interchromosomal	10.0	0.3858	25.9222
XP_002297623.3	XP_024466667.1	NC_037285.2	9916385	NC_037285.2	21315533	47.50	2.03e-20	85.1	intrachromosomal_distant	NA	NA	NA
XP_002297623.3	XP_006389578.1	NC_037285.2	9916385	NC_037295.2	587221	52.00	2.49e-20	85.1	interchromosomal	10.0	0.3041	32.884
XP_002297623.3	XP_024436877.2	NC_037285.2	9916385	NC_037295.2	8531133	57.90	1.17e-20	83.6	interchromosomal	10.0	0.4408	22.684
XP_002297623.3	XP_002320967.3	NC_037285.2	9916385	NC_037298.2	7968052	52.24	2.03e-20	83.2	interchromosomal	4.7111	0.4408	10.6867
XP_002297623.3	XP_002311329.2	NC_037285.2	9916385	NC_037292.2	5865817	50.00	1.59e-20	82.8	interchromosomal	10.0	0.6872	14.5514
XP_002297623.3	XP_006368511.1	NC_037285.2	9916385	NC_037285.2	3207145	55.00	4.55e-20	82.0	intrachromosomal_distant	3.6247	0.3882	9.3374
XP_002297623.3	XP_052305286.1	NC_037285.2	9916385	NC_037303.2	9848168	40.35	5.06e-20	82.4	interchromosomal	NA	NA	NA
XP_002297623.3	XP_002303852.3	NC_037285.2	9916385	NC_037287.2	18768266	44.68	5.46e-20	81.6	interchromosomal	3.9313	0.47	8.365
XP_002297623.3	XP_024450700.1	NC_037285.2	9916385	NC_037286.2	21787634	60.38	8.57e-20	82.8	interchromosomal	3.9313	0.5648	6.9601
XP_002297623.3	XP_024460429.2	NC_037285.2	9916385	NC_037290.2	19088117	42.05	1.11e-19	82.0	interchromosomal	NA	NA	NA
XP_002297623.3	XP_002322274.1	NC_037285.2	9916385	NC_037299.2	11932322	54.84	1.12e-19	78.2	interchromosomal	10.0	0.3992	25.0524
XP_002297623.3	XP_024461002.1	NC_037285.2	9916385	NC_037291.2	10436238	38.13	1.42e-19	78.2	interchromosomal	NA	NA	NA
XP_002297623.3	XP_002309066.3	NC_037285.2	9916385	NC_037290.2	6547400	65.52	1.45e-19	80.5	interchromosomal	10.0	0.2029	49.2831
XP_002297623.3	XP_024446053.1	NC_037285.2	9916385	NC_037302.2	12567397	43.18	1.54e-19	81.6	interchromosomal	10.0	0.3222	31.0393
XP_002297623.3	XP_002314962.2	NC_037285.2	9916385	NC_037294.2	15857170	60.34	2.10e-19	80.9	interchromosomal	10.0	0.2147	46.5872
XP_002297623.3	XP_002301237.2	NC_037285.2	9916385	NC_037286.2	10431495	39.78	1.29e-19	78.2	interchromosomal	10.0	0.3558	28.1022
XP_002297623.3	XP_006375168.1	NC_037285.2	9916385	NC_037298.2	3234387	39.78	4.51e-19	77.8	interchromosomal	10.0	0.5482	18.2427
XP_002297623.3	XP_002310044.1	NC_037285.2	9916385	NC_037291.2	10243688	34.04	5.26e-19	77.4	interchromosomal	10.0	0.2958	33.8053
XP_002297623.3	XP_002324328.1	NC_037285.2	9916385	NC_037302.2	1335139	47.22	3.95e-19	78.6	interchromosomal	10.0	0.3664	27.2927
XP_002297623.3	XP_052308647.1	NC_037285.2	9916385	NC_037289.2	5998576	39.62	4.71e-19	77.4	interchromosomal	NA	NA	NA
XP_002297623.3	XP_002304549.1	NC_037285.2	9916385	NC_037287.2	15527228	44.55	7.03e-19	79.0	interchromosomal	10.0	0.347	28.8211
XP_002297623.3	XP_002304741.2	NC_037285.2	9916385	NC_037287.2	17779254	46.38	1.04e-18	75.1	interchromosomal	3.5321	0.2326	15.1844
XP_002297623.3	XP_002297983.2	NC_037285.2	9916385	NC_037285.2	7371990	43.14	8.71e-19	78.6	intrachromosomal_distant	10.0	0.3241	30.8547
XP_002297623.3	XP_002323839.4	NC_037285.2	9916385	NC_037301.2	8849889	32.08	1.57e-18	79.0	interchromosomal	10.0	0.4904	20.3897
XP_002297623.3	XP_002323509.1	NC_037285.2	9916385	NC_037300.2	10100937	63.16	1.59e-18	77.4	interchromosomal	3.4772	0.4408	7.8876
XP_002297623.3	XP_006368868.2	NC_037285.2	9916385	NC_037285.2	4486450	42.68	2.26e-18	73.9	intrachromosomal_distant	10.0	0.1885	53.0544
XP_002297623.3	XP_052303325.1	NC_037285.2	9916385	NC_037299.2	8984460	56.14	3.25e-18	79.0	interchromosomal	NA	NA	NA
XP_002297623.3	XP_002308538.1	NC_037285.2	9916385	NC_037290.2	22894958	42.70	6.70e-19	75.1	interchromosomal	10.0	0.5107	19.5826
XP_002297623.3	XP_002320160.2	NC_037285.2	9916385	NC_037298.2	5891006	37.50	3.85e-18	74.3	interchromosomal	10.0	0.5587	17.8978
XP_002297623.3	XP_006382109.3	NC_037285.2	9916385	NC_037290.2	26029137	56.14	5.95e-18	77.4	interchromosomal	10.0	0.3241	30.8547
XP_002297623.3	XP_024439297.1	NC_037285.2	9916385	NC_037297.2	9163560	44.16	9.66e-18	75.9	interchromosomal	10.0	0.3558	28.1022
XP_002297623.3	XP_002318747.1	NC_037285.2	9916385	NC_037296.2	12395944	50.00	1.10e-17	72.8	interchromosomal	10.0	0.2326	42.9893
XP_002297623.3	XP_024446284.2	NC_037285.2	9916385	NC_037302.2	1292205	57.90	1.58e-17	75.9	interchromosomal	10.0	0.2567	38.9538
XP_002297623.3	XP_002300120.2	NC_037285.2	9916385	NC_037285.2	33712941	47.37	1.68e-17	72.4	intrachromosomal_distant	10.0	0.3138	31.8698
XP_002297623.3	XP_024456867.1	NC_037285.2	9916385	NC_037289.2	5877537	43.75	5.61e-18	73.6	interchromosomal	NA	NA	NA
XP_002297623.3	XP_006373216.1	NC_037285.2	9916385	NC_037301.2	5566257	48.39	2.29e-17	72.0	interchromosomal	4.4861	0.1693	26.5049
XP_002297623.3	XP_002318373.2	NC_037285.2	9916385	NC_037296.2	911247	55.00	4.01e-17	73.9	interchromosomal	10.0	0.4082	24.4962
XP_002297623.3	XP_002301377.2	NC_037285.2	9916385	NC_037286.2	12619400	50.73	9.42e-17	70.5	interchromosomal	10.0	0.2795	35.7773
XP_002297623.3	XP_002320852.4	NC_037285.2	9916385	NC_037298.2	6296630	44.58	1.74e-16	72.0	interchromosomal	10.0	0.4204	23.7851
XP_002297623.3	XP_002302620.1	NC_037285.2	9916385	NC_037286.2	12950333	39.13	1.03e-15	69.7	interchromosomal	10.0	0.3746	26.6937
XP_002297623.3	XP_002319879.4	NC_037285.2	9916385	NC_037297.2	9153347	42.10	3.44e-13	62.0	interchromosomal	10.0	0.4834	20.6866
XP_002297623.3	XP_024452203.2	NC_037285.2	9916385	NC_037287.2	21584780	47.54	7.06e-13	57.8	interchromosomal	NA	NA	NA
XP_002297623.3	XP_002309186.4	NC_037285.2	9916385	NC_037290.2	8482325	33.63	9.56e-13	60.8	interchromosomal	10.0	0.3431	29.1425
XP_002297623.3	XP_002323675.2	NC_037285.2	9916385	NC_037300.2	14139186	37.93	9.55e-12	57.8	interchromosomal	3.2958	0.2635	12.5056
XP_002297623.3	XP_006368530.1	NC_037285.2	9916385	NC_037285.2	159614	42.62	5.23e-11	52.0	intrachromosomal_distant	2.8796	0.2635	10.9262
XP_024466667.1	XP_052303325.1	NC_037285.2	21315533	NC_037299.2	8984460	64.56	3.47e-50	176.0	interchromosomal	NA	NA	NA
XP_024466667.1	XP_052303237.1	NC_037285.2	21315533	NC_037298.2	8049826	59.02	2.77e-21	86.7	interchromosomal	NA	NA	NA
XP_024466667.1	XP_024466901.1	NC_037285.2	21315533	NC_037294.2	16611764	37.50	4.15e-20	83.6	interchromosomal	NA	NA	NA
XP_024466667.1	XP_052301100.1	NC_037285.2	21315533	NC_037295.2	18333481	53.73	7.46e-20	85.1	interchromosomal	NA	NA	NA
XP_024466667.1	XP_052308647.1	NC_037285.2	21315533	NC_037289.2	5998576	41.18	1.14e-18	78.2	interchromosomal	NA	NA	NA
XP_024466667.1	XP_052305286.1	NC_037285.2	21315533	NC_037303.2	9848168	51.72	4.91e-12	60.1	interchromosomal	NA	NA	NA
XP_002300120.2	XP_006373216.1	NC_037285.2	33712941	NC_037301.2	5566257	81.82	2.76e-105	293.0	interchromosomal	NA	NA	NA
XP_002300120.2	XP_002304741.2	NC_037285.2	33712941	NC_037287.2	17779254	68.90	1.39e-76	220.0	interchromosomal	NA	NA	NA
XP_002300120.2	XP_006368868.2	NC_037285.2	33712941	NC_037285.2	4486450	65.24	8.95e-76	218.0	intrachromosomal_distant	NA	NA	NA
XP_002300120.2	XP_002318747.1	NC_037285.2	33712941	NC_037296.2	12395944	54.26	1.01e-57	173.0	interchromosomal	NA	NA	NA
XP_002300120.2	XP_002322274.1	NC_037285.2	33712941	NC_037299.2	11932322	52.94	7.56e-57	171.0	interchromosomal	NA	NA	NA
XP_002300120.2	XP_002320160.2	NC_037285.2	33712941	NC_037298.2	5891006	58.33	2.01e-48	149.0	interchromosomal	NA	NA	NA
XP_002300120.2	XP_002301377.2	NC_037285.2	33712941	NC_037286.2	12619400	59.35	9.31e-47	145.0	interchromosomal	NA	NA	NA
XP_002300120.2	XP_024466901.1	NC_037285.2	33712941	NC_037294.2	16611764	64.71	3.53e-39	129.0	interchromosomal	NA	NA	NA
XP_002300120.2	XP_002301524.3	NC_037285.2	33712941	NC_037286.2	15575016	55.17	8.08e-39	127.0	interchromosomal	NA	NA	NA
XP_002300120.2	XP_002311329.2	NC_037285.2	33712941	NC_037292.2	5865817	65.85	1.75e-38	127.0	interchromosomal	NA	NA	NA
XP_002300120.2	XP_002312318.2	NC_037285.2	33712941	NC_037292.2	6517252	65.00	8.90e-38	127.0	interchromosomal	NA	NA	NA
XP_002300120.2	XP_002320967.3	NC_037285.2	33712941	NC_037298.2	7968052	54.31	1.87e-37	125.0	interchromosomal	NA	NA	NA
XP_002300120.2	XP_006375168.1	NC_037285.2	33712941	NC_037298.2	3234387	60.23	2.31e-37	122.0	interchromosomal	NA	NA	NA
XP_002300120.2	XP_002301237.2	NC_037285.2	33712941	NC_037286.2	10431495	60.23	3.50e-37	121.0	interchromosomal	NA	NA	NA
XP_002300120.2	XP_052308647.1	NC_037285.2	33712941	NC_037289.2	5998576	51.85	1.94e-36	120.0	interchromosomal	NA	NA	NA
XP_002300120.2	XP_002314962.2	NC_037285.2	33712941	NC_037294.2	15857170	67.57	8.68e-36	122.0	interchromosomal	NA	NA	NA
XP_002300120.2	XP_002310044.1	NC_037285.2	33712941	NC_037291.2	10243688	60.49	1.13e-35	118.0	interchromosomal	NA	NA	NA
XP_002300120.2	XP_024436877.2	NC_037285.2	33712941	NC_037295.2	8531133	62.02	8.31e-35	118.0	interchromosomal	NA	NA	NA
XP_002300120.2	XP_002326093.4	NC_037285.2	33712941	NC_037303.2	14801942	48.74	4.08e-34	120.0	interchromosomal	NA	NA	NA
XP_002300120.2	XP_006369893.1	NC_037285.2	33712941	NC_037285.2	36641635	67.12	3.43e-34	117.0	intrachromosomal_distant	NA	NA	NA
XP_002300120.2	XP_002319959.2	NC_037285.2	33712941	NC_037297.2	14908280	47.06	2.62e-33	117.0	interchromosomal	NA	NA	NA
XP_002300120.2	XP_024454278.1	NC_037285.2	33712941	NC_037288.2	11508039	62.82	7.71e-33	116.0	interchromosomal	NA	NA	NA
XP_002300120.2	XP_024444415.2	NC_037285.2	33712941	NC_037301.2	10127356	62.82	1.01e-32	115.0	interchromosomal	NA	NA	NA
XP_002300120.2	XP_002302140.2	NC_037285.2	33712941	NC_037286.2	4065581	63.89	8.10e-32	110.0	interchromosomal	NA	NA	NA
XP_002300120.2	XP_002306743.1	NC_037285.2	33712941	NC_037289.2	20829693	63.89	1.22e-31	110.0	interchromosomal	NA	NA	NA
XP_002300120.2	XP_002300596.2	NC_037285.2	33712941	NC_037285.2	49579127	60.26	2.88e-31	112.0	intrachromosomal_distant	NA	NA	NA
XP_002300120.2	XP_002323637.2	NC_037285.2	33712941	NC_037300.2	13149873	45.16	3.22e-31	111.0	interchromosomal	NA	NA	NA
XP_002300120.2	XP_024437369.2	NC_037285.2	33712941	NC_037295.2	11223426	60.26	3.45e-31	111.0	interchromosomal	NA	NA	NA
XP_002300120.2	XP_006378014.1	NC_037285.2	33712941	NC_037295.2	19237430	60.26	4.04e-31	111.0	interchromosomal	NA	NA	NA
XP_002300120.2	XP_002315024.1	NC_037285.2	33712941	NC_037294.2	16783136	52.81	1.22e-30	109.0	interchromosomal	NA	NA	NA
XP_002300120.2	XP_002308538.1	NC_037285.2	33712941	NC_037290.2	22894958	59.72	3.45e-30	102.0	interchromosomal	NA	NA	NA
XP_002300120.2	XP_024438829.2	NC_037285.2	33712941	NC_037297.2	7868485	51.04	7.23e-30	108.0	interchromosomal	NA	NA	NA
XP_002300120.2	XP_024458700.1	NC_037285.2	33712941	NC_037290.2	8094569	42.42	1.12e-29	107.0	interchromosomal	NA	NA	NA
XP_002300120.2	XP_002312267.1	NC_037285.2	33712941	NC_037292.2	5739919	50.56	9.55e-29	104.0	interchromosomal	NA	NA	NA
XP_002300120.2	XP_006375555.1	NC_037285.2	33712941	NC_037298.2	11864534	59.72	2.27e-28	103.0	interchromosomal	NA	NA	NA
XP_002300120.2	XP_006381519.2	NC_037285.2	33712941	NC_037290.2	10930631	37.31	1.74e-27	100.0	interchromosomal	NA	NA	NA
XP_002300120.2	XP_024456867.1	NC_037285.2	33712941	NC_037289.2	5877537	51.43	9.46e-28	97.4	interchromosomal	NA	NA	NA
XP_002300120.2	XP_024455846.2	NC_037285.2	33712941	NC_037288.2	463543	47.13	1.02e-26	99.0	interchromosomal	NA	NA	NA
XP_002300120.2	XP_002302808.1	NC_037285.2	33712941	NC_037286.2	14860854	41.28	1.04e-26	98.6	interchromosomal	NA	NA	NA
XP_002300120.2	XP_024461002.1	NC_037285.2	33712941	NC_037291.2	10436238	52.86	4.73e-27	95.1	interchromosomal	NA	NA	NA
XP_002300120.2	XP_002321134.3	NC_037285.2	33712941	NC_037298.2	10916137	51.25	3.77e-26	97.4	interchromosomal	NA	NA	NA
XP_002300120.2	XP_006389578.1	NC_037285.2	33712941	NC_037295.2	587221	47.13	5.45e-26	97.1	interchromosomal	NA	NA	NA
XP_002300120.2	XP_024443283.1	NC_037285.2	33712941	NC_037300.2	6485177	43.96	6.99e-26	96.3	interchromosomal	NA	NA	NA
XP_002300120.2	XP_024440069.1	NC_037285.2	33712941	NC_037298.2	7538137	42.73	8.34e-26	96.3	interchromosomal	NA	NA	NA
XP_002300120.2	XP_024450700.1	NC_037285.2	33712941	NC_037286.2	21787634	51.25	1.81e-25	95.5	interchromosomal	NA	NA	NA
XP_002300120.2	XP_002309066.3	NC_037285.2	33712941	NC_037290.2	6547400	50.62	2.53e-25	92.8	interchromosomal	NA	NA	NA
XP_002300120.2	XP_024466667.1	NC_037285.2	33712941	NC_037285.2	21315533	51.32	7.94e-25	93.6	intrachromosomal_distant	NA	NA	NA
XP_002300120.2	XP_002323509.1	NC_037285.2	33712941	NC_037300.2	10100937	50.62	2.03e-24	90.5	interchromosomal	NA	NA	NA
XP_002300120.2	XP_002323839.4	NC_037285.2	33712941	NC_037301.2	8849889	45.00	3.90e-23	88.6	interchromosomal	NA	NA	NA
XP_002300120.2	XP_024446053.1	NC_037285.2	33712941	NC_037302.2	12567397	46.15	7.74e-23	87.8	interchromosomal	NA	NA	NA
XP_002300120.2	XP_052303325.1	NC_037285.2	33712941	NC_037299.2	8984460	47.37	2.94e-22	86.3	interchromosomal	NA	NA	NA
XP_002300120.2	XP_024460429.2	NC_037285.2	33712941	NC_037290.2	19088117	42.57	2.98e-22	86.3	interchromosomal	NA	NA	NA
XP_002300120.2	XP_006368511.1	NC_037285.2	33712941	NC_037285.2	3207145	44.21	3.54e-21	82.0	intrachromosomal_distant	NA	NA	NA
XP_002300120.2	XP_002303852.3	NC_037285.2	33712941	NC_037287.2	18768266	54.10	7.83e-21	81.6	interchromosomal	NA	NA	NA
XP_002300120.2	XP_006382109.3	NC_037285.2	33712941	NC_037290.2	26029137	43.02	1.46e-20	81.3	interchromosomal	NA	NA	NA
XP_002300120.2	XP_024441317.1	NC_037285.2	33712941	NC_037298.2	1460990	30.41	5.95e-20	79.0	interchromosomal	NA	NA	NA
XP_002300120.2	XP_002324328.1	NC_037285.2	33712941	NC_037302.2	1335139	53.33	5.52e-20	78.6	interchromosomal	NA	NA	NA
XP_002300120.2	XP_002306823.1	NC_037285.2	33712941	NC_037289.2	22204644	37.37	8.71e-20	78.6	interchromosomal	NA	NA	NA
XP_002300120.2	XP_024446284.2	NC_037285.2	33712941	NC_037302.2	1292205	44.44	1.31e-19	78.6	interchromosomal	NA	NA	NA
XP_002300120.2	XP_006371762.1	NC_037285.2	33712941	NC_037302.2	1349083	51.67	1.69e-19	78.2	interchromosomal	NA	NA	NA
XP_002300120.2	XP_002302070.2	NC_037285.2	33712941	NC_037286.2	2846278	37.37	1.53e-19	77.8	interchromosomal	NA	NA	NA
XP_002300120.2	XP_002324382.1	NC_037285.2	33712941	NC_037302.2	615270	43.90	2.13e-19	77.4	interchromosomal	NA	NA	NA
XP_002300120.2	XP_002318373.2	NC_037285.2	33712941	NC_037296.2	911247	56.67	3.44e-19	77.0	interchromosomal	NA	NA	NA
XP_002300120.2	XP_002320852.4	NC_037285.2	33712941	NC_037298.2	6296630	41.58	5.14e-19	76.3	interchromosomal	NA	NA	NA
XP_002300120.2	XP_002309186.4	NC_037285.2	33712941	NC_037290.2	8482325	34.13	5.18e-19	76.3	interchromosomal	NA	NA	NA
XP_002300120.2	XP_002304549.1	NC_037285.2	33712941	NC_037287.2	15527228	57.63	2.21e-18	74.3	interchromosomal	NA	NA	NA
XP_002300120.2	XP_002308998.1	NC_037285.2	33712941	NC_037290.2	5266321	40.24	3.30e-18	73.6	interchromosomal	NA	NA	NA
XP_002300120.2	XP_006383530.2	NC_037285.2	33712941	NC_037289.2	11313285	40.48	4.15e-18	73.6	interchromosomal	NA	NA	NA
XP_002300120.2	XP_006382812.1	NC_037285.2	33712941	NC_037289.2	3486578	31.82	4.47e-18	73.6	interchromosomal	NA	NA	NA
XP_002300120.2	XP_002308704.1	NC_037285.2	33712941	NC_037290.2	25986082	38.00	4.87e-18	73.9	interchromosomal	NA	NA	NA
XP_002300120.2	XP_052303237.1	NC_037285.2	33712941	NC_037298.2	8049826	51.72	7.80e-18	72.0	interchromosomal	NA	NA	NA
XP_002300120.2	XP_002302620.1	NC_037285.2	33712941	NC_037286.2	12950333	40.59	9.53e-18	72.8	interchromosomal	NA	NA	NA
XP_002300120.2	XP_006372370.1	NC_037285.2	33712941	NC_037301.2	14784916	39.08	1.06e-17	72.8	interchromosomal	NA	NA	NA
XP_002300120.2	XP_002310122.1	NC_037285.2	33712941	NC_037291.2	4339587	40.48	1.08e-17	72.4	interchromosomal	NA	NA	NA
XP_002300120.2	XP_002301166.2	NC_037285.2	33712941	NC_037286.2	9332683	34.51	1.14e-17	72.4	interchromosomal	NA	NA	NA
XP_002300120.2	XP_002325248.3	NC_037285.2	33712941	NC_037302.2	14435429	39.02	1.43e-17	71.6	interchromosomal	NA	NA	NA
XP_002300120.2	XP_006368768.2	NC_037285.2	33712941	NC_037285.2	7882247	35.35	1.96e-17	71.6	intrachromosomal_distant	NA	NA	NA
XP_002300120.2	XP_002301514.2	NC_037285.2	33712941	NC_037286.2	15813542	51.72	3.19e-17	70.1	interchromosomal	NA	NA	NA
XP_002300120.2	XP_002305730.1	NC_037285.2	33712941	NC_037288.2	5076521	33.61	3.87e-17	70.1	interchromosomal	NA	NA	NA
XP_002300120.2	XP_052301100.1	NC_037285.2	33712941	NC_037295.2	18333481	36.79	4.99e-17	70.9	interchromosomal	NA	NA	NA
XP_002300120.2	XP_052305286.1	NC_037285.2	33712941	NC_037303.2	9848168	54.24	7.65e-17	71.2	interchromosomal	NA	NA	NA
XP_002300120.2	XP_002305271.3	NC_037285.2	33712941	NC_037288.2	6053102	45.16	6.66e-17	70.5	interchromosomal	NA	NA	NA
XP_002300120.2	XP_024439297.1	NC_037285.2	33712941	NC_037297.2	9163560	52.54	1.39e-16	70.5	interchromosomal	NA	NA	NA
XP_002300120.2	XP_002319082.4	NC_037285.2	33712941	NC_037297.2	2936940	36.46	7.66e-17	70.1	interchromosomal	NA	NA	NA
XP_002300120.2	XP_024452726.1	NC_037285.2	33712941	NC_037287.2	13432844	42.68	1.22e-16	69.3	interchromosomal	NA	NA	NA
XP_002300120.2	XP_002317397.1	NC_037285.2	33712941	NC_037295.2	6182166	44.12	8.31e-17	69.7	interchromosomal	NA	NA	NA
XP_002300120.2	XP_002319879.4	NC_037285.2	33712941	NC_037297.2	9153347	39.58	2.69e-16	68.6	interchromosomal	NA	NA	NA
XP_002300120.2	XP_024458563.1	NC_037285.2	33712941	NC_037285.2	48605799	48.28	6.35e-16	68.9	intrachromosomal_distant	NA	NA	NA
XP_002300120.2	XP_006375351.1	NC_037285.2	33712941	NC_037298.2	5870811	45.90	3.92e-16	68.9	interchromosomal	NA	NA	NA
XP_002300120.2	XP_006386616.2	NC_037285.2	33712941	NC_037286.2	12590323	45.90	4.52e-16	68.9	interchromosomal	NA	NA	NA
XP_002300120.2	XP_002303610.1	NC_037285.2	33712941	NC_037287.2	15075424	45.61	5.79e-15	65.5	interchromosomal	NA	NA	NA
XP_002300120.2	XP_002323675.2	NC_037285.2	33712941	NC_037300.2	14139186	47.06	2.60e-16	69.3	interchromosomal	NA	NA	NA
XP_002300120.2	XP_006368530.1	NC_037285.2	33712941	NC_037285.2	159614	33.77	4.16e-11	51.6	intrachromosomal_distant	NA	NA	NA
XP_006369893.1	XP_024436877.2	NC_037285.2	36641635	NC_037295.2	8531133	82.17	9.89e-168	461.0	interchromosomal	NA	NA	NA
XP_006369893.1	XP_024466901.1	NC_037285.2	36641635	NC_037294.2	16611764	48.08	2.65e-50	162.0	interchromosomal	NA	NA	NA
XP_006369893.1	XP_006375168.1	NC_037285.2	36641635	NC_037298.2	3234387	64.77	1.73e-37	127.0	interchromosomal	NA	NA	NA
XP_006369893.1	XP_006373216.1	NC_037285.2	36641635	NC_037301.2	5566257	69.86	6.98e-36	121.0	interchromosomal	NA	NA	NA
XP_006369893.1	XP_052308647.1	NC_037285.2	36641635	NC_037289.2	5998576	65.43	4.40e-35	120.0	interchromosomal	NA	NA	NA
XP_006369893.1	XP_024444415.2	NC_037285.2	36641635	NC_037301.2	10127356	33.20	3.87e-32	118.0	interchromosomal	NA	NA	NA
XP_006369893.1	XP_024454278.1	NC_037285.2	36641635	NC_037288.2	11508039	60.49	2.06e-31	116.0	interchromosomal	NA	NA	NA
XP_006369893.1	XP_024437369.2	NC_037285.2	36641635	NC_037295.2	11223426	63.64	2.28e-31	115.0	interchromosomal	NA	NA	NA
XP_006369893.1	XP_006375555.1	NC_037285.2	36641635	NC_037298.2	11864534	65.33	7.27e-31	114.0	interchromosomal	NA	NA	NA
XP_006369893.1	XP_006378014.1	NC_037285.2	36641635	NC_037295.2	19237430	61.73	1.11e-30	114.0	interchromosomal	NA	NA	NA
XP_006369893.1	XP_024461002.1	NC_037285.2	36641635	NC_037291.2	10436238	42.52	5.34e-30	106.0	interchromosomal	NA	NA	NA
XP_006369893.1	XP_024456867.1	NC_037285.2	36641635	NC_037289.2	5877537	51.58	9.94e-30	105.0	interchromosomal	NA	NA	NA
XP_006369893.1	XP_006381519.2	NC_037285.2	36641635	NC_037290.2	10930631	54.26	2.69e-29	109.0	interchromosomal	NA	NA	NA
XP_006369893.1	XP_024438829.2	NC_037285.2	36641635	NC_037297.2	7868485	60.53	5.92e-29	109.0	interchromosomal	NA	NA	NA
XP_006369893.1	XP_024458700.1	NC_037285.2	36641635	NC_037290.2	8094569	42.14	1.02e-28	108.0	interchromosomal	NA	NA	NA
XP_006369893.1	XP_024443283.1	NC_037285.2	36641635	NC_037300.2	6485177	57.90	1.92e-28	107.0	interchromosomal	NA	NA	NA
XP_006369893.1	XP_024455846.2	NC_037285.2	36641635	NC_037288.2	463543	36.65	7.93e-27	103.0	interchromosomal	NA	NA	NA
XP_006369893.1	XP_006389578.1	NC_037285.2	36641635	NC_037295.2	587221	46.88	4.44e-24	96.3	interchromosomal	NA	NA	NA
XP_006369893.1	XP_024466667.1	NC_037285.2	36641635	NC_037285.2	21315533	42.61	9.74e-25	97.8	intrachromosomal_distant	NA	NA	NA
XP_006369893.1	XP_024450700.1	NC_037285.2	36641635	NC_037286.2	21787634	38.97	1.81e-23	93.6	interchromosomal	NA	NA	NA
XP_006369893.1	XP_024440069.1	NC_037285.2	36641635	NC_037298.2	7538137	46.94	3.36e-24	95.9	interchromosomal	NA	NA	NA
XP_006369893.1	XP_052303325.1	NC_037285.2	36641635	NC_037299.2	8984460	46.00	8.10e-24	95.5	interchromosomal	NA	NA	NA
XP_006369893.1	XP_024460429.2	NC_037285.2	36641635	NC_037290.2	19088117	41.48	6.97e-23	91.7	interchromosomal	NA	NA	NA
XP_006369893.1	XP_024446053.1	NC_037285.2	36641635	NC_037302.2	12567397	43.56	4.62e-22	89.7	interchromosomal	NA	NA	NA
XP_006369893.1	XP_024452726.1	NC_037285.2	36641635	NC_037287.2	13432844	41.35	6.41e-22	87.0	interchromosomal	NA	NA	NA
XP_006369893.1	XP_052301100.1	NC_037285.2	36641635	NC_037295.2	18333481	57.38	1.26e-21	87.8	interchromosomal	NA	NA	NA
XP_006369893.1	XP_006371762.1	NC_037285.2	36641635	NC_037302.2	1349083	57.63	1.39e-21	86.3	interchromosomal	NA	NA	NA
XP_006369893.1	XP_024458563.1	NC_037285.2	36641635	NC_037285.2	48605799	48.10	1.95e-21	87.0	intrachromosomal_distant	NA	NA	NA
XP_006369893.1	XP_006383530.2	NC_037285.2	36641635	NC_037289.2	11313285	36.77	4.06e-21	85.1	interchromosomal	NA	NA	NA
XP_006369893.1	XP_006375351.1	NC_037285.2	36641635	NC_037298.2	5870811	48.35	2.88e-21	85.9	interchromosomal	NA	NA	NA
XP_006369893.1	XP_024441317.1	NC_037285.2	36641635	NC_037298.2	1460990	34.06	7.15e-21	84.7	interchromosomal	NA	NA	NA
XP_006369893.1	XP_006372370.1	NC_037285.2	36641635	NC_037301.2	14784916	48.15	1.32e-20	84.3	interchromosomal	NA	NA	NA
XP_006369893.1	XP_006386616.2	NC_037285.2	36641635	NC_037286.2	12590323	57.38	1.47e-20	84.0	interchromosomal	NA	NA	NA
XP_006369893.1	XP_052303237.1	NC_037285.2	36641635	NC_037298.2	8049826	60.00	1.98e-20	82.0	interchromosomal	NA	NA	NA
XP_006369893.1	XP_006382109.3	NC_037285.2	36641635	NC_037290.2	26029137	40.20	3.99e-20	83.2	interchromosomal	NA	NA	NA
XP_006369893.1	XP_006382812.1	NC_037285.2	36641635	NC_037289.2	3486578	36.84	9.86e-20	81.3	interchromosomal	NA	NA	NA
XP_006369893.1	XP_024446284.2	NC_037285.2	36641635	NC_037302.2	1292205	45.16	2.28e-19	80.9	interchromosomal	NA	NA	NA
XP_006369893.1	XP_024452203.2	NC_037285.2	36641635	NC_037287.2	21584780	39.78	1.18e-16	68.6	interchromosomal	NA	NA	NA
XP_006369893.1	XP_024439297.1	NC_037285.2	36641635	NC_037297.2	9163560	47.69	4.27e-15	67.8	interchromosomal	NA	NA	NA
XP_006369893.1	XP_052305286.1	NC_037285.2	36641635	NC_037303.2	9848168	46.15	6.90e-15	67.8	interchromosomal	NA	NA	NA
XP_002298853.1	XP_024437369.2	NC_037285.2	37983571	NC_037295.2	11223426	84.22	0.00e+00	953.0	interchromosomal	NA	NA	NA
XP_002298853.1	XP_006378014.1	NC_037285.2	37983571	NC_037295.2	19237430	39.58	3.26e-104	322.0	interchromosomal	NA	NA	NA
XP_002298853.1	XP_002300596.2	NC_037285.2	37983571	NC_037285.2	49579127	43.57	6.30e-100	312.0	intrachromosomal_distant	NA	NA	NA
XP_002298853.1	XP_024438829.2	NC_037285.2	37983571	NC_037297.2	7868485	41.72	3.94e-98	307.0	interchromosomal	NA	NA	NA
XP_002298853.1	XP_002319959.2	NC_037285.2	37983571	NC_037297.2	14908280	44.27	2.64e-105	322.0	interchromosomal	NA	NA	NA
XP_002298853.1	XP_002326093.4	NC_037285.2	37983571	NC_037303.2	14801942	43.07	5.49e-100	308.0	interchromosomal	NA	NA	NA
XP_002298853.1	XP_024454278.1	NC_037285.2	37983571	NC_037288.2	11508039	40.00	6.70e-91	283.0	interchromosomal	NA	NA	NA
XP_002298853.1	XP_024444415.2	NC_037285.2	37983571	NC_037301.2	10127356	36.88	1.77e-88	276.0	interchromosomal	NA	NA	NA
XP_002298853.1	XP_002323637.2	NC_037285.2	37983571	NC_037300.2	13149873	41.79	1.54e-93	291.0	interchromosomal	NA	NA	NA
XP_002298853.1	XP_002315024.1	NC_037285.2	37983571	NC_037294.2	16783136	45.63	1.57e-85	267.0	interchromosomal	NA	NA	NA
XP_002298853.1	XP_024458700.1	NC_037285.2	37983571	NC_037290.2	8094569	43.02	1.31e-90	282.0	interchromosomal	NA	NA	NA
XP_002298853.1	XP_006375555.1	NC_037285.2	37983571	NC_037298.2	11864534	47.35	6.44e-84	263.0	interchromosomal	NA	NA	NA
XP_002298853.1	XP_002312267.1	NC_037285.2	37983571	NC_037292.2	5739919	44.67	2.20e-83	261.0	interchromosomal	NA	NA	NA
XP_002298853.1	XP_024443283.1	NC_037285.2	37983571	NC_037300.2	6485177	47.98	1.68e-76	243.0	interchromosomal	NA	NA	NA
XP_002298853.1	XP_006381519.2	NC_037285.2	37983571	NC_037290.2	10930631	45.22	2.16e-76	243.0	interchromosomal	NA	NA	NA
XP_002298853.1	XP_024460429.2	NC_037285.2	37983571	NC_037290.2	19088117	38.54	4.42e-53	182.0	interchromosomal	NA	NA	NA
XP_002298853.1	XP_024446053.1	NC_037285.2	37983571	NC_037302.2	12567397	39.92	5.65e-51	176.0	interchromosomal	NA	NA	NA
XP_002298853.1	XP_006382109.3	NC_037285.2	37983571	NC_037290.2	26029137	34.85	3.30e-43	154.0	interchromosomal	NA	NA	NA
XP_002298853.1	XP_024446284.2	NC_037285.2	37983571	NC_037302.2	1292205	35.36	8.22e-41	147.0	interchromosomal	NA	NA	NA
XP_002298853.1	XP_006375168.1	NC_037285.2	37983571	NC_037298.2	3234387	46.77	2.53e-33	120.0	interchromosomal	NA	NA	NA
XP_002298853.1	XP_002301237.2	NC_037285.2	37983571	NC_037286.2	10431495	59.77	2.79e-32	116.0	interchromosomal	NA	NA	NA
XP_002298853.1	XP_002312318.2	NC_037285.2	37983571	NC_037292.2	6517252	64.63	3.91e-32	120.0	interchromosomal	NA	NA	NA
XP_002298853.1	XP_006368868.2	NC_037285.2	37983571	NC_037285.2	4486450	57.14	5.85e-32	114.0	intrachromosomal_distant	NA	NA	NA
XP_002298853.1	XP_052308647.1	NC_037285.2	37983571	NC_037289.2	5998576	56.82	7.31e-32	116.0	interchromosomal	NA	NA	NA
XP_002298853.1	XP_024436877.2	NC_037285.2	37983571	NC_037295.2	8531133	54.81	2.16e-32	119.0	interchromosomal	NA	NA	NA
XP_002298853.1	XP_002310044.1	NC_037285.2	37983571	NC_037291.2	10243688	60.53	9.78e-32	115.0	interchromosomal	NA	NA	NA
XP_002298853.1	XP_002304741.2	NC_037285.2	37983571	NC_037287.2	17779254	58.02	1.51e-31	112.0	interchromosomal	NA	NA	NA
XP_002298853.1	XP_002306743.1	NC_037285.2	37983571	NC_037289.2	20829693	57.61	2.58e-31	116.0	interchromosomal	NA	NA	NA
XP_002298853.1	XP_002302140.2	NC_037285.2	37983571	NC_037286.2	4065581	57.61	2.23e-31	116.0	interchromosomal	NA	NA	NA
XP_002298853.1	XP_024466901.1	NC_037285.2	37983571	NC_037294.2	16611764	65.79	9.77e-31	114.0	interchromosomal	NA	NA	NA
XP_002298853.1	XP_002311329.2	NC_037285.2	37983571	NC_037292.2	5865817	65.79	1.59e-30	113.0	interchromosomal	NA	NA	NA
XP_002298853.1	XP_002318747.1	NC_037285.2	37983571	NC_037296.2	12395944	50.00	6.09e-30	109.0	interchromosomal	NA	NA	NA
XP_002298853.1	XP_006373216.1	NC_037285.2	37983571	NC_037301.2	5566257	50.52	3.52e-32	114.0	interchromosomal	NA	NA	NA
XP_002298853.1	XP_002308538.1	NC_037285.2	37983571	NC_037290.2	22894958	62.86	8.56e-30	108.0	interchromosomal	NA	NA	NA
XP_002298853.1	XP_002301524.3	NC_037285.2	37983571	NC_037286.2	15575016	62.34	1.60e-29	112.0	interchromosomal	NA	NA	NA
XP_002298853.1	XP_002314962.2	NC_037285.2	37983571	NC_037294.2	15857170	64.47	1.29e-29	113.0	interchromosomal	NA	NA	NA
XP_002298853.1	XP_002322274.1	NC_037285.2	37983571	NC_037299.2	11932322	60.49	1.82e-29	107.0	interchromosomal	NA	NA	NA
XP_002298853.1	XP_002320967.3	NC_037285.2	37983571	NC_037298.2	7968052	56.38	7.72e-30	112.0	interchromosomal	NA	NA	NA
XP_002298853.1	XP_002300120.2	NC_037285.2	37983571	NC_037285.2	33712941	60.26	5.38e-31	110.0	intrachromosomal_distant	NA	NA	NA
XP_002298853.1	XP_024461002.1	NC_037285.2	37983571	NC_037291.2	10436238	54.67	7.58e-28	102.0	interchromosomal	NA	NA	NA
XP_002298853.1	XP_002320160.2	NC_037285.2	37983571	NC_037298.2	5891006	57.14	1.94e-26	99.8	interchromosomal	NA	NA	NA
XP_002298853.1	XP_002302808.1	NC_037285.2	37983571	NC_037286.2	14860854	54.22	2.31e-26	105.0	interchromosomal	NA	NA	NA
XP_002298853.1	XP_024440069.1	NC_037285.2	37983571	NC_037298.2	7538137	55.68	4.63e-27	107.0	interchromosomal	NA	NA	NA
XP_002298853.1	XP_002321134.3	NC_037285.2	37983571	NC_037298.2	10916137	57.50	5.51e-26	105.0	interchromosomal	NA	NA	NA
XP_002298853.1	XP_002301377.2	NC_037285.2	37983571	NC_037286.2	12619400	57.14	7.29e-26	98.2	interchromosomal	NA	NA	NA
XP_002298853.1	XP_024456867.1	NC_037285.2	37983571	NC_037289.2	5877537	54.80	6.30e-27	100.0	interchromosomal	NA	NA	NA
XP_002298853.1	XP_024455846.2	NC_037285.2	37983571	NC_037288.2	463543	56.25	3.07e-26	105.0	interchromosomal	NA	NA	NA
XP_002298853.1	XP_006389578.1	NC_037285.2	37983571	NC_037295.2	587221	56.25	8.72e-26	104.0	interchromosomal	NA	NA	NA
XP_002298853.1	XP_052303325.1	NC_037285.2	37983571	NC_037299.2	8984460	46.60	8.72e-26	104.0	interchromosomal	NA	NA	NA
XP_002298853.1	XP_024466667.1	NC_037285.2	37983571	NC_037285.2	21315533	43.12	2.94e-25	102.0	intrachromosomal_distant	NA	NA	NA
XP_002298853.1	XP_024450700.1	NC_037285.2	37983571	NC_037286.2	21787634	50.00	2.05e-24	100.0	interchromosomal	NA	NA	NA
XP_002298853.1	XP_002310122.1	NC_037285.2	37983571	NC_037291.2	4339587	54.32	1.80e-24	97.1	interchromosomal	NA	NA	NA
XP_002298853.1	XP_002323839.4	NC_037285.2	37983571	NC_037301.2	8849889	53.09	6.34e-25	101.0	interchromosomal	NA	NA	NA
XP_002298853.1	XP_006383530.2	NC_037285.2	37983571	NC_037289.2	11313285	40.65	5.05e-24	95.5	interchromosomal	NA	NA	NA
XP_002298853.1	XP_006371762.1	NC_037285.2	37983571	NC_037302.2	1349083	60.00	2.30e-23	93.2	interchromosomal	NA	NA	NA
XP_002298853.1	XP_002306823.1	NC_037285.2	37983571	NC_037289.2	22204644	57.75	3.63e-23	93.2	interchromosomal	NA	NA	NA
XP_002298853.1	XP_002324382.1	NC_037285.2	37983571	NC_037302.2	615270	46.79	1.61e-23	94.4	interchromosomal	NA	NA	NA
XP_002298853.1	XP_002309066.3	NC_037285.2	37983571	NC_037290.2	6547400	59.32	1.95e-22	90.9	interchromosomal	NA	NA	NA
XP_002298853.1	XP_002302070.2	NC_037285.2	37983571	NC_037286.2	2846278	55.56	1.36e-22	91.7	interchromosomal	NA	NA	NA
XP_002298853.1	XP_002319082.4	NC_037285.2	37983571	NC_037297.2	2936940	45.19	2.84e-22	90.9	interchromosomal	NA	NA	NA
XP_002298853.1	XP_002301166.2	NC_037285.2	37983571	NC_037286.2	9332683	60.00	3.76e-22	90.5	interchromosomal	NA	NA	NA
XP_002298853.1	XP_002303852.3	NC_037285.2	37983571	NC_037287.2	18768266	45.28	3.17e-22	89.7	interchromosomal	NA	NA	NA
XP_002298853.1	XP_024441317.1	NC_037285.2	37983571	NC_037298.2	1460990	54.55	3.61e-22	90.5	interchromosomal	NA	NA	NA
XP_002298853.1	XP_006368511.1	NC_037285.2	37983571	NC_037285.2	3207145	53.62	1.04e-21	89.0	intrachromosomal_distant	NA	NA	NA
XP_002298853.1	XP_002308704.1	NC_037285.2	37983571	NC_037290.2	25986082	44.44	2.22e-22	90.5	interchromosomal	NA	NA	NA
XP_002298853.1	XP_002325248.3	NC_037285.2	37983571	NC_037302.2	14435429	47.87	6.90e-22	88.6	interchromosomal	NA	NA	NA
XP_002298853.1	XP_006382812.1	NC_037285.2	37983571	NC_037289.2	3486578	44.23	1.43e-21	88.6	interchromosomal	NA	NA	NA
XP_002298853.1	XP_002308998.1	NC_037285.2	37983571	NC_037290.2	5266321	53.16	2.33e-21	87.0	interchromosomal	NA	NA	NA
XP_002298853.1	XP_024452726.1	NC_037285.2	37983571	NC_037287.2	13432844	45.74	1.07e-20	85.9	interchromosomal	NA	NA	NA
XP_002298853.1	XP_006368768.2	NC_037285.2	37983571	NC_037285.2	7882247	39.83	1.53e-20	85.9	intrachromosomal_distant	NA	NA	NA
XP_002298853.1	XP_002324328.1	NC_037285.2	37983571	NC_037302.2	1335139	37.39	1.55e-20	84.0	interchromosomal	NA	NA	NA
XP_002298853.1	XP_002303610.1	NC_037285.2	37983571	NC_037287.2	15075424	39.66	4.37e-20	84.0	interchromosomal	NA	NA	NA
XP_002298853.1	XP_002323509.1	NC_037285.2	37983571	NC_037300.2	10100937	54.24	8.36e-20	82.4	interchromosomal	NA	NA	NA
XP_002298853.1	XP_052301100.1	NC_037285.2	37983571	NC_037295.2	18333481	36.94	4.96e-19	82.4	interchromosomal	NA	NA	NA
XP_002298853.1	XP_002305730.1	NC_037285.2	37983571	NC_037288.2	5076521	47.76	3.70e-19	79.3	interchromosomal	NA	NA	NA
XP_002298853.1	XP_002305271.3	NC_037285.2	37983571	NC_037288.2	6053102	38.84	4.08e-19	82.4	interchromosomal	NA	NA	NA
XP_002298853.1	XP_006372370.1	NC_037285.2	37983571	NC_037301.2	14784916	36.67	1.58e-18	80.9	interchromosomal	NA	NA	NA
XP_002298853.1	XP_002317397.1	NC_037285.2	37983571	NC_037295.2	6182166	51.67	2.95e-18	77.8	interchromosomal	NA	NA	NA
XP_002298853.1	XP_024458563.1	NC_037285.2	37983571	NC_037285.2	48605799	50.79	8.34e-18	78.6	intrachromosomal_distant	NA	NA	NA
XP_002298853.1	XP_006375351.1	NC_037285.2	37983571	NC_037298.2	5870811	46.75	4.40e-18	78.2	interchromosomal	NA	NA	NA
XP_002298853.1	XP_006386616.2	NC_037285.2	37983571	NC_037286.2	12590323	46.75	6.31e-18	77.8	interchromosomal	NA	NA	NA
XP_002298853.1	XP_002301514.2	NC_037285.2	37983571	NC_037286.2	15813542	35.71	1.79e-16	72.4	interchromosomal	NA	NA	NA
XP_002298853.1	XP_052303237.1	NC_037285.2	37983571	NC_037298.2	8049826	35.92	2.28e-16	72.4	interchromosomal	NA	NA	NA
XP_002298853.1	XP_002304549.1	NC_037285.2	37983571	NC_037287.2	15527228	55.17	1.46e-15	70.5	interchromosomal	NA	NA	NA
XP_002298853.1	XP_002318373.2	NC_037285.2	37983571	NC_037296.2	911247	49.15	6.08e-15	69.3	interchromosomal	NA	NA	NA
XP_002298853.1	XP_052305286.1	NC_037285.2	37983571	NC_037303.2	9848168	42.67	5.75e-15	68.9	interchromosomal	NA	NA	NA
XP_002298853.1	XP_024439297.1	NC_037285.2	37983571	NC_037297.2	9163560	50.00	3.59e-14	66.2	interchromosomal	NA	NA	NA
XP_002298853.1	XP_002320852.4	NC_037285.2	37983571	NC_037298.2	6296630	45.33	2.51e-14	66.6	interchromosomal	NA	NA	NA
XP_002298853.1	XP_002302620.1	NC_037285.2	37983571	NC_037286.2	12950333	48.28	8.32e-13	62.8	interchromosomal	NA	NA	NA
XP_002298853.1	XP_024452203.2	NC_037285.2	37983571	NC_037287.2	21584780	42.10	4.11e-12	56.6	interchromosomal	NA	NA	NA
XP_002298853.1	XP_002309186.4	NC_037285.2	37983571	NC_037290.2	8482325	43.33	8.79e-12	59.3	interchromosomal	NA	NA	NA
XP_002298853.1	XP_002323675.2	NC_037285.2	37983571	NC_037300.2	14139186	33.66	7.26e-12	58.5	interchromosomal	NA	NA	NA
XP_002298853.1	XP_006368530.1	NC_037285.2	37983571	NC_037285.2	159614	32.39	2.33e-11	53.1	intrachromosomal_distant	NA	NA	NA
XP_024458563.1	XP_052301100.1	NC_037285.2	48605799	NC_037295.2	18333481	82.67	0.00e+00	744.0	interchromosomal	NA	NA	NA
XP_024458563.1	XP_052303237.1	NC_037285.2	48605799	NC_037298.2	8049826	61.86	2.70e-35	125.0	interchromosomal	NA	NA	NA
XP_024458563.1	XP_024466667.1	NC_037285.2	48605799	NC_037285.2	21315533	53.73	1.15e-19	84.3	intrachromosomal_distant	NA	NA	NA
XP_024458563.1	XP_024466901.1	NC_037285.2	48605799	NC_037294.2	16611764	54.39	5.21e-18	76.6	interchromosomal	NA	NA	NA
XP_024458563.1	XP_052303325.1	NC_037285.2	48605799	NC_037299.2	8984460	46.24	1.35e-19	84.7	interchromosomal	NA	NA	NA
XP_024458563.1	XP_024460429.2	NC_037285.2	48605799	NC_037290.2	19088117	35.77	3.91e-17	76.3	interchromosomal	NA	NA	NA
XP_024458563.1	XP_052305286.1	NC_037285.2	48605799	NC_037303.2	9848168	38.46	6.06e-17	74.7	interchromosomal	NA	NA	NA
XP_024458563.1	XP_024461002.1	NC_037285.2	48605799	NC_037291.2	10436238	37.76	1.50e-16	69.7	interchromosomal	NA	NA	NA
XP_024458563.1	XP_024458700.1	NC_037285.2	48605799	NC_037290.2	8094569	49.21	8.70e-16	72.0	interchromosomal	NA	NA	NA
XP_024458563.1	XP_052308647.1	NC_037285.2	48605799	NC_037289.2	5998576	46.67	6.88e-15	67.0	interchromosomal	NA	NA	NA
XP_002300596.2	XP_006378014.1	NC_037285.2	49579127	NC_037295.2	19237430	86.54	0.00e+00	1284.0	interchromosomal	NA	NA	NA
XP_002300596.2	XP_024438829.2	NC_037285.2	49579127	NC_037297.2	7868485	41.74	1.87e-124	381.0	interchromosomal	NA	NA	NA
XP_002300596.2	XP_002326093.4	NC_037285.2	49579127	NC_037303.2	14801942	37.92	8.22e-97	305.0	interchromosomal	NA	NA	NA
XP_002300596.2	XP_024454278.1	NC_037285.2	49579127	NC_037288.2	11508039	39.67	5.71e-89	283.0	interchromosomal	NA	NA	NA
XP_002300596.2	XP_002315024.1	NC_037285.2	49579127	NC_037294.2	16783136	50.97	1.85e-88	280.0	interchromosomal	NA	NA	NA
XP_002300596.2	XP_024444415.2	NC_037285.2	49579127	NC_037301.2	10127356	49.35	1.95e-86	276.0	interchromosomal	NA	NA	NA
XP_002300596.2	XP_024458700.1	NC_037285.2	49579127	NC_037290.2	8094569	38.85	3.63e-93	294.0	interchromosomal	NA	NA	NA
XP_002300596.2	XP_002312267.1	NC_037285.2	49579127	NC_037292.2	5739919	49.35	8.46e-85	270.0	interchromosomal	NA	NA	NA
XP_002300596.2	XP_024437369.2	NC_037285.2	49579127	NC_037295.2	11223426	37.57	1.05e-83	268.0	interchromosomal	NA	NA	NA
XP_002300596.2	XP_006381519.2	NC_037285.2	49579127	NC_037290.2	10930631	45.70	1.58e-76	247.0	interchromosomal	NA	NA	NA
XP_002300596.2	XP_024443283.1	NC_037285.2	49579127	NC_037300.2	6485177	46.39	6.25e-74	241.0	interchromosomal	NA	NA	NA
XP_002300596.2	XP_006375555.1	NC_037285.2	49579127	NC_037298.2	11864534	41.92	1.62e-63	213.0	interchromosomal	NA	NA	NA
XP_002300596.2	XP_002323637.2	NC_037285.2	49579127	NC_037300.2	13149873	40.26	1.41e-95	301.0	interchromosomal	NA	NA	NA
XP_002300596.2	XP_006382109.3	NC_037285.2	49579127	NC_037290.2	26029137	33.33	1.04e-43	157.0	interchromosomal	NA	NA	NA
XP_002300596.2	XP_024446284.2	NC_037285.2	49579127	NC_037302.2	1292205	35.38	2.27e-43	157.0	interchromosomal	NA	NA	NA
XP_002300596.2	XP_024460429.2	NC_037285.2	49579127	NC_037290.2	19088117	35.84	1.64e-43	157.0	interchromosomal	NA	NA	NA
XP_002300596.2	XP_002319959.2	NC_037285.2	49579127	NC_037297.2	14908280	40.39	7.22e-100	313.0	interchromosomal	NA	NA	NA
XP_002300596.2	XP_006375168.1	NC_037285.2	49579127	NC_037298.2	3234387	63.53	1.20e-33	122.0	interchromosomal	NA	NA	NA
XP_002300596.2	XP_002301237.2	NC_037285.2	49579127	NC_037286.2	10431495	59.78	1.21e-33	121.0	interchromosomal	NA	NA	NA
XP_002300596.2	XP_002312318.2	NC_037285.2	49579127	NC_037292.2	6517252	39.61	3.48e-35	129.0	interchromosomal	NA	NA	NA
XP_002300596.2	XP_002310044.1	NC_037285.2	49579127	NC_037291.2	10243688	49.07	1.57e-31	116.0	interchromosomal	NA	NA	NA
XP_002300596.2	XP_052308647.1	NC_037285.2	49579127	NC_037289.2	5998576	49.52	4.28e-32	116.0	interchromosomal	NA	NA	NA
XP_002300596.2	XP_006368868.2	NC_037285.2	49579127	NC_037285.2	4486450	55.68	2.26e-31	113.0	intrachromosomal_distant	NA	NA	NA
XP_002300596.2	XP_002304741.2	NC_037285.2	49579127	NC_037287.2	17779254	45.67	2.89e-31	112.0	interchromosomal	NA	NA	NA
XP_002300596.2	XP_006373216.1	NC_037285.2	49579127	NC_037301.2	5566257	51.85	2.97e-33	117.0	interchromosomal	NA	NA	NA
XP_002300596.2	XP_002314962.2	NC_037285.2	49579127	NC_037294.2	15857170	41.57	1.09e-31	119.0	interchromosomal	NA	NA	NA
XP_002300596.2	XP_002302140.2	NC_037285.2	49579127	NC_037286.2	4065581	48.06	5.04e-32	119.0	interchromosomal	NA	NA	NA
XP_002300596.2	XP_002322274.1	NC_037285.2	49579127	NC_037299.2	11932322	59.77	5.06e-30	110.0	interchromosomal	NA	NA	NA
XP_002300596.2	XP_024436877.2	NC_037285.2	49579127	NC_037295.2	8531133	52.88	1.46e-30	114.0	interchromosomal	NA	NA	NA
XP_002300596.2	XP_002301524.3	NC_037285.2	49579127	NC_037286.2	15575016	41.82	1.52e-31	117.0	interchromosomal	NA	NA	NA
XP_002300596.2	XP_002311329.2	NC_037285.2	49579127	NC_037292.2	5865817	55.56	1.44e-29	112.0	interchromosomal	NA	NA	NA
XP_002300596.2	XP_024466901.1	NC_037285.2	49579127	NC_037294.2	16611764	64.47	1.74e-29	112.0	interchromosomal	NA	NA	NA
XP_002300596.2	XP_002306743.1	NC_037285.2	49579127	NC_037289.2	20829693	62.34	7.97e-30	112.0	interchromosomal	NA	NA	NA
XP_002300596.2	XP_006369893.1	NC_037285.2	49579127	NC_037285.2	36641635	61.73	7.69e-31	115.0	intrachromosomal_distant	NA	NA	NA
XP_002300596.2	XP_002320967.3	NC_037285.2	49579127	NC_037298.2	7968052	39.27	9.40e-32	118.0	interchromosomal	NA	NA	NA
XP_002300596.2	XP_024461002.1	NC_037285.2	49579127	NC_037291.2	10436238	45.22	1.93e-29	107.0	interchromosomal	NA	NA	NA
XP_002300596.2	XP_002318747.1	NC_037285.2	49579127	NC_037296.2	12395944	56.79	8.20e-29	105.0	interchromosomal	NA	NA	NA
XP_002300596.2	XP_002308538.1	NC_037285.2	49579127	NC_037290.2	22894958	50.00	4.97e-29	104.0	interchromosomal	NA	NA	NA
XP_002300596.2	XP_024446053.1	NC_037285.2	49579127	NC_037302.2	12567397	56.96	6.89e-28	111.0	interchromosomal	NA	NA	NA
XP_002300596.2	XP_002320160.2	NC_037285.2	49579127	NC_037298.2	5891006	48.08	2.66e-28	103.0	interchromosomal	NA	NA	NA
XP_002300596.2	XP_002301377.2	NC_037285.2	49579127	NC_037286.2	12619400	43.75	2.49e-29	107.0	interchromosomal	NA	NA	NA
XP_002300596.2	XP_024456867.1	NC_037285.2	49579127	NC_037289.2	5877537	37.58	2.91e-28	104.0	interchromosomal	NA	NA	NA
XP_002300596.2	XP_006389578.1	NC_037285.2	49579127	NC_037295.2	587221	41.21	2.76e-27	109.0	interchromosomal	NA	NA	NA
XP_002300596.2	XP_002321134.3	NC_037285.2	49579127	NC_037298.2	10916137	49.06	2.56e-26	107.0	interchromosomal	NA	NA	NA
XP_002300596.2	XP_024466667.1	NC_037285.2	49579127	NC_037285.2	21315533	54.22	6.99e-26	104.0	intrachromosomal_distant	NA	NA	NA
XP_002300596.2	XP_024455846.2	NC_037285.2	49579127	NC_037288.2	463543	54.76	6.18e-26	105.0	interchromosomal	NA	NA	NA
XP_002300596.2	XP_002302808.1	NC_037285.2	49579127	NC_037286.2	14860854	53.75	6.21e-25	102.0	interchromosomal	NA	NA	NA
XP_002300596.2	XP_024440069.1	NC_037285.2	49579127	NC_037298.2	7538137	55.00	1.81e-25	103.0	interchromosomal	NA	NA	NA
XP_002300596.2	XP_002323839.4	NC_037285.2	49579127	NC_037301.2	8849889	50.00	5.21e-25	102.0	interchromosomal	NA	NA	NA
XP_002300596.2	XP_024450700.1	NC_037285.2	49579127	NC_037286.2	21787634	55.00	3.07e-24	100.0	interchromosomal	NA	NA	NA
XP_002300596.2	XP_002301166.2	NC_037285.2	49579127	NC_037286.2	9332683	50.52	2.48e-24	97.4	interchromosomal	NA	NA	NA
XP_002300596.2	XP_002319082.4	NC_037285.2	49579127	NC_037297.2	2936940	35.45	2.40e-23	94.4	interchromosomal	NA	NA	NA
XP_002300596.2	XP_002310122.1	NC_037285.2	49579127	NC_037291.2	4339587	44.76	6.67e-23	93.6	interchromosomal	NA	NA	NA
XP_002300596.2	XP_024441317.1	NC_037285.2	49579127	NC_037298.2	1460990	50.00	1.80e-23	94.7	interchromosomal	NA	NA	NA
XP_002300596.2	XP_052303325.1	NC_037285.2	49579127	NC_037299.2	8984460	40.34	3.21e-23	97.1	interchromosomal	NA	NA	NA
XP_002300596.2	XP_002302070.2	NC_037285.2	49579127	NC_037286.2	2846278	42.10	3.26e-23	94.0	interchromosomal	NA	NA	NA
XP_002300596.2	XP_006383530.2	NC_037285.2	49579127	NC_037289.2	11313285	41.59	1.73e-22	92.4	interchromosomal	NA	NA	NA
XP_002300596.2	XP_002308998.1	NC_037285.2	49579127	NC_037290.2	5266321	48.21	2.28e-22	90.1	interchromosomal	NA	NA	NA
XP_002300596.2	XP_002309066.3	NC_037285.2	49579127	NC_037290.2	6547400	57.63	5.47e-22	89.0	interchromosomal	NA	NA	NA
XP_002300596.2	XP_006382812.1	NC_037285.2	49579127	NC_037289.2	3486578	44.04	9.09e-22	89.4	interchromosomal	NA	NA	NA
XP_002300596.2	XP_002306823.1	NC_037285.2	49579127	NC_037289.2	22204644	40.30	9.35e-22	89.4	interchromosomal	NA	NA	NA
XP_002300596.2	XP_002325248.3	NC_037285.2	49579127	NC_037302.2	14435429	50.00	2.35e-21	87.0	interchromosomal	NA	NA	NA
XP_002300596.2	XP_006368511.1	NC_037285.2	49579127	NC_037285.2	3207145	45.98	2.96e-20	85.5	intrachromosomal_distant	NA	NA	NA
XP_002300596.2	XP_002324382.1	NC_037285.2	49579127	NC_037302.2	615270	48.94	5.03e-21	87.0	interchromosomal	NA	NA	NA
XP_002300596.2	XP_006371762.1	NC_037285.2	49579127	NC_037302.2	1349083	54.41	1.43e-20	85.1	interchromosomal	NA	NA	NA
XP_002300596.2	XP_002303852.3	NC_037285.2	49579127	NC_037287.2	18768266	47.13	2.15e-20	84.7	interchromosomal	NA	NA	NA
XP_002300596.2	XP_024452726.1	NC_037285.2	49579127	NC_037287.2	13432844	47.87	7.33e-20	84.0	interchromosomal	NA	NA	NA
XP_002300596.2	XP_002324328.1	NC_037285.2	49579127	NC_037302.2	1335139	37.40	3.20e-20	83.2	interchromosomal	NA	NA	NA
XP_002300596.2	XP_006368768.2	NC_037285.2	49579127	NC_037285.2	7882247	45.16	8.34e-20	83.2	intrachromosomal_distant	NA	NA	NA
XP_002300596.2	XP_006372370.1	NC_037285.2	49579127	NC_037301.2	14784916	45.68	4.28e-19	83.2	interchromosomal	NA	NA	NA
XP_002300596.2	XP_002303610.1	NC_037285.2	49579127	NC_037287.2	15075424	37.17	5.04e-19	82.0	interchromosomal	NA	NA	NA
XP_002300596.2	XP_002305271.3	NC_037285.2	49579127	NC_037288.2	6053102	45.68	5.28e-19	82.4	interchromosomal	NA	NA	NA
XP_002300596.2	XP_006386616.2	NC_037285.2	49579127	NC_037286.2	12590323	40.87	2.46e-19	82.0	interchromosomal	NA	NA	NA
XP_002300596.2	XP_052301100.1	NC_037285.2	49579127	NC_037295.2	18333481	39.81	1.23e-18	82.0	interchromosomal	NA	NA	NA
XP_002300596.2	XP_002305730.1	NC_037285.2	49579127	NC_037288.2	5076521	44.19	6.12e-19	79.0	interchromosomal	NA	NA	NA
XP_002300596.2	XP_002301514.2	NC_037285.2	49579127	NC_037286.2	15813542	37.50	2.67e-18	78.2	interchromosomal	NA	NA	NA
XP_002300596.2	XP_002308704.1	NC_037285.2	49579127	NC_037290.2	25986082	50.00	8.15e-19	80.1	interchromosomal	NA	NA	NA
XP_002300596.2	XP_006375351.1	NC_037285.2	49579127	NC_037298.2	5870811	40.00	9.75e-19	80.1	interchromosomal	NA	NA	NA
XP_002300596.2	XP_002323509.1	NC_037285.2	49579127	NC_037300.2	10100937	55.36	1.12e-18	79.3	interchromosomal	NA	NA	NA
XP_002300596.2	XP_052303237.1	NC_037285.2	49579127	NC_037298.2	8049826	35.71	8.82e-18	77.0	interchromosomal	NA	NA	NA
XP_002300596.2	XP_002317397.1	NC_037285.2	49579127	NC_037295.2	6182166	51.67	5.57e-17	74.7	interchromosomal	NA	NA	NA
XP_002300596.2	XP_002304549.1	NC_037285.2	49579127	NC_037287.2	15527228	52.46	2.76e-15	69.7	interchromosomal	NA	NA	NA
XP_002300596.2	XP_002318373.2	NC_037285.2	49579127	NC_037296.2	911247	50.82	2.30e-14	68.2	interchromosomal	NA	NA	NA
XP_002300596.2	XP_002320852.4	NC_037285.2	49579127	NC_037298.2	6296630	49.18	3.75e-14	67.4	interchromosomal	NA	NA	NA
XP_002300596.2	XP_002302620.1	NC_037285.2	49579127	NC_037286.2	12950333	47.54	1.71e-13	65.5	interchromosomal	NA	NA	NA
XP_002300596.2	XP_024439297.1	NC_037285.2	49579127	NC_037297.2	9163560	44.26	1.15e-12	62.8	interchromosomal	NA	NA	NA
XP_002300596.2	XP_052305286.1	NC_037285.2	49579127	NC_037303.2	9848168	35.19	6.43e-13	62.8	interchromosomal	NA	NA	NA
XP_002300596.2	XP_024452203.2	NC_037285.2	49579127	NC_037287.2	21584780	34.88	4.50e-12	57.4	interchromosomal	NA	NA	NA
XP_002300596.2	XP_006368530.1	NC_037285.2	49579127	NC_037285.2	159614	31.71	3.56e-11	52.4	intrachromosomal_distant	NA	NA	NA
XP_002302070.2	XP_002306823.1	NC_037286.2	2846278	NC_037289.2	22204644	92.59	0.00e+00	621.0	interchromosomal	NA	NA	NA
XP_002302070.2	XP_006382812.1	NC_037286.2	2846278	NC_037289.2	3486578	62.85	1.43e-149	419.0	interchromosomal	NA	NA	NA
XP_002302070.2	XP_002319082.4	NC_037286.2	2846278	NC_037297.2	2936940	62.85	8.37e-148	415.0	interchromosomal	NA	NA	NA
XP_002302070.2	XP_006383530.2	NC_037286.2	2846278	NC_037289.2	11313285	38.81	4.00e-68	211.0	interchromosomal	NA	NA	NA
XP_002302070.2	XP_002310122.1	NC_037286.2	2846278	NC_037291.2	4339587	53.66	6.41e-68	210.0	interchromosomal	NA	NA	NA
XP_002302070.2	XP_024441317.1	NC_037286.2	2846278	NC_037298.2	1460990	54.29	8.23e-65	203.0	interchromosomal	NA	NA	NA
XP_002302070.2	XP_002324382.1	NC_037286.2	2846278	NC_037302.2	615270	38.66	1.37e-61	194.0	interchromosomal	NA	NA	NA
XP_002302070.2	XP_024452726.1	NC_037286.2	2846278	NC_037287.2	13432844	51.74	2.53e-57	182.0	interchromosomal	NA	NA	NA
XP_002302070.2	XP_002308998.1	NC_037286.2	2846278	NC_037290.2	5266321	60.13	5.30e-60	188.0	interchromosomal	NA	NA	NA
XP_002302070.2	XP_002325248.3	NC_037286.2	2846278	NC_037302.2	14435429	57.41	3.98e-59	186.0	interchromosomal	NA	NA	NA
XP_002302070.2	XP_002305730.1	NC_037286.2	2846278	NC_037288.2	5076521	60.26	1.96e-30	110.0	interchromosomal	NA	NA	NA
XP_002302070.2	XP_002317397.1	NC_037286.2	2846278	NC_037295.2	6182166	53.76	3.80e-30	109.0	interchromosomal	NA	NA	NA
XP_002302070.2	XP_006386616.2	NC_037286.2	2846278	NC_037286.2	12590323	53.04	4.70e-32	116.0	intrachromosomal_distant	NA	NA	NA
XP_002302070.2	XP_052301100.1	NC_037286.2	2846278	NC_037295.2	18333481	56.82	4.88e-30	113.0	interchromosomal	NA	NA	NA
XP_002302070.2	XP_006375351.1	NC_037286.2	2846278	NC_037298.2	5870811	50.00	1.37e-32	118.0	interchromosomal	NA	NA	NA
XP_002302070.2	XP_024458563.1	NC_037286.2	2846278	NC_037285.2	48605799	53.12	2.35e-29	110.0	interchromosomal	NA	NA	NA
XP_002302070.2	XP_052303237.1	NC_037286.2	2846278	NC_037298.2	8049826	56.82	3.73e-27	101.0	interchromosomal	NA	NA	NA
XP_002302070.2	XP_006372370.1	NC_037286.2	2846278	NC_037301.2	14784916	52.94	2.42e-26	101.0	interchromosomal	NA	NA	NA
XP_002302070.2	XP_002305271.3	NC_037286.2	2846278	NC_037288.2	6053102	54.76	1.65e-26	102.0	interchromosomal	NA	NA	NA
XP_002302070.2	XP_006368768.2	NC_037286.2	2846278	NC_037285.2	7882247	53.01	2.87e-25	97.4	interchromosomal	NA	NA	NA
XP_002302070.2	XP_002303610.1	NC_037286.2	2846278	NC_037287.2	15075424	44.79	1.11e-24	95.9	interchromosomal	NA	NA	NA
XP_002302070.2	XP_002321134.3	NC_037286.2	2846278	NC_037298.2	10916137	62.30	2.13e-23	95.1	interchromosomal	NA	NA	NA
XP_002302070.2	XP_002302808.1	NC_037286.2	2846278	NC_037286.2	14860854	50.00	1.63e-23	94.4	intrachromosomal_distant	NA	NA	NA
XP_002302070.2	XP_002323637.2	NC_037286.2	2846278	NC_037300.2	13149873	40.68	1.87e-23	94.4	interchromosomal	NA	NA	NA
XP_002302070.2	XP_006378014.1	NC_037286.2	2846278	NC_037295.2	19237430	40.88	3.42e-23	93.6	interchromosomal	NA	NA	NA
XP_002302070.2	XP_002309066.3	NC_037286.2	2846278	NC_037290.2	6547400	53.16	4.30e-23	90.9	interchromosomal	NA	NA	NA
XP_002302070.2	XP_024454278.1	NC_037286.2	2846278	NC_037288.2	11508039	51.81	7.00e-23	93.2	interchromosomal	NA	NA	NA
XP_002302070.2	XP_024455846.2	NC_037286.2	2846278	NC_037288.2	463543	49.42	1.78e-23	95.1	interchromosomal	NA	NA	NA
XP_002302070.2	XP_002315024.1	NC_037286.2	2846278	NC_037294.2	16783136	49.40	8.22e-23	92.0	interchromosomal	NA	NA	NA
XP_002302070.2	XP_024437369.2	NC_037286.2	2846278	NC_037295.2	11223426	55.56	9.06e-23	92.0	interchromosomal	NA	NA	NA
XP_002302070.2	XP_024466667.1	NC_037286.2	2846278	NC_037285.2	21315533	65.52	8.64e-23	92.8	interchromosomal	NA	NA	NA
XP_002302070.2	XP_024444415.2	NC_037286.2	2846278	NC_037301.2	10127356	50.60	1.11e-22	92.0	interchromosomal	NA	NA	NA
XP_002302070.2	XP_006381519.2	NC_037286.2	2846278	NC_037290.2	10930631	40.65	1.24e-22	91.7	interchromosomal	NA	NA	NA
XP_002302070.2	XP_002319959.2	NC_037286.2	2846278	NC_037297.2	14908280	52.44	1.42e-22	91.7	interchromosomal	NA	NA	NA
XP_002302070.2	XP_024438829.2	NC_037286.2	2846278	NC_037297.2	7868485	40.24	1.56e-22	91.7	interchromosomal	NA	NA	NA
XP_002302070.2	XP_024440069.1	NC_037286.2	2846278	NC_037298.2	7538137	60.00	1.67e-23	94.7	interchromosomal	NA	NA	NA
XP_002302070.2	XP_006375555.1	NC_037286.2	2846278	NC_037298.2	11864534	55.07	2.25e-22	90.9	interchromosomal	NA	NA	NA
XP_002302070.2	XP_006389578.1	NC_037286.2	2846278	NC_037295.2	587221	60.00	5.78e-23	93.6	interchromosomal	NA	NA	NA
XP_002302070.2	XP_024450700.1	NC_037286.2	2846278	NC_037286.2	21787634	56.92	3.89e-22	91.3	intrachromosomal_distant	NA	NA	NA
XP_002302070.2	XP_002324328.1	NC_037286.2	2846278	NC_037302.2	1335139	38.79	6.81e-23	89.4	interchromosomal	NA	NA	NA
XP_002302070.2	XP_006371762.1	NC_037286.2	2846278	NC_037302.2	1349083	61.40	2.75e-22	89.0	interchromosomal	NA	NA	NA
XP_002302070.2	XP_002326093.4	NC_037286.2	2846278	NC_037303.2	14801942	60.61	5.09e-22	90.1	interchromosomal	NA	NA	NA
XP_002302070.2	XP_024458700.1	NC_037286.2	2846278	NC_037290.2	8094569	60.61	9.49e-22	89.0	interchromosomal	NA	NA	NA
XP_002302070.2	XP_002303852.3	NC_037286.2	2846278	NC_037287.2	18768266	40.34	2.26e-22	89.0	interchromosomal	NA	NA	NA
XP_002302070.2	XP_002312267.1	NC_037286.2	2846278	NC_037292.2	5739919	48.19	1.23e-21	89.0	interchromosomal	NA	NA	NA
XP_002302070.2	XP_006368511.1	NC_037286.2	2846278	NC_037285.2	3207145	55.74	1.48e-21	87.0	interchromosomal	NA	NA	NA
XP_002302070.2	XP_024443283.1	NC_037286.2	2846278	NC_037300.2	6485177	52.11	2.08e-21	87.8	interchromosomal	NA	NA	NA
XP_002302070.2	XP_006375168.1	NC_037286.2	2846278	NC_037298.2	3234387	39.52	1.09e-21	85.1	interchromosomal	NA	NA	NA
XP_002302070.2	XP_002310044.1	NC_037286.2	2846278	NC_037291.2	10243688	43.52	2.77e-21	84.3	interchromosomal	NA	NA	NA
XP_002302070.2	XP_006369893.1	NC_037286.2	2846278	NC_037285.2	36641635	41.75	3.16e-22	88.6	interchromosomal	NA	NA	NA
XP_002302070.2	XP_002323839.4	NC_037286.2	2846278	NC_037301.2	8849889	62.07	4.15e-21	87.8	interchromosomal	NA	NA	NA
XP_002302070.2	XP_002308704.1	NC_037286.2	2846278	NC_037290.2	25986082	56.14	4.55e-21	85.5	interchromosomal	NA	NA	NA
XP_002302070.2	XP_002312318.2	NC_037286.2	2846278	NC_037292.2	6517252	46.99	1.99e-21	87.0	interchromosomal	NA	NA	NA
XP_002302070.2	XP_024446053.1	NC_037286.2	2846278	NC_037302.2	12567397	56.67	9.06e-21	86.3	interchromosomal	NA	NA	NA
XP_002302070.2	XP_024436877.2	NC_037286.2	2846278	NC_037295.2	8531133	40.34	8.65e-23	90.1	interchromosomal	NA	NA	NA
XP_002302070.2	XP_052303325.1	NC_037286.2	2846278	NC_037299.2	8984460	60.34	1.13e-20	86.7	interchromosomal	NA	NA	NA
XP_002302070.2	XP_024460429.2	NC_037286.2	2846278	NC_037290.2	19088117	56.14	1.90e-20	85.1	interchromosomal	NA	NA	NA
XP_002302070.2	XP_052305286.1	NC_037286.2	2846278	NC_037303.2	9848168	42.59	1.41e-21	87.8	interchromosomal	NA	NA	NA
XP_002302070.2	XP_024466901.1	NC_037286.2	2846278	NC_037294.2	16611764	38.03	7.54e-21	84.3	interchromosomal	NA	NA	NA
XP_002302070.2	XP_052308647.1	NC_037286.2	2846278	NC_037289.2	5998576	44.71	1.23e-20	82.0	interchromosomal	NA	NA	NA
XP_002302070.2	XP_002306743.1	NC_037286.2	2846278	NC_037289.2	20829693	42.86	3.53e-22	88.6	interchromosomal	NA	NA	NA
XP_002302070.2	XP_002308538.1	NC_037286.2	2846278	NC_037290.2	22894958	55.74	5.03e-20	79.3	interchromosomal	NA	NA	NA
XP_002302070.2	XP_002323509.1	NC_037286.2	2846278	NC_037300.2	10100937	52.00	9.49e-20	81.6	interchromosomal	NA	NA	NA
XP_002302070.2	XP_006368868.2	NC_037286.2	2846278	NC_037285.2	4486450	41.00	1.73e-19	77.8	interchromosomal	NA	NA	NA
XP_002302070.2	XP_002320967.3	NC_037286.2	2846278	NC_037298.2	7968052	43.37	2.95e-20	83.2	interchromosomal	NA	NA	NA
XP_002302070.2	XP_002314962.2	NC_037286.2	2846278	NC_037294.2	15857170	43.37	5.25e-20	83.2	interchromosomal	NA	NA	NA
XP_002302070.2	XP_002322274.1	NC_037286.2	2846278	NC_037299.2	11932322	41.07	2.92e-19	77.4	interchromosomal	NA	NA	NA
XP_002302070.2	XP_024456867.1	NC_037286.2	2846278	NC_037289.2	5877537	39.34	4.71e-20	79.7	interchromosomal	NA	NA	NA
XP_002302070.2	XP_006373216.1	NC_037286.2	2846278	NC_037301.2	5566257	37.11	8.69e-20	78.6	interchromosomal	NA	NA	NA
XP_002302070.2	XP_024461002.1	NC_037286.2	2846278	NC_037291.2	10436238	33.76	4.45e-18	74.7	interchromosomal	NA	NA	NA
XP_002302070.2	XP_002311329.2	NC_037286.2	2846278	NC_037292.2	5865817	43.90	1.65e-18	77.4	interchromosomal	NA	NA	NA
XP_002302070.2	XP_024439297.1	NC_037286.2	2846278	NC_037297.2	9163560	39.09	1.75e-18	78.6	interchromosomal	NA	NA	NA
XP_002302070.2	XP_002304741.2	NC_037286.2	2846278	NC_037287.2	17779254	37.50	2.50e-18	73.6	interchromosomal	NA	NA	NA
XP_002302070.2	XP_002318747.1	NC_037286.2	2846278	NC_037296.2	12395944	49.21	6.79e-18	73.9	interchromosomal	NA	NA	NA
XP_002302070.2	XP_002320160.2	NC_037286.2	2846278	NC_037298.2	5891006	44.19	9.23e-18	73.6	interchromosomal	NA	NA	NA
XP_002302070.2	XP_002304549.1	NC_037286.2	2846278	NC_037287.2	15527228	42.86	1.53e-17	75.5	interchromosomal	NA	NA	NA
XP_002302070.2	XP_024446284.2	NC_037286.2	2846278	NC_037302.2	1292205	59.65	4.74e-17	74.7	interchromosomal	NA	NA	NA
XP_002302070.2	XP_002318373.2	NC_037286.2	2846278	NC_037296.2	911247	52.63	4.95e-17	74.3	interchromosomal	NA	NA	NA
XP_002302070.2	XP_002320852.4	NC_037286.2	2846278	NC_037298.2	6296630	42.72	1.53e-16	72.8	interchromosomal	NA	NA	NA
XP_002302070.2	XP_006382109.3	NC_037286.2	2846278	NC_037290.2	26029137	54.39	3.00e-16	72.4	interchromosomal	NA	NA	NA
XP_002302070.2	XP_002302620.1	NC_037286.2	2846278	NC_037286.2	12950333	41.94	1.07e-15	70.1	intrachromosomal_distant	NA	NA	NA
XP_002302070.2	XP_002319879.4	NC_037286.2	2846278	NC_037297.2	9153347	30.87	5.63e-13	61.6	interchromosomal	NA	NA	NA
XP_002302070.2	XP_002309186.4	NC_037286.2	2846278	NC_037290.2	8482325	34.31	2.34e-12	59.7	interchromosomal	NA	NA	NA
XP_002302070.2	XP_006368530.1	NC_037286.2	2846278	NC_037285.2	159614	43.33	1.44e-12	56.2	interchromosomal	NA	NA	NA
XP_002302070.2	XP_024452203.2	NC_037286.2	2846278	NC_037287.2	21584780	43.33	3.42e-12	55.1	interchromosomal	NA	NA	NA
XP_002302070.2	XP_002323675.2	NC_037286.2	2846278	NC_037300.2	14139186	32.69	7.30e-12	58.2	interchromosomal	NA	NA	NA
XP_002302140.2	XP_002306743.1	NC_037286.2	4065581	NC_037289.2	20829693	84.50	0.00e+00	503.0	interchromosomal	NA	NA	NA
XP_002302140.2	XP_006369893.1	NC_037286.2	4065581	NC_037285.2	36641635	53.94	6.81e-90	265.0	interchromosomal	NA	NA	NA
XP_002302140.2	XP_024436877.2	NC_037286.2	4065581	NC_037295.2	8531133	52.71	8.58e-88	259.0	interchromosomal	NA	NA	NA
XP_002302140.2	XP_002320967.3	NC_037286.2	4065581	NC_037298.2	7968052	46.41	1.89e-52	169.0	interchromosomal	NA	NA	NA
XP_002302140.2	XP_002312318.2	NC_037286.2	4065581	NC_037292.2	6517252	49.07	2.63e-52	170.0	interchromosomal	NA	NA	NA
XP_002302140.2	XP_002314962.2	NC_037286.2	4065581	NC_037294.2	15857170	47.19	5.45e-49	161.0	interchromosomal	NA	NA	NA
XP_002302140.2	XP_024466901.1	NC_037286.2	4065581	NC_037294.2	16611764	66.67	1.86e-47	155.0	interchromosomal	NA	NA	NA
XP_002302140.2	XP_002311329.2	NC_037286.2	4065581	NC_037292.2	5865817	60.16	3.19e-47	154.0	interchromosomal	NA	NA	NA
XP_002302140.2	XP_002304741.2	NC_037286.2	4065581	NC_037287.2	17779254	58.24	3.56e-35	119.0	interchromosomal	NA	NA	NA
XP_002302140.2	XP_002310044.1	NC_037286.2	4065581	NC_037291.2	10243688	49.59	3.85e-35	121.0	interchromosomal	NA	NA	NA
XP_002302140.2	XP_052308647.1	NC_037286.2	4065581	NC_037289.2	5998576	51.20	4.45e-35	121.0	interchromosomal	NA	NA	NA
XP_002302140.2	XP_006375168.1	NC_037286.2	4065581	NC_037298.2	3234387	66.27	4.81e-35	120.0	interchromosomal	NA	NA	NA
XP_002302140.2	XP_006368868.2	NC_037286.2	4065581	NC_037285.2	4486450	61.25	5.68e-35	118.0	interchromosomal	NA	NA	NA
XP_002302140.2	XP_002320160.2	NC_037286.2	4065581	NC_037298.2	5891006	63.74	6.13e-35	119.0	interchromosomal	NA	NA	NA
XP_002302140.2	XP_002323637.2	NC_037286.2	4065581	NC_037300.2	13149873	41.59	9.94e-35	126.0	interchromosomal	NA	NA	NA
XP_002302140.2	XP_006373216.1	NC_037286.2	4065581	NC_037301.2	5566257	67.61	2.79e-33	115.0	interchromosomal	NA	NA	NA
XP_002302140.2	XP_002315024.1	NC_037286.2	4065581	NC_037294.2	16783136	50.91	4.32e-33	120.0	interchromosomal	NA	NA	NA
XP_002302140.2	XP_024444415.2	NC_037286.2	4065581	NC_037301.2	10127356	50.91	2.62e-32	119.0	interchromosomal	NA	NA	NA
XP_002302140.2	XP_006378014.1	NC_037286.2	4065581	NC_037295.2	19237430	47.37	3.46e-32	119.0	interchromosomal	NA	NA	NA
XP_002302140.2	XP_024437369.2	NC_037286.2	4065581	NC_037295.2	11223426	47.41	4.98e-32	118.0	interchromosomal	NA	NA	NA
XP_002302140.2	XP_024454278.1	NC_037286.2	4065581	NC_037288.2	11508039	54.55	5.90e-32	118.0	interchromosomal	NA	NA	NA
XP_002302140.2	XP_002326093.4	NC_037286.2	4065581	NC_037303.2	14801942	55.24	1.28e-31	117.0	interchromosomal	NA	NA	NA
XP_002302140.2	XP_002312267.1	NC_037286.2	4065581	NC_037292.2	5739919	41.72	1.72e-31	116.0	interchromosomal	NA	NA	NA
XP_002302140.2	XP_002322274.1	NC_037286.2	4065581	NC_037299.2	11932322	63.01	2.91e-31	109.0	interchromosomal	NA	NA	NA
XP_002302140.2	XP_024456867.1	NC_037286.2	4065581	NC_037289.2	5877537	53.19	4.03e-31	110.0	interchromosomal	NA	NA	NA
XP_002302140.2	XP_024458700.1	NC_037286.2	4065581	NC_037290.2	8094569	42.86	4.64e-31	115.0	interchromosomal	NA	NA	NA
XP_002302140.2	XP_006375555.1	NC_037286.2	4065581	NC_037298.2	11864534	62.07	1.09e-31	117.0	interchromosomal	NA	NA	NA
XP_002302140.2	XP_024438829.2	NC_037286.2	4065581	NC_037297.2	7868485	45.26	1.22e-30	115.0	interchromosomal	NA	NA	NA
XP_002302140.2	XP_024461002.1	NC_037286.2	4065581	NC_037291.2	10436238	55.29	1.23e-30	108.0	interchromosomal	NA	NA	NA
XP_002302140.2	XP_002308538.1	NC_037286.2	4065581	NC_037290.2	22894958	68.57	2.31e-30	106.0	interchromosomal	NA	NA	NA
XP_002302140.2	XP_002319959.2	NC_037286.2	4065581	NC_037297.2	14908280	51.33	3.27e-30	113.0	interchromosomal	NA	NA	NA
XP_002302140.2	XP_002318747.1	NC_037286.2	4065581	NC_037296.2	12395944	60.27	3.30e-30	107.0	interchromosomal	NA	NA	NA
XP_002302140.2	XP_024443283.1	NC_037286.2	4065581	NC_037300.2	6485177	40.27	2.91e-29	110.0	interchromosomal	NA	NA	NA
XP_002302140.2	XP_006381519.2	NC_037286.2	4065581	NC_037290.2	10930631	41.96	1.70e-28	107.0	interchromosomal	NA	NA	NA
XP_002302140.2	XP_002323509.1	NC_037286.2	4065581	NC_037300.2	10100937	40.54	1.01e-24	95.1	interchromosomal	NA	NA	NA
XP_002302140.2	XP_002309066.3	NC_037286.2	4065581	NC_037290.2	6547400	38.62	4.32e-24	93.2	interchromosomal	NA	NA	NA
XP_002302140.2	XP_024455846.2	NC_037286.2	4065581	NC_037288.2	463543	36.31	5.08e-23	92.4	interchromosomal	NA	NA	NA
XP_002302140.2	XP_024452726.1	NC_037286.2	4065581	NC_037287.2	13432844	35.47	8.95e-23	89.7	interchromosomal	NA	NA	NA
XP_002302140.2	XP_002321134.3	NC_037286.2	4065581	NC_037298.2	10916137	34.44	1.16e-22	91.3	interchromosomal	NA	NA	NA
XP_002302140.2	XP_002306823.1	NC_037286.2	4065581	NC_037289.2	22204644	42.45	1.27e-22	89.7	interchromosomal	NA	NA	NA
XP_002302140.2	XP_006371762.1	NC_037286.2	4065581	NC_037302.2	1349083	41.86	3.24e-22	88.2	interchromosomal	NA	NA	NA
XP_002302140.2	XP_006389578.1	NC_037286.2	4065581	NC_037295.2	587221	42.61	3.20e-22	90.9	interchromosomal	NA	NA	NA
XP_002302140.2	XP_006368511.1	NC_037286.2	4065581	NC_037285.2	3207145	37.21	5.12e-22	87.8	interchromosomal	NA	NA	NA
XP_002302140.2	XP_024446053.1	NC_037286.2	4065581	NC_037302.2	12567397	46.75	5.49e-22	89.4	interchromosomal	NA	NA	NA
XP_002302140.2	XP_002302808.1	NC_037286.2	4065581	NC_037286.2	14860854	43.75	6.85e-22	89.0	intrachromosomal_distant	NA	NA	NA
XP_002302140.2	XP_024460429.2	NC_037286.2	4065581	NC_037290.2	19088117	40.54	6.93e-22	89.0	interchromosomal	NA	NA	NA
XP_002302140.2	XP_024450700.1	NC_037286.2	4065581	NC_037286.2	21787634	36.59	7.49e-22	89.0	intrachromosomal_distant	NA	NA	NA
XP_002302140.2	XP_006368768.2	NC_037286.2	4065581	NC_037285.2	7882247	46.08	9.54e-22	87.0	interchromosomal	NA	NA	NA
XP_002302140.2	XP_002323839.4	NC_037286.2	4065581	NC_037301.2	8849889	45.45	5.93e-22	89.7	interchromosomal	NA	NA	NA
XP_002302140.2	XP_002319082.4	NC_037286.2	4065581	NC_037297.2	2936940	40.82	1.97e-21	86.7	interchromosomal	NA	NA	NA
XP_002302140.2	XP_002325248.3	NC_037286.2	4065581	NC_037302.2	14435429	37.27	2.19e-21	85.5	interchromosomal	NA	NA	NA
XP_002302140.2	XP_002310122.1	NC_037286.2	4065581	NC_037291.2	4339587	45.24	2.38e-21	85.9	interchromosomal	NA	NA	NA
XP_002302140.2	XP_024466667.1	NC_037286.2	4065581	NC_037285.2	21315533	47.44	2.66e-21	87.0	interchromosomal	NA	NA	NA
XP_002302140.2	XP_006383530.2	NC_037286.2	4065581	NC_037289.2	11313285	39.25	2.71e-21	85.9	interchromosomal	NA	NA	NA
XP_002302140.2	XP_002324382.1	NC_037286.2	4065581	NC_037302.2	615270	37.84	4.75e-21	85.1	interchromosomal	NA	NA	NA
XP_002302140.2	XP_024440069.1	NC_037286.2	4065581	NC_037298.2	7538137	35.57	3.64e-21	87.4	interchromosomal	NA	NA	NA
XP_002302140.2	XP_002303610.1	NC_037286.2	4065581	NC_037287.2	15075424	40.62	7.10e-21	84.7	interchromosomal	NA	NA	NA
XP_002302140.2	XP_024441317.1	NC_037286.2	4065581	NC_037298.2	1460990	43.18	9.90e-21	84.7	interchromosomal	NA	NA	NA
XP_002302140.2	XP_006382812.1	NC_037286.2	4065581	NC_037289.2	3486578	42.27	1.03e-20	84.3	interchromosomal	NA	NA	NA
XP_002302140.2	XP_002308998.1	NC_037286.2	4065581	NC_037290.2	5266321	36.84	1.17e-20	83.6	interchromosomal	NA	NA	NA
XP_002302140.2	XP_002317397.1	NC_037286.2	4065581	NC_037295.2	6182166	54.69	1.73e-20	82.4	interchromosomal	NA	NA	NA
XP_002302140.2	XP_002305271.3	NC_037286.2	4065581	NC_037288.2	6053102	46.43	1.94e-20	84.3	interchromosomal	NA	NA	NA
XP_002302140.2	XP_052303325.1	NC_037286.2	4065581	NC_037299.2	8984460	38.85	2.00e-20	84.7	interchromosomal	NA	NA	NA
XP_002302140.2	XP_006382109.3	NC_037286.2	4065581	NC_037290.2	26029137	48.72	2.67e-20	84.0	interchromosomal	NA	NA	NA
XP_002302140.2	XP_002305730.1	NC_037286.2	4065581	NC_037288.2	5076521	54.69	3.15e-20	81.6	interchromosomal	NA	NA	NA
XP_002302140.2	XP_024458563.1	NC_037286.2	4065581	NC_037285.2	48605799	48.81	2.88e-20	84.0	interchromosomal	NA	NA	NA
XP_002302140.2	XP_052301100.1	NC_037286.2	4065581	NC_037295.2	18333481	56.67	3.31e-20	84.0	interchromosomal	NA	NA	NA
XP_002302140.2	XP_002303852.3	NC_037286.2	4065581	NC_037287.2	18768266	42.71	4.16e-20	82.4	interchromosomal	NA	NA	NA
XP_002302140.2	XP_002308704.1	NC_037286.2	4065581	NC_037290.2	25986082	50.85	5.52e-20	82.0	interchromosomal	NA	NA	NA
XP_002302140.2	XP_024446284.2	NC_037286.2	4065581	NC_037302.2	1292205	50.00	6.03e-20	82.8	interchromosomal	NA	NA	NA
XP_002302140.2	XP_006372370.1	NC_037286.2	4065581	NC_037301.2	14784916	46.51	6.26e-20	82.8	interchromosomal	NA	NA	NA
XP_002302140.2	XP_002324328.1	NC_037286.2	4065581	NC_037302.2	1335139	50.85	2.57e-19	79.3	interchromosomal	NA	NA	NA
XP_002302140.2	XP_006375351.1	NC_037286.2	4065581	NC_037298.2	5870811	39.84	1.96e-19	80.9	interchromosomal	NA	NA	NA
XP_002302140.2	XP_006386616.2	NC_037286.2	4065581	NC_037286.2	12590323	56.67	2.79e-19	80.5	intrachromosomal_distant	NA	NA	NA
XP_002302140.2	XP_052303237.1	NC_037286.2	4065581	NC_037298.2	8049826	58.33	5.97e-19	77.8	interchromosomal	NA	NA	NA
XP_002302140.2	XP_002309186.4	NC_037286.2	4065581	NC_037290.2	8482325	38.14	1.38e-17	75.1	interchromosomal	NA	NA	NA
XP_002302140.2	XP_002318373.2	NC_037286.2	4065581	NC_037296.2	911247	52.54	3.79e-17	74.3	interchromosomal	NA	NA	NA
XP_002302140.2	XP_002304549.1	NC_037286.2	4065581	NC_037287.2	15527228	41.58	4.76e-17	73.6	interchromosomal	NA	NA	NA
XP_002302140.2	XP_002320852.4	NC_037286.2	4065581	NC_037298.2	6296630	41.00	6.26e-17	73.6	interchromosomal	NA	NA	NA
XP_002302140.2	XP_024439297.1	NC_037286.2	4065581	NC_037297.2	9163560	42.39	7.79e-17	73.2	interchromosomal	NA	NA	NA
XP_002302140.2	XP_002319879.4	NC_037286.2	4065581	NC_037297.2	9153347	33.54	9.21e-16	69.7	interchromosomal	NA	NA	NA
XP_002302140.2	XP_052305286.1	NC_037286.2	4065581	NC_037303.2	9848168	43.62	9.07e-17	73.6	interchromosomal	NA	NA	NA
XP_002302140.2	XP_002302620.1	NC_037286.2	4065581	NC_037286.2	12950333	39.00	5.54e-15	67.8	intrachromosomal_distant	NA	NA	NA
XP_002302140.2	XP_024452203.2	NC_037286.2	4065581	NC_037287.2	21584780	49.12	5.62e-15	63.9	interchromosomal	NA	NA	NA
XP_002302140.2	XP_002323675.2	NC_037286.2	4065581	NC_037300.2	14139186	44.16	6.14e-15	67.4	interchromosomal	NA	NA	NA
XP_002302140.2	XP_006368530.1	NC_037286.2	4065581	NC_037285.2	159614	38.46	1.77e-14	61.6	interchromosomal	NA	NA	NA
XP_002301166.2	XP_024441317.1	NC_037286.2	9332683	NC_037298.2	1460990	87.33	0.00e+00	621.0	interchromosomal	NA	NA	NA
XP_002301166.2	XP_002310122.1	NC_037286.2	9332683	NC_037291.2	4339587	58.52	5.31e-123	351.0	interchromosomal	NA	NA	NA
XP_002301166.2	XP_006383530.2	NC_037286.2	9332683	NC_037289.2	11313285	56.86	7.25e-118	338.0	interchromosomal	NA	NA	NA
XP_002301166.2	XP_002306823.1	NC_037286.2	9332683	NC_037289.2	22204644	43.77	1.21e-75	231.0	interchromosomal	NA	NA	NA
XP_002301166.2	XP_002302070.2	NC_037286.2	9332683	NC_037286.2	2846278	44.35	2.73e-77	235.0	intrachromosomal_distant	NA	NA	NA
XP_002301166.2	XP_002308998.1	NC_037286.2	9332683	NC_037290.2	5266321	42.41	4.96e-75	227.0	interchromosomal	NA	NA	NA
XP_002301166.2	XP_002325248.3	NC_037286.2	9332683	NC_037302.2	14435429	43.63	4.04e-75	228.0	interchromosomal	NA	NA	NA
XP_002301166.2	XP_002319082.4	NC_037286.2	9332683	NC_037297.2	2936940	38.04	7.22e-65	203.0	interchromosomal	NA	NA	NA
XP_002301166.2	XP_006382812.1	NC_037286.2	9332683	NC_037289.2	3486578	38.69	8.49e-64	200.0	interchromosomal	NA	NA	NA
XP_002301166.2	XP_002324382.1	NC_037286.2	9332683	NC_037302.2	615270	44.76	4.76e-77	234.0	interchromosomal	NA	NA	NA
XP_002301166.2	XP_024452726.1	NC_037286.2	9332683	NC_037287.2	13432844	40.00	2.26e-56	179.0	interchromosomal	NA	NA	NA
XP_002301166.2	XP_002317397.1	NC_037286.2	9332683	NC_037295.2	6182166	55.91	3.21e-31	112.0	interchromosomal	NA	NA	NA
XP_002301166.2	XP_002305730.1	NC_037286.2	9332683	NC_037288.2	5076521	55.91	4.13e-31	112.0	interchromosomal	NA	NA	NA
XP_002301166.2	XP_052301100.1	NC_037286.2	9332683	NC_037295.2	18333481	57.78	1.27e-30	114.0	interchromosomal	NA	NA	NA
XP_002301166.2	XP_024458563.1	NC_037286.2	9332683	NC_037285.2	48605799	55.10	1.12e-29	111.0	interchromosomal	NA	NA	NA
XP_002301166.2	XP_006386616.2	NC_037286.2	9332683	NC_037286.2	12590323	56.25	8.76e-30	110.0	intrachromosomal_distant	NA	NA	NA
XP_002301166.2	XP_006375351.1	NC_037286.2	9332683	NC_037298.2	5870811	55.21	7.14e-29	107.0	interchromosomal	NA	NA	NA
XP_002301166.2	XP_002301514.2	NC_037286.2	9332683	NC_037286.2	15813542	56.67	6.23e-28	102.0	intrachromosomal_distant	NA	NA	NA
XP_002301166.2	XP_052303237.1	NC_037286.2	9332683	NC_037298.2	8049826	56.67	2.88e-27	101.0	interchromosomal	NA	NA	NA
XP_002301166.2	XP_006368768.2	NC_037286.2	9332683	NC_037285.2	7882247	53.49	3.54e-27	102.0	interchromosomal	NA	NA	NA
XP_002301166.2	XP_002303610.1	NC_037286.2	9332683	NC_037287.2	15075424	52.33	2.61e-26	100.0	interchromosomal	NA	NA	NA
XP_002301166.2	XP_002323637.2	NC_037286.2	9332683	NC_037300.2	13149873	55.68	3.36e-25	99.8	interchromosomal	NA	NA	NA
XP_002301166.2	XP_006372370.1	NC_037286.2	9332683	NC_037301.2	14784916	52.33	1.10e-25	100.0	interchromosomal	NA	NA	NA
XP_002301166.2	XP_002305271.3	NC_037286.2	9332683	NC_037288.2	6053102	51.77	2.74e-25	99.4	interchromosomal	NA	NA	NA
XP_002301166.2	XP_002326093.4	NC_037286.2	9332683	NC_037303.2	14801942	54.55	2.83e-24	97.1	interchromosomal	NA	NA	NA
XP_002301166.2	XP_002319959.2	NC_037286.2	9332683	NC_037297.2	14908280	54.55	3.53e-24	96.7	interchromosomal	NA	NA	NA
XP_002301166.2	XP_006378014.1	NC_037286.2	9332683	NC_037295.2	19237430	50.52	3.56e-24	96.7	interchromosomal	NA	NA	NA
XP_002301166.2	XP_024460429.2	NC_037286.2	9332683	NC_037290.2	19088117	47.31	1.11e-23	95.5	interchromosomal	NA	NA	NA
XP_002301166.2	XP_024458700.1	NC_037286.2	9332683	NC_037290.2	8094569	47.71	1.18e-23	95.1	interchromosomal	NA	NA	NA
XP_002301166.2	XP_024446053.1	NC_037286.2	9332683	NC_037302.2	12567397	48.39	1.27e-23	94.7	interchromosomal	NA	NA	NA
XP_002301166.2	XP_024438829.2	NC_037286.2	9332683	NC_037297.2	7868485	36.62	1.71e-23	95.5	interchromosomal	NA	NA	NA
XP_002301166.2	XP_024454278.1	NC_037286.2	9332683	NC_037288.2	11508039	60.56	7.05e-23	93.2	interchromosomal	NA	NA	NA
XP_002301166.2	XP_006368511.1	NC_037286.2	9332683	NC_037285.2	3207145	44.90	9.52e-23	90.5	interchromosomal	NA	NA	NA
XP_002301166.2	XP_024444415.2	NC_037286.2	9332683	NC_037301.2	10127356	58.33	1.61e-22	91.7	interchromosomal	NA	NA	NA
XP_002301166.2	XP_024437369.2	NC_037286.2	9332683	NC_037295.2	11223426	55.41	1.66e-22	91.7	interchromosomal	NA	NA	NA
XP_002301166.2	XP_002315024.1	NC_037286.2	9332683	NC_037294.2	16783136	51.72	1.81e-22	91.3	interchromosomal	NA	NA	NA
XP_002301166.2	XP_002303852.3	NC_037286.2	9332683	NC_037287.2	18768266	41.09	9.47e-24	93.2	interchromosomal	NA	NA	NA
XP_002301166.2	XP_006381519.2	NC_037286.2	9332683	NC_037290.2	10930631	49.42	2.10e-22	90.9	interchromosomal	NA	NA	NA
XP_002301166.2	XP_024443283.1	NC_037286.2	9332683	NC_037300.2	6485177	52.00	3.12e-22	90.5	interchromosomal	NA	NA	NA
XP_002301166.2	XP_006375555.1	NC_037286.2	9332683	NC_037298.2	11864534	58.46	6.39e-22	89.7	interchromosomal	NA	NA	NA
XP_002301166.2	XP_002312267.1	NC_037286.2	9332683	NC_037292.2	5739919	50.62	2.98e-21	88.2	interchromosomal	NA	NA	NA
XP_002301166.2	XP_002302808.1	NC_037286.2	9332683	NC_037286.2	14860854	50.00	2.90e-21	87.8	intrachromosomal_distant	NA	NA	NA
XP_002301166.2	XP_002310044.1	NC_037286.2	9332683	NC_037291.2	10243688	34.27	3.09e-21	84.3	interchromosomal	NA	NA	NA
XP_002301166.2	XP_002321134.3	NC_037286.2	9332683	NC_037298.2	10916137	52.05	7.00e-21	86.7	interchromosomal	NA	NA	NA
XP_002301166.2	XP_006375168.1	NC_037286.2	9332683	NC_037298.2	3234387	37.50	2.79e-22	86.7	interchromosomal	NA	NA	NA
XP_002301166.2	XP_024456867.1	NC_037286.2	9332683	NC_037289.2	5877537	44.32	3.56e-21	82.8	interchromosomal	NA	NA	NA
XP_002301166.2	XP_024466667.1	NC_037286.2	9332683	NC_037285.2	21315533	50.00	9.34e-21	86.7	interchromosomal	NA	NA	NA
XP_002301166.2	XP_024455846.2	NC_037286.2	9332683	NC_037288.2	463543	46.67	4.75e-21	87.8	interchromosomal	NA	NA	NA
XP_002301166.2	XP_024440069.1	NC_037286.2	9332683	NC_037298.2	7538137	49.35	1.50e-20	85.5	interchromosomal	NA	NA	NA
XP_002301166.2	XP_002309066.3	NC_037286.2	9332683	NC_037290.2	6547400	46.51	1.62e-20	84.0	interchromosomal	NA	NA	NA
XP_002301166.2	XP_006371762.1	NC_037286.2	9332683	NC_037302.2	1349083	39.67	2.28e-21	86.3	interchromosomal	NA	NA	NA
XP_002301166.2	XP_006389578.1	NC_037286.2	9332683	NC_037295.2	587221	46.67	9.56e-21	87.0	interchromosomal	NA	NA	NA
XP_002301166.2	XP_002308538.1	NC_037286.2	9332683	NC_037290.2	22894958	52.11	2.64e-20	80.1	interchromosomal	NA	NA	NA
XP_002301166.2	XP_052308647.1	NC_037286.2	9332683	NC_037289.2	5998576	46.51	1.54e-20	82.0	interchromosomal	NA	NA	NA
XP_002301166.2	XP_052305286.1	NC_037286.2	9332683	NC_037303.2	9848168	41.18	1.31e-21	87.8	interchromosomal	NA	NA	NA
XP_002301166.2	XP_002324328.1	NC_037286.2	9332683	NC_037302.2	1335139	44.87	1.73e-20	82.8	interchromosomal	NA	NA	NA
XP_002301166.2	XP_002314962.2	NC_037286.2	9332683	NC_037294.2	15857170	44.19	2.81e-21	87.0	interchromosomal	NA	NA	NA
XP_002301166.2	XP_002312318.2	NC_037286.2	9332683	NC_037292.2	6517252	41.84	5.91e-21	85.9	interchromosomal	NA	NA	NA
XP_002301166.2	XP_024450700.1	NC_037286.2	9332683	NC_037286.2	21787634	50.69	1.55e-19	83.6	intrachromosomal_distant	NA	NA	NA
XP_002301166.2	XP_002323509.1	NC_037286.2	9332683	NC_037300.2	10100937	47.67	1.72e-19	80.9	interchromosomal	NA	NA	NA
XP_002301166.2	XP_024461002.1	NC_037286.2	9332683	NC_037291.2	10436238	42.05	2.70e-19	78.2	interchromosomal	NA	NA	NA
XP_002301166.2	XP_002323839.4	NC_037286.2	9332683	NC_037301.2	8849889	44.83	5.34e-19	81.6	interchromosomal	NA	NA	NA
XP_002301166.2	XP_002322274.1	NC_037286.2	9332683	NC_037299.2	11932322	36.00	4.27e-19	77.0	interchromosomal	NA	NA	NA
XP_002301166.2	XP_002302140.2	NC_037286.2	9332683	NC_037286.2	4065581	43.18	8.60e-21	84.7	intrachromosomal_distant	NA	NA	NA
XP_002301166.2	XP_002308704.1	NC_037286.2	9332683	NC_037290.2	25986082	35.29	4.12e-20	82.8	interchromosomal	NA	NA	NA
XP_002301166.2	XP_024446284.2	NC_037286.2	9332683	NC_037302.2	1292205	60.00	1.68e-18	79.7	interchromosomal	NA	NA	NA
XP_002301166.2	XP_006368868.2	NC_037286.2	9332683	NC_037285.2	4486450	37.63	5.31e-19	75.5	interchromosomal	NA	NA	NA
XP_002301166.2	XP_002306743.1	NC_037286.2	9332683	NC_037289.2	20829693	42.05	7.38e-20	82.0	interchromosomal	NA	NA	NA
XP_002301166.2	XP_006382109.3	NC_037286.2	9332683	NC_037290.2	26029137	56.67	3.00e-18	79.0	interchromosomal	NA	NA	NA
XP_002301166.2	XP_024436877.2	NC_037286.2	9332683	NC_037295.2	8531133	40.00	9.50e-20	81.3	interchromosomal	NA	NA	NA
XP_002301166.2	XP_006369893.1	NC_037286.2	9332683	NC_037285.2	36641635	40.00	4.04e-20	82.4	interchromosomal	NA	NA	NA
XP_002301166.2	XP_052303325.1	NC_037286.2	9332683	NC_037299.2	8984460	52.46	6.56e-18	78.6	interchromosomal	NA	NA	NA
XP_002301166.2	XP_002301524.3	NC_037286.2	9332683	NC_037286.2	15575016	41.18	7.26e-19	79.0	intrachromosomal_distant	NA	NA	NA
XP_002301166.2	XP_002304741.2	NC_037286.2	9332683	NC_037287.2	17779254	39.02	7.64e-18	73.2	interchromosomal	NA	NA	NA
XP_002301166.2	XP_024439297.1	NC_037286.2	9332683	NC_037297.2	9163560	43.62	2.21e-18	78.2	interchromosomal	NA	NA	NA
XP_002301166.2	XP_002320967.3	NC_037286.2	9332683	NC_037298.2	7968052	41.18	1.09e-18	78.6	interchromosomal	NA	NA	NA
XP_002301166.2	XP_002311329.2	NC_037286.2	9332683	NC_037292.2	5865817	42.68	1.37e-17	74.7	interchromosomal	NA	NA	NA
XP_002301166.2	XP_006373216.1	NC_037286.2	9332683	NC_037301.2	5566257	31.17	4.04e-20	79.3	interchromosomal	NA	NA	NA
XP_002301166.2	XP_002318747.1	NC_037286.2	9332683	NC_037296.2	12395944	48.39	5.53e-17	71.2	interchromosomal	NA	NA	NA
XP_002301166.2	XP_024466901.1	NC_037286.2	9332683	NC_037294.2	16611764	42.68	1.42e-17	75.1	interchromosomal	NA	NA	NA
XP_002301166.2	XP_002318373.2	NC_037286.2	9332683	NC_037296.2	911247	44.71	1.33e-16	73.2	interchromosomal	NA	NA	NA
XP_002301166.2	XP_002320160.2	NC_037286.2	9332683	NC_037298.2	5891006	44.05	5.44e-17	71.6	interchromosomal	NA	NA	NA
XP_002301166.2	XP_002301377.2	NC_037286.2	9332683	NC_037286.2	12619400	37.17	8.59e-17	70.9	intrachromosomal_distant	NA	NA	NA
XP_002301166.2	XP_002320852.4	NC_037286.2	9332683	NC_037298.2	6296630	45.78	2.21e-16	72.4	interchromosomal	NA	NA	NA
XP_002301166.2	XP_002302620.1	NC_037286.2	9332683	NC_037286.2	12950333	42.86	7.44e-16	70.9	intrachromosomal_distant	NA	NA	NA
XP_002301166.2	XP_002304549.1	NC_037286.2	9332683	NC_037287.2	15527228	38.09	1.01e-16	73.2	interchromosomal	NA	NA	NA
XP_002301166.2	XP_006368530.1	NC_037286.2	9332683	NC_037285.2	159614	37.14	1.33e-12	56.6	interchromosomal	NA	NA	NA
XP_002301166.2	XP_024452203.2	NC_037286.2	9332683	NC_037287.2	21584780	42.62	6.02e-11	52.8	interchromosomal	NA	NA	NA
XP_002301166.2	XP_002319879.4	NC_037286.2	9332683	NC_037297.2	9153347	35.29	7.21e-11	55.5	interchromosomal	NA	NA	NA
XP_002301237.2	XP_006375168.1	NC_037286.2	10431495	NC_037298.2	3234387	90.24	7.24e-140	383.0	interchromosomal	NA	NA	NA
XP_002301237.2	XP_002310044.1	NC_037286.2	10431495	NC_037291.2	10243688	76.29	5.65e-53	163.0	interchromosomal	NA	NA	NA
XP_002301237.2	XP_052308647.1	NC_037286.2	10431495	NC_037289.2	5998576	75.26	2.62e-52	161.0	interchromosomal	NA	NA	NA
XP_002301237.2	XP_006368868.2	NC_037286.2	10431495	NC_037285.2	4486450	51.75	2.64e-40	128.0	interchromosomal	NA	NA	NA
XP_002301237.2	XP_002320160.2	NC_037286.2	10431495	NC_037298.2	5891006	71.25	3.14e-39	126.0	interchromosomal	NA	NA	NA
XP_002301237.2	XP_002301377.2	NC_037286.2	10431495	NC_037286.2	12619400	45.10	8.87e-39	125.0	intrachromosomal_distant	NA	NA	NA
XP_002301237.2	XP_002304741.2	NC_037286.2	10431495	NC_037287.2	17779254	58.89	5.15e-38	122.0	interchromosomal	NA	NA	NA
XP_002301237.2	XP_006373216.1	NC_037286.2	10431495	NC_037301.2	5566257	41.88	1.67e-41	132.0	interchromosomal	NA	NA	NA
XP_002301237.2	XP_002312318.2	NC_037286.2	10431495	NC_037292.2	6517252	65.06	1.26e-36	125.0	interchromosomal	NA	NA	NA
XP_002301237.2	XP_002311329.2	NC_037286.2	10431495	NC_037292.2	5865817	64.71	5.69e-36	121.0	interchromosomal	NA	NA	NA
XP_002301237.2	XP_024466901.1	NC_037286.2	10431495	NC_037294.2	16611764	67.09	2.32e-35	120.0	interchromosomal	NA	NA	NA
XP_002301237.2	XP_002326093.4	NC_037286.2	10431495	NC_037303.2	14801942	58.24	3.00e-35	124.0	interchromosomal	NA	NA	NA
XP_002301237.2	XP_002319959.2	NC_037286.2	10431495	NC_037297.2	14908280	59.34	5.57e-35	123.0	interchromosomal	NA	NA	NA
XP_002301237.2	XP_002323637.2	NC_037286.2	10431495	NC_037300.2	13149873	56.00	6.21e-35	122.0	interchromosomal	NA	NA	NA
XP_002301237.2	XP_002314962.2	NC_037286.2	10431495	NC_037294.2	15857170	63.85	1.29e-35	122.0	interchromosomal	NA	NA	NA
XP_002301237.2	XP_024437369.2	NC_037286.2	10431495	NC_037295.2	11223426	42.47	3.68e-34	120.0	interchromosomal	NA	NA	NA
XP_002301237.2	XP_002301524.3	NC_037286.2	10431495	NC_037286.2	15575016	50.89	5.25e-34	117.0	intrachromosomal_distant	NA	NA	NA
XP_002301237.2	XP_024454278.1	NC_037286.2	10431495	NC_037288.2	11508039	60.00	8.57e-34	119.0	interchromosomal	NA	NA	NA
XP_002301237.2	XP_006378014.1	NC_037286.2	10431495	NC_037295.2	19237430	65.79	9.48e-34	120.0	interchromosomal	NA	NA	NA
XP_002301237.2	XP_024444415.2	NC_037286.2	10431495	NC_037301.2	10127356	56.52	1.23e-33	119.0	interchromosomal	NA	NA	NA
XP_002301237.2	XP_002302140.2	NC_037286.2	10431495	NC_037286.2	4065581	45.65	6.57e-35	119.0	intrachromosomal_distant	NA	NA	NA
XP_002301237.2	XP_024436877.2	NC_037286.2	10431495	NC_037295.2	8531133	61.91	4.22e-35	119.0	interchromosomal	NA	NA	NA
XP_002301237.2	XP_002318747.1	NC_037286.2	10431495	NC_037296.2	12395944	64.56	1.67e-33	112.0	interchromosomal	NA	NA	NA
XP_002301237.2	XP_002306743.1	NC_037286.2	10431495	NC_037289.2	20829693	47.37	8.53e-35	119.0	interchromosomal	NA	NA	NA
XP_002301237.2	XP_002320967.3	NC_037286.2	10431495	NC_037298.2	7968052	50.00	2.27e-33	115.0	interchromosomal	NA	NA	NA
XP_002301237.2	XP_006369893.1	NC_037286.2	10431495	NC_037285.2	36641635	47.41	3.07e-36	123.0	interchromosomal	NA	NA	NA
XP_002301237.2	XP_002315024.1	NC_037286.2	10431495	NC_037294.2	16783136	60.00	7.33e-33	117.0	interchromosomal	NA	NA	NA
XP_002301237.2	XP_002322274.1	NC_037286.2	10431495	NC_037299.2	11932322	64.20	3.80e-33	110.0	interchromosomal	NA	NA	NA
XP_002301237.2	XP_024438829.2	NC_037286.2	10431495	NC_037297.2	7868485	57.30	3.60e-32	115.0	interchromosomal	NA	NA	NA
XP_002301237.2	XP_024458700.1	NC_037286.2	10431495	NC_037290.2	8094569	49.54	6.19e-32	114.0	interchromosomal	NA	NA	NA
XP_002301237.2	XP_002312267.1	NC_037286.2	10431495	NC_037292.2	5739919	58.82	2.72e-31	112.0	interchromosomal	NA	NA	NA
XP_002301237.2	XP_006375555.1	NC_037286.2	10431495	NC_037298.2	11864534	39.52	8.98e-31	110.0	interchromosomal	NA	NA	NA
XP_002301237.2	XP_024461002.1	NC_037286.2	10431495	NC_037291.2	10436238	55.17	1.05e-30	105.0	interchromosomal	NA	NA	NA
XP_002301237.2	XP_024456867.1	NC_037286.2	10431495	NC_037289.2	5877537	37.50	2.23e-32	109.0	interchromosomal	NA	NA	NA
XP_002301237.2	XP_002308538.1	NC_037286.2	10431495	NC_037290.2	22894958	60.53	9.18e-31	104.0	interchromosomal	NA	NA	NA
XP_002301237.2	XP_006381519.2	NC_037286.2	10431495	NC_037290.2	10930631	52.87	1.39e-29	107.0	interchromosomal	NA	NA	NA
XP_002301237.2	XP_024443283.1	NC_037286.2	10431495	NC_037300.2	6485177	55.41	8.30e-28	102.0	interchromosomal	NA	NA	NA
XP_002301237.2	XP_002309066.3	NC_037286.2	10431495	NC_037290.2	6547400	66.10	1.90e-24	91.7	interchromosomal	NA	NA	NA
XP_002301237.2	XP_002323509.1	NC_037286.2	10431495	NC_037300.2	10100937	55.26	8.21e-24	90.1	interchromosomal	NA	NA	NA
XP_002301237.2	XP_024446053.1	NC_037286.2	10431495	NC_037302.2	12567397	44.87	1.29e-22	87.8	interchromosomal	NA	NA	NA
XP_002301237.2	XP_024440069.1	NC_037286.2	10431495	NC_037298.2	7538137	50.67	3.64e-22	87.4	interchromosomal	NA	NA	NA
XP_002301237.2	XP_002319082.4	NC_037286.2	10431495	NC_037297.2	2936940	36.23	2.37e-22	86.3	interchromosomal	NA	NA	NA
XP_002301237.2	XP_002302070.2	NC_037286.2	10431495	NC_037286.2	2846278	38.81	4.05e-22	85.5	intrachromosomal_distant	NA	NA	NA
XP_002301237.2	XP_024455846.2	NC_037286.2	10431495	NC_037288.2	463543	49.33	8.67e-22	86.7	interchromosomal	NA	NA	NA
XP_002301237.2	XP_002323839.4	NC_037286.2	10431495	NC_037301.2	8849889	48.68	9.90e-22	86.7	interchromosomal	NA	NA	NA
XP_002301237.2	XP_006382812.1	NC_037286.2	10431495	NC_037289.2	3486578	35.51	1.24e-21	84.0	interchromosomal	NA	NA	NA
XP_002301237.2	XP_006389578.1	NC_037286.2	10431495	NC_037295.2	587221	49.33	1.94e-21	85.9	interchromosomal	NA	NA	NA
XP_002301237.2	XP_002302808.1	NC_037286.2	10431495	NC_037286.2	14860854	38.32	1.50e-21	84.7	intrachromosomal_distant	NA	NA	NA
XP_002301237.2	XP_024460429.2	NC_037286.2	10431495	NC_037290.2	19088117	37.50	1.44e-21	85.9	interchromosomal	NA	NA	NA
XP_002301237.2	XP_024441317.1	NC_037286.2	10431495	NC_037298.2	1460990	40.57	1.72e-21	84.0	interchromosomal	NA	NA	NA
XP_002301237.2	XP_002306823.1	NC_037286.2	10431495	NC_037289.2	22204644	40.17	2.26e-21	83.2	interchromosomal	NA	NA	NA
XP_002301237.2	XP_002321134.3	NC_037286.2	10431495	NC_037298.2	10916137	49.33	5.56e-21	84.7	interchromosomal	NA	NA	NA
XP_002301237.2	XP_002310122.1	NC_037286.2	10431495	NC_037291.2	4339587	42.53	3.13e-21	82.8	interchromosomal	NA	NA	NA
XP_002301237.2	XP_006371762.1	NC_037286.2	10431495	NC_037302.2	1349083	40.18	6.50e-21	81.6	interchromosomal	NA	NA	NA
XP_002301237.2	XP_006383530.2	NC_037286.2	10431495	NC_037289.2	11313285	38.84	1.07e-20	81.3	interchromosomal	NA	NA	NA
XP_002301237.2	XP_052303325.1	NC_037286.2	10431495	NC_037299.2	8984460	47.30	2.24e-20	82.8	interchromosomal	NA	NA	NA
XP_002301237.2	XP_024466667.1	NC_037286.2	10431495	NC_037285.2	21315533	48.65	4.01e-20	81.6	interchromosomal	NA	NA	NA
XP_002301237.2	XP_002324328.1	NC_037286.2	10431495	NC_037302.2	1335139	51.61	5.44e-20	79.0	interchromosomal	NA	NA	NA
XP_002301237.2	XP_002308998.1	NC_037286.2	10431495	NC_037290.2	5266321	42.53	9.75e-20	78.2	interchromosomal	NA	NA	NA
XP_002301237.2	XP_002324382.1	NC_037286.2	10431495	NC_037302.2	615270	40.21	1.02e-19	78.6	interchromosomal	NA	NA	NA
XP_002301237.2	XP_024450700.1	NC_037286.2	10431495	NC_037286.2	21787634	46.67	3.35e-19	79.3	intrachromosomal_distant	NA	NA	NA
XP_002301237.2	XP_002308704.1	NC_037286.2	10431495	NC_037290.2	25986082	39.29	1.97e-19	77.8	interchromosomal	NA	NA	NA
XP_002301237.2	XP_002325248.3	NC_037286.2	10431495	NC_037302.2	14435429	37.74	3.26e-19	77.0	interchromosomal	NA	NA	NA
XP_002301237.2	XP_006382109.3	NC_037286.2	10431495	NC_037290.2	26029137	42.39	6.04e-19	78.2	interchromosomal	NA	NA	NA
XP_002301237.2	XP_024446284.2	NC_037286.2	10431495	NC_037302.2	1292205	43.75	7.06e-19	78.2	interchromosomal	NA	NA	NA
XP_002301237.2	XP_002303852.3	NC_037286.2	10431495	NC_037287.2	18768266	42.10	3.68e-18	74.7	interchromosomal	NA	NA	NA
XP_002301237.2	XP_006368511.1	NC_037286.2	10431495	NC_037285.2	3207145	48.33	3.26e-18	74.3	interchromosomal	NA	NA	NA
XP_002301237.2	XP_024452726.1	NC_037286.2	10431495	NC_037287.2	13432844	39.08	4.54e-18	73.6	interchromosomal	NA	NA	NA
XP_002301237.2	XP_002318373.2	NC_037286.2	10431495	NC_037296.2	911247	45.45	9.61e-18	73.9	interchromosomal	NA	NA	NA
XP_002301237.2	XP_002309186.4	NC_037286.2	10431495	NC_037290.2	8482325	38.09	1.45e-16	69.7	interchromosomal	NA	NA	NA
XP_002301237.2	XP_002301514.2	NC_037286.2	10431495	NC_037286.2	15813542	54.39	1.17e-16	69.3	intrachromosomal_distant	NA	NA	NA
XP_002301237.2	XP_002320852.4	NC_037286.2	10431495	NC_037298.2	6296630	52.54	1.17e-15	68.2	interchromosomal	NA	NA	NA
XP_002301237.2	XP_002305730.1	NC_037286.2	10431495	NC_037288.2	5076521	45.59	3.19e-16	67.8	interchromosomal	NA	NA	NA
XP_002301237.2	XP_052303237.1	NC_037286.2	10431495	NC_037298.2	8049826	52.63	8.05e-16	67.4	interchromosomal	NA	NA	NA
XP_002301237.2	XP_024458563.1	NC_037286.2	10431495	NC_037285.2	48605799	48.33	1.52e-15	68.2	interchromosomal	NA	NA	NA
XP_002301237.2	XP_006368768.2	NC_037286.2	10431495	NC_037285.2	7882247	33.33	1.64e-15	66.6	interchromosomal	NA	NA	NA
XP_002301237.2	XP_052301100.1	NC_037286.2	10431495	NC_037295.2	18333481	48.33	1.61e-15	68.2	interchromosomal	NA	NA	NA
XP_002301237.2	XP_002317397.1	NC_037286.2	10431495	NC_037295.2	6182166	49.12	1.90e-15	65.9	interchromosomal	NA	NA	NA
XP_002301237.2	XP_002304549.1	NC_037286.2	10431495	NC_037287.2	15527228	51.72	2.07e-15	67.0	interchromosomal	NA	NA	NA
XP_002301237.2	XP_006372370.1	NC_037286.2	10431495	NC_037301.2	14784916	45.90	7.31e-15	66.2	interchromosomal	NA	NA	NA
XP_002301237.2	XP_002302620.1	NC_037286.2	10431495	NC_037286.2	12950333	37.04	5.58e-15	65.5	intrachromosomal_distant	NA	NA	NA
XP_002301237.2	XP_006375351.1	NC_037286.2	10431495	NC_037298.2	5870811	50.88	3.36e-15	66.6	interchromosomal	NA	NA	NA
XP_002301237.2	XP_002323675.2	NC_037286.2	10431495	NC_037300.2	14139186	38.71	9.17e-17	70.9	interchromosomal	NA	NA	NA
XP_002301237.2	XP_006386616.2	NC_037286.2	10431495	NC_037286.2	12590323	50.88	3.79e-15	66.6	intrachromosomal_distant	NA	NA	NA
XP_002301237.2	XP_024439297.1	NC_037286.2	10431495	NC_037297.2	9163560	47.46	1.18e-14	64.3	interchromosomal	NA	NA	NA
XP_002301237.2	XP_002305271.3	NC_037286.2	10431495	NC_037288.2	6053102	45.90	1.34e-14	65.5	interchromosomal	NA	NA	NA
XP_002301237.2	XP_052305286.1	NC_037286.2	10431495	NC_037303.2	9848168	50.00	1.30e-14	65.1	interchromosomal	NA	NA	NA
XP_002301237.2	XP_002303610.1	NC_037286.2	10431495	NC_037287.2	15075424	46.55	6.42e-14	62.8	interchromosomal	NA	NA	NA
XP_002301237.2	XP_024452203.2	NC_037286.2	10431495	NC_037287.2	21584780	43.94	1.20e-13	58.5	interchromosomal	NA	NA	NA
XP_002301237.2	XP_006368530.1	NC_037286.2	10431495	NC_037285.2	159614	44.00	1.10e-14	61.2	interchromosomal	NA	NA	NA
XP_002301237.2	XP_002319879.4	NC_037286.2	10431495	NC_037297.2	9153347	40.00	4.03e-12	57.0	interchromosomal	NA	NA	NA
XP_006386616.2	XP_052301100.1	NC_037286.2	12590323	NC_037295.2	18333481	49.75	1.18e-48	163.0	interchromosomal	NA	NA	NA
XP_006386616.2	XP_024458563.1	NC_037286.2	12590323	NC_037285.2	48605799	46.92	6.77e-48	161.0	interchromosomal	NA	NA	NA
XP_006386616.2	XP_052303237.1	NC_037286.2	12590323	NC_037298.2	8049826	47.22	4.10e-34	120.0	interchromosomal	NA	NA	NA
XP_006386616.2	XP_024452726.1	NC_037286.2	12590323	NC_037287.2	13432844	52.38	1.23e-31	114.0	interchromosomal	NA	NA	NA
XP_006386616.2	XP_024441317.1	NC_037286.2	12590323	NC_037298.2	1460990	57.47	2.17e-29	109.0	interchromosomal	NA	NA	NA
XP_006386616.2	XP_024454278.1	NC_037286.2	12590323	NC_037288.2	11508039	50.63	1.45e-20	85.5	interchromosomal	NA	NA	NA
XP_006386616.2	XP_024444415.2	NC_037286.2	12590323	NC_037301.2	10127356	49.37	3.53e-20	84.3	interchromosomal	NA	NA	NA
XP_006386616.2	XP_024443283.1	NC_037286.2	12590323	NC_037300.2	6485177	42.73	3.95e-20	84.0	interchromosomal	NA	NA	NA
XP_006386616.2	XP_024436877.2	NC_037286.2	12590323	NC_037295.2	8531133	55.74	4.38e-20	82.4	interchromosomal	NA	NA	NA
XP_006386616.2	XP_024438829.2	NC_037286.2	12590323	NC_037297.2	7868485	46.43	7.74e-20	83.6	interchromosomal	NA	NA	NA
XP_006386616.2	XP_024466667.1	NC_037286.2	12590323	NC_037285.2	21315533	44.90	1.42e-19	82.4	interchromosomal	NA	NA	NA
XP_006386616.2	XP_024440069.1	NC_037286.2	12590323	NC_037298.2	7538137	50.69	1.39e-19	83.2	interchromosomal	NA	NA	NA
XP_006386616.2	XP_024455846.2	NC_037286.2	12590323	NC_037288.2	463543	49.31	3.76e-19	82.0	interchromosomal	NA	NA	NA
XP_006386616.2	XP_006389578.1	NC_037286.2	12590323	NC_037295.2	587221	44.05	1.60e-18	80.1	interchromosomal	NA	NA	NA
XP_006386616.2	XP_024450700.1	NC_037286.2	12590323	NC_037286.2	21787634	46.67	2.13e-18	79.3	intrachromosomal_distant	NA	NA	NA
XP_006386616.2	XP_024437369.2	NC_037286.2	12590323	NC_037295.2	11223426	46.75	5.01e-18	77.8	interchromosomal	NA	NA	NA
XP_006386616.2	XP_052303325.1	NC_037286.2	12590323	NC_037299.2	8984460	36.21	1.75e-18	80.1	interchromosomal	NA	NA	NA
XP_006386616.2	XP_024446053.1	NC_037286.2	12590323	NC_037302.2	12567397	35.94	3.29e-17	75.5	interchromosomal	NA	NA	NA
XP_006386616.2	XP_024466901.1	NC_037286.2	12590323	NC_037294.2	16611764	54.39	3.89e-17	73.9	interchromosomal	NA	NA	NA
XP_006386616.2	XP_024456867.1	NC_037286.2	12590323	NC_037289.2	5877537	40.21	1.96e-17	72.4	interchromosomal	NA	NA	NA
XP_006386616.2	XP_024460429.2	NC_037286.2	12590323	NC_037290.2	19088117	45.71	1.73e-16	73.2	interchromosomal	NA	NA	NA
XP_006386616.2	XP_024461002.1	NC_037286.2	12590323	NC_037291.2	10436238	36.21	1.87e-16	70.1	interchromosomal	NA	NA	NA
XP_006386616.2	XP_024458700.1	NC_037286.2	12590323	NC_037290.2	8094569	50.79	4.80e-16	72.0	interchromosomal	NA	NA	NA
XP_006386616.2	XP_024439297.1	NC_037286.2	12590323	NC_037297.2	9163560	44.09	1.47e-17	75.9	interchromosomal	NA	NA	NA
XP_006386616.2	XP_052308647.1	NC_037286.2	12590323	NC_037289.2	5998576	48.39	4.82e-15	66.6	interchromosomal	NA	NA	NA
XP_006386616.2	XP_052305286.1	NC_037286.2	12590323	NC_037303.2	9848168	41.94	7.22e-15	67.8	interchromosomal	NA	NA	NA
XP_006386616.2	XP_024446284.2	NC_037286.2	12590323	NC_037302.2	1292205	48.65	4.87e-14	66.2	interchromosomal	NA	NA	NA
XP_002301377.2	XP_002320160.2	NC_037286.2	12619400	NC_037298.2	5891006	83.94	9.25e-112	310.0	interchromosomal	NA	NA	NA
XP_002301377.2	XP_006368868.2	NC_037286.2	12619400	NC_037285.2	4486450	59.17	2.22e-49	151.0	interchromosomal	NA	NA	NA
XP_002301377.2	XP_002304741.2	NC_037286.2	12619400	NC_037287.2	17779254	67.71	1.52e-47	146.0	interchromosomal	NA	NA	NA
XP_002301377.2	XP_002318747.1	NC_037286.2	12619400	NC_037296.2	12395944	64.08	3.29e-46	144.0	interchromosomal	NA	NA	NA
XP_002301377.2	XP_006373216.1	NC_037286.2	12619400	NC_037301.2	5566257	65.42	3.11e-47	147.0	interchromosomal	NA	NA	NA
XP_002301377.2	XP_002322274.1	NC_037286.2	12619400	NC_037299.2	11932322	65.66	7.14e-45	140.0	interchromosomal	NA	NA	NA
XP_002301377.2	XP_006375168.1	NC_037286.2	12619400	NC_037298.2	3234387	48.85	5.08e-38	124.0	interchromosomal	NA	NA	NA
XP_002301377.2	XP_002312318.2	NC_037286.2	12619400	NC_037292.2	6517252	63.27	1.53e-35	122.0	interchromosomal	NA	NA	NA
XP_002301377.2	XP_002301524.3	NC_037286.2	12619400	NC_037286.2	15575016	57.55	3.36e-36	122.0	intrachromosomal_distant	NA	NA	NA
XP_002301377.2	XP_002314962.2	NC_037286.2	12619400	NC_037294.2	15857170	62.24	2.45e-35	121.0	interchromosomal	NA	NA	NA
XP_002301377.2	XP_002320967.3	NC_037286.2	12619400	NC_037298.2	7968052	56.60	4.84e-36	122.0	interchromosomal	NA	NA	NA
XP_002301377.2	XP_052308647.1	NC_037286.2	12619400	NC_037289.2	5998576	57.45	3.41e-34	114.0	interchromosomal	NA	NA	NA
XP_002301377.2	XP_002310044.1	NC_037286.2	12619400	NC_037291.2	10243688	39.77	8.75e-34	114.0	interchromosomal	NA	NA	NA
XP_002301377.2	XP_006369893.1	NC_037286.2	12619400	NC_037285.2	36641635	53.04	1.40e-35	120.0	interchromosomal	NA	NA	NA
XP_002301377.2	XP_002311329.2	NC_037286.2	12619400	NC_037292.2	5865817	64.71	1.64e-33	114.0	interchromosomal	NA	NA	NA
XP_002301377.2	XP_024436877.2	NC_037286.2	12619400	NC_037295.2	8531133	60.83	6.71e-35	119.0	interchromosomal	NA	NA	NA
XP_002301377.2	XP_024466901.1	NC_037286.2	12619400	NC_037294.2	16611764	65.06	2.42e-33	114.0	interchromosomal	NA	NA	NA
XP_002301377.2	XP_002302140.2	NC_037286.2	12619400	NC_037286.2	4065581	58.42	6.63e-36	122.0	intrachromosomal_distant	NA	NA	NA
XP_002301377.2	XP_002306743.1	NC_037286.2	12619400	NC_037289.2	20829693	55.88	6.37e-34	117.0	interchromosomal	NA	NA	NA
XP_002301377.2	XP_024444415.2	NC_037286.2	12619400	NC_037301.2	10127356	43.26	4.38e-30	109.0	interchromosomal	NA	NA	NA
XP_002301377.2	XP_024461002.1	NC_037286.2	12619400	NC_037291.2	10436238	44.17	3.34e-29	100.0	interchromosomal	NA	NA	NA
XP_002301377.2	XP_024454278.1	NC_037286.2	12619400	NC_037288.2	11508039	59.21	3.68e-29	106.0	interchromosomal	NA	NA	NA
XP_002301377.2	XP_006378014.1	NC_037286.2	12619400	NC_037295.2	19237430	43.06	7.37e-29	105.0	interchromosomal	NA	NA	NA
XP_002301377.2	XP_024456867.1	NC_037286.2	12619400	NC_037289.2	5877537	50.00	1.35e-28	99.8	interchromosomal	NA	NA	NA
XP_002301377.2	XP_002315024.1	NC_037286.2	12619400	NC_037294.2	16783136	57.90	1.79e-27	102.0	interchromosomal	NA	NA	NA
XP_002301377.2	XP_002323637.2	NC_037286.2	12619400	NC_037300.2	13149873	45.90	4.76e-27	101.0	interchromosomal	NA	NA	NA
XP_002301377.2	XP_002326093.4	NC_037286.2	12619400	NC_037303.2	14801942	61.84	3.93e-27	100.0	interchromosomal	NA	NA	NA
XP_002301377.2	XP_002308538.1	NC_037286.2	12619400	NC_037290.2	22894958	45.74	2.27e-31	105.0	interchromosomal	NA	NA	NA
XP_002301377.2	XP_024458700.1	NC_037286.2	12619400	NC_037290.2	8094569	44.91	1.21e-26	99.0	interchromosomal	NA	NA	NA
XP_002301377.2	XP_006375555.1	NC_037286.2	12619400	NC_037298.2	11864534	58.11	2.50e-26	99.0	interchromosomal	NA	NA	NA
XP_002301377.2	XP_024437369.2	NC_037286.2	12619400	NC_037295.2	11223426	57.14	3.01e-26	99.4	interchromosomal	NA	NA	NA
XP_002301377.2	XP_002319959.2	NC_037286.2	12619400	NC_037297.2	14908280	61.97	4.87e-26	98.6	interchromosomal	NA	NA	NA
XP_002301377.2	XP_024443283.1	NC_037286.2	12619400	NC_037300.2	6485177	35.29	2.79e-26	97.8	interchromosomal	NA	NA	NA
XP_002301377.2	XP_006381519.2	NC_037286.2	12619400	NC_037290.2	10930631	57.75	3.57e-26	97.4	interchromosomal	NA	NA	NA
XP_002301377.2	XP_002312267.1	NC_037286.2	12619400	NC_037292.2	5739919	55.26	7.69e-26	96.7	interchromosomal	NA	NA	NA
XP_002301377.2	XP_024438829.2	NC_037286.2	12619400	NC_037297.2	7868485	59.16	1.32e-25	96.3	interchromosomal	NA	NA	NA
XP_002301377.2	XP_002309066.3	NC_037286.2	12619400	NC_037290.2	6547400	60.94	2.27e-25	94.0	interchromosomal	NA	NA	NA
XP_002301377.2	XP_002323839.4	NC_037286.2	12619400	NC_037301.2	8849889	48.86	7.26e-25	95.1	interchromosomal	NA	NA	NA
XP_002301377.2	XP_002323509.1	NC_037286.2	12619400	NC_037300.2	10100937	50.00	1.42e-24	91.3	interchromosomal	NA	NA	NA
XP_002301377.2	XP_002321134.3	NC_037286.2	12619400	NC_037298.2	10916137	51.35	8.73e-23	88.2	interchromosomal	NA	NA	NA
XP_002301377.2	XP_002302808.1	NC_037286.2	12619400	NC_037286.2	14860854	30.59	4.76e-22	85.9	intrachromosomal_distant	NA	NA	NA
XP_002301377.2	XP_024440069.1	NC_037286.2	12619400	NC_037298.2	7538137	33.95	5.63e-22	85.5	interchromosomal	NA	NA	NA
XP_002301377.2	XP_024446053.1	NC_037286.2	12619400	NC_037302.2	12567397	45.45	9.34e-22	86.3	interchromosomal	NA	NA	NA
XP_002301377.2	XP_024455846.2	NC_037286.2	12619400	NC_037288.2	463543	47.13	1.05e-21	86.3	interchromosomal	NA	NA	NA
XP_002301377.2	XP_024450700.1	NC_037286.2	12619400	NC_037286.2	21787634	51.35	1.07e-21	84.7	intrachromosomal_distant	NA	NA	NA
XP_002301377.2	XP_006389578.1	NC_037286.2	12619400	NC_037295.2	587221	50.63	2.19e-21	85.5	interchromosomal	NA	NA	NA
XP_002301377.2	XP_052303325.1	NC_037286.2	12619400	NC_037299.2	8984460	46.67	9.42e-22	86.7	interchromosomal	NA	NA	NA
XP_002301377.2	XP_024460429.2	NC_037286.2	12619400	NC_037290.2	19088117	43.18	3.49e-21	84.7	interchromosomal	NA	NA	NA
XP_002301377.2	XP_024466667.1	NC_037286.2	12619400	NC_037285.2	21315533	50.00	9.35e-21	83.2	interchromosomal	NA	NA	NA
XP_002301377.2	XP_002318373.2	NC_037286.2	12619400	NC_037296.2	911247	35.19	8.75e-21	81.6	interchromosomal	NA	NA	NA
XP_002301377.2	XP_006368511.1	NC_037286.2	12619400	NC_037285.2	3207145	41.35	1.30e-20	80.5	interchromosomal	NA	NA	NA
XP_002301377.2	XP_002320852.4	NC_037286.2	12619400	NC_037298.2	6296630	34.94	2.20e-20	80.5	interchromosomal	NA	NA	NA
XP_002301377.2	XP_006371762.1	NC_037286.2	12619400	NC_037302.2	1349083	41.00	3.64e-21	82.8	interchromosomal	NA	NA	NA
XP_002301377.2	XP_002304549.1	NC_037286.2	12619400	NC_037287.2	15527228	37.88	6.64e-20	79.0	interchromosomal	NA	NA	NA
XP_002301377.2	XP_024446284.2	NC_037286.2	12619400	NC_037302.2	1292205	46.75	2.05e-19	78.2	interchromosomal	NA	NA	NA
XP_002301377.2	XP_002303852.3	NC_037286.2	12619400	NC_037287.2	18768266	52.46	2.52e-19	77.8	interchromosomal	NA	NA	NA
XP_002301377.2	XP_006382109.3	NC_037286.2	12619400	NC_037290.2	26029137	46.48	6.80e-19	76.6	interchromosomal	NA	NA	NA
XP_002301377.2	XP_002324328.1	NC_037286.2	12619400	NC_037302.2	1335139	43.59	8.47e-19	75.1	interchromosomal	NA	NA	NA
XP_002301377.2	XP_002308704.1	NC_037286.2	12619400	NC_037290.2	25986082	38.23	1.96e-20	80.9	interchromosomal	NA	NA	NA
XP_002301377.2	XP_052303237.1	NC_037286.2	12619400	NC_037298.2	8049826	49.23	6.42e-18	72.8	interchromosomal	NA	NA	NA
XP_002301377.2	XP_002309186.4	NC_037286.2	12619400	NC_037290.2	8482325	45.33	1.03e-17	73.6	interchromosomal	NA	NA	NA
XP_002301377.2	XP_024441317.1	NC_037286.2	12619400	NC_037298.2	1460990	37.17	1.09e-17	73.6	interchromosomal	NA	NA	NA
XP_002301377.2	XP_006372370.1	NC_037286.2	12619400	NC_037301.2	14784916	40.00	1.35e-17	72.8	interchromosomal	NA	NA	NA
XP_002301377.2	XP_002301514.2	NC_037286.2	12619400	NC_037286.2	15813542	49.23	1.07e-17	72.0	intrachromosomal_distant	NA	NA	NA
XP_002301377.2	XP_006368768.2	NC_037286.2	12619400	NC_037285.2	7882247	34.82	1.47e-17	72.8	interchromosomal	NA	NA	NA
XP_002301377.2	XP_002305271.3	NC_037286.2	12619400	NC_037288.2	6053102	41.25	2.84e-17	72.0	interchromosomal	NA	NA	NA
XP_002301377.2	XP_002306823.1	NC_037286.2	12619400	NC_037289.2	22204644	50.00	1.42e-17	73.2	interchromosomal	NA	NA	NA
XP_002301377.2	XP_002302070.2	NC_037286.2	12619400	NC_037286.2	2846278	50.00	1.55e-17	73.2	intrachromosomal_distant	NA	NA	NA
XP_002301377.2	XP_002310122.1	NC_037286.2	12619400	NC_037291.2	4339587	41.11	6.49e-17	71.2	interchromosomal	NA	NA	NA
XP_002301377.2	XP_052301100.1	NC_037286.2	12619400	NC_037295.2	18333481	45.07	1.70e-16	70.9	interchromosomal	NA	NA	NA
XP_002301377.2	XP_024439297.1	NC_037286.2	12619400	NC_037297.2	9163560	51.72	1.81e-16	69.3	interchromosomal	NA	NA	NA
XP_002301377.2	XP_006383530.2	NC_037286.2	12619400	NC_037289.2	11313285	40.43	5.72e-17	71.2	interchromosomal	NA	NA	NA
XP_002301377.2	XP_002308998.1	NC_037286.2	12619400	NC_037290.2	5266321	49.18	2.05e-16	69.3	interchromosomal	NA	NA	NA
XP_002301377.2	XP_002324382.1	NC_037286.2	12619400	NC_037302.2	615270	44.05	6.71e-17	71.2	interchromosomal	NA	NA	NA
XP_002301377.2	XP_002323675.2	NC_037286.2	12619400	NC_037300.2	14139186	35.51	3.79e-18	74.3	interchromosomal	NA	NA	NA
XP_002301377.2	XP_002317397.1	NC_037286.2	12619400	NC_037295.2	6182166	50.00	6.82e-16	67.4	interchromosomal	NA	NA	NA
XP_002301377.2	XP_052305286.1	NC_037286.2	12619400	NC_037303.2	9848168	35.29	2.72e-16	69.7	interchromosomal	NA	NA	NA
XP_002301377.2	XP_024452726.1	NC_037286.2	12619400	NC_037287.2	13432844	36.13	1.02e-16	70.1	interchromosomal	NA	NA	NA
XP_002301377.2	XP_002319082.4	NC_037286.2	12619400	NC_037297.2	2936940	49.18	2.84e-16	69.3	interchromosomal	NA	NA	NA
XP_002301377.2	XP_002325248.3	NC_037286.2	12619400	NC_037302.2	14435429	45.07	2.57e-16	68.9	interchromosomal	NA	NA	NA
XP_002301377.2	XP_006382812.1	NC_037286.2	12619400	NC_037289.2	3486578	35.71	8.16e-16	68.2	interchromosomal	NA	NA	NA
XP_002301377.2	XP_002305730.1	NC_037286.2	12619400	NC_037288.2	5076521	50.00	2.84e-16	68.2	interchromosomal	NA	NA	NA
XP_002301377.2	XP_024458563.1	NC_037286.2	12619400	NC_037285.2	48605799	47.54	9.86e-16	68.6	interchromosomal	NA	NA	NA
XP_002301377.2	XP_002303610.1	NC_037286.2	12619400	NC_037287.2	15075424	33.93	1.79e-15	67.0	interchromosomal	NA	NA	NA
XP_002301377.2	XP_006375351.1	NC_037286.2	12619400	NC_037298.2	5870811	39.74	2.43e-15	66.6	interchromosomal	NA	NA	NA
XP_002301377.2	XP_002319879.4	NC_037286.2	12619400	NC_037297.2	9153347	47.46	6.75e-15	64.7	interchromosomal	NA	NA	NA
XP_002301377.2	XP_006368530.1	NC_037286.2	12619400	NC_037285.2	159614	40.35	9.04e-11	50.8	interchromosomal	NA	NA	NA
XP_002302620.1	XP_002320852.4	NC_037286.2	12950333	NC_037298.2	6296630	82.74	0.00e+00	604.0	interchromosomal	NA	NA	NA
XP_002302620.1	XP_002318373.2	NC_037286.2	12950333	NC_037296.2	911247	52.13	1.71e-107	313.0	interchromosomal	NA	NA	NA
XP_002302620.1	XP_002304549.1	NC_037286.2	12950333	NC_037287.2	15527228	46.07	2.11e-100	294.0	interchromosomal	NA	NA	NA
XP_002302620.1	XP_002309186.4	NC_037286.2	12950333	NC_037290.2	8482325	37.93	1.90e-32	117.0	interchromosomal	NA	NA	NA
XP_002302620.1	XP_024439297.1	NC_037286.2	12950333	NC_037297.2	9163560	45.76	1.87e-28	107.0	interchromosomal	NA	NA	NA
XP_002302620.1	XP_002319879.4	NC_037286.2	12950333	NC_037297.2	9153347	31.98	2.19e-28	106.0	interchromosomal	NA	NA	NA
XP_002302620.1	XP_002323675.2	NC_037286.2	12950333	NC_037300.2	14139186	36.54	4.81e-31	113.0	interchromosomal	NA	NA	NA
XP_002302620.1	XP_052305286.1	NC_037286.2	12950333	NC_037303.2	9848168	51.69	2.74e-24	95.9	interchromosomal	NA	NA	NA
XP_002302620.1	XP_006368868.2	NC_037286.2	12950333	NC_037285.2	4486450	55.00	1.01e-17	72.8	interchromosomal	NA	NA	NA
XP_002302620.1	XP_002304741.2	NC_037286.2	12950333	NC_037287.2	17779254	49.25	1.11e-17	72.8	interchromosomal	NA	NA	NA
XP_002302620.1	XP_006368768.2	NC_037286.2	12950333	NC_037285.2	7882247	40.43	1.35e-17	75.5	interchromosomal	NA	NA	NA
XP_002302620.1	XP_006373216.1	NC_037286.2	12950333	NC_037301.2	5566257	51.67	2.15e-17	71.6	interchromosomal	NA	NA	NA
XP_002302620.1	XP_002318747.1	NC_037286.2	12950333	NC_037296.2	12395944	53.33	2.71e-17	71.6	interchromosomal	NA	NA	NA
XP_002302620.1	XP_002320160.2	NC_037286.2	12950333	NC_037298.2	5891006	35.25	3.26e-17	71.2	interchromosomal	NA	NA	NA
XP_002302620.1	XP_024454278.1	NC_037286.2	12950333	NC_037288.2	11508039	50.00	1.44e-16	74.3	interchromosomal	NA	NA	NA
XP_002302620.1	XP_002322274.1	NC_037286.2	12950333	NC_037299.2	11932322	54.24	4.02e-17	70.9	interchromosomal	NA	NA	NA
XP_002302620.1	XP_052303237.1	NC_037286.2	12950333	NC_037298.2	8049826	54.84	2.17e-16	71.2	interchromosomal	NA	NA	NA
XP_002302620.1	XP_006375351.1	NC_037286.2	12950333	NC_037298.2	5870811	46.43	1.24e-16	72.8	interchromosomal	NA	NA	NA
XP_002302620.1	XP_002325248.3	NC_037286.2	12950333	NC_037302.2	14435429	40.66	2.84e-16	71.6	interchromosomal	NA	NA	NA
XP_002302620.1	XP_002303610.1	NC_037286.2	12950333	NC_037287.2	15075424	40.23	2.04e-16	72.0	interchromosomal	NA	NA	NA
XP_002302620.1	XP_002308998.1	NC_037286.2	12950333	NC_037290.2	5266321	41.67	2.00e-16	71.6	interchromosomal	NA	NA	NA
XP_002302620.1	XP_006372370.1	NC_037286.2	12950333	NC_037301.2	14784916	41.98	4.75e-16	71.6	interchromosomal	NA	NA	NA
XP_002302620.1	XP_002314962.2	NC_037286.2	12950333	NC_037294.2	15857170	33.73	5.80e-18	77.4	interchromosomal	NA	NA	NA
XP_002302620.1	XP_024452726.1	NC_037286.2	12950333	NC_037287.2	13432844	42.17	6.91e-16	70.5	interchromosomal	NA	NA	NA
XP_002302620.1	XP_006383530.2	NC_037286.2	12950333	NC_037289.2	11313285	39.80	5.44e-16	70.9	interchromosomal	NA	NA	NA
XP_002302620.1	XP_002312318.2	NC_037286.2	12950333	NC_037292.2	6517252	33.76	1.31e-17	76.3	interchromosomal	NA	NA	NA
XP_002302620.1	XP_002306823.1	NC_037286.2	12950333	NC_037289.2	22204644	41.94	8.92e-16	70.5	interchromosomal	NA	NA	NA
XP_002302620.1	XP_024441317.1	NC_037286.2	12950333	NC_037298.2	1460990	42.86	9.98e-16	70.5	interchromosomal	NA	NA	NA
XP_002302620.1	XP_002317397.1	NC_037286.2	12950333	NC_037295.2	6182166	45.33	1.34e-15	68.9	interchromosomal	NA	NA	NA
XP_002302620.1	XP_002310122.1	NC_037286.2	12950333	NC_037291.2	4339587	44.05	1.74e-15	69.3	interchromosomal	NA	NA	NA
XP_002302620.1	XP_002324382.1	NC_037286.2	12950333	NC_037302.2	615270	38.89	7.42e-16	70.5	interchromosomal	NA	NA	NA
XP_002302620.1	XP_024444415.2	NC_037286.2	12950333	NC_037301.2	10127356	44.29	2.53e-15	70.5	interchromosomal	NA	NA	NA
XP_002302620.1	XP_002305730.1	NC_037286.2	12950333	NC_037288.2	5076521	46.67	1.14e-15	68.6	interchromosomal	NA	NA	NA
XP_002302620.1	XP_002305271.3	NC_037286.2	12950333	NC_037288.2	6053102	44.05	2.82e-15	69.3	interchromosomal	NA	NA	NA
XP_002302620.1	XP_002312267.1	NC_037286.2	12950333	NC_037292.2	5739919	45.31	3.36e-15	69.7	interchromosomal	NA	NA	NA
XP_002302620.1	XP_002323839.4	NC_037286.2	12950333	NC_037301.2	8849889	36.29	3.70e-15	69.7	interchromosomal	NA	NA	NA
XP_002302620.1	XP_002323509.1	NC_037286.2	12950333	NC_037300.2	10100937	46.05	2.44e-15	68.6	interchromosomal	NA	NA	NA
XP_002302620.1	XP_006378014.1	NC_037286.2	12950333	NC_037295.2	19237430	43.42	7.42e-15	68.6	interchromosomal	NA	NA	NA
XP_002302620.1	XP_002319082.4	NC_037286.2	12950333	NC_037297.2	2936940	38.38	7.50e-15	67.8	interchromosomal	NA	NA	NA
XP_002302620.1	XP_006375168.1	NC_037286.2	12950333	NC_037298.2	3234387	38.89	1.47e-14	65.5	interchromosomal	NA	NA	NA
XP_002302620.1	XP_002309066.3	NC_037286.2	12950333	NC_037290.2	6547400	37.29	9.66e-15	66.6	interchromosomal	NA	NA	NA
XP_002302620.1	XP_002315024.1	NC_037286.2	12950333	NC_037294.2	16783136	38.67	1.06e-14	68.2	interchromosomal	NA	NA	NA
XP_002302620.1	XP_002306743.1	NC_037286.2	12950333	NC_037289.2	20829693	40.23	8.77e-15	67.0	interchromosomal	NA	NA	NA
XP_002302620.1	XP_006389578.1	NC_037286.2	12950333	NC_037295.2	587221	39.32	1.58e-14	68.2	interchromosomal	NA	NA	NA
XP_002302620.1	XP_006382812.1	NC_037286.2	12950333	NC_037289.2	3486578	38.38	2.06e-14	66.2	interchromosomal	NA	NA	NA
XP_002302620.1	XP_002311329.2	NC_037286.2	12950333	NC_037292.2	5865817	49.15	2.18e-14	65.9	interchromosomal	NA	NA	NA
XP_002302620.1	XP_024466901.1	NC_037286.2	12950333	NC_037294.2	16611764	49.15	1.41e-14	66.2	interchromosomal	NA	NA	NA
XP_002302620.1	XP_002320967.3	NC_037286.2	12950333	NC_037298.2	7968052	35.77	2.86e-16	71.6	interchromosomal	NA	NA	NA
XP_002302620.1	XP_024458563.1	NC_037286.2	12950333	NC_037285.2	48605799	40.23	3.73e-14	66.2	interchromosomal	NA	NA	NA
XP_002302620.1	XP_024436877.2	NC_037286.2	12950333	NC_037295.2	8531133	39.08	2.11e-14	65.9	interchromosomal	NA	NA	NA
XP_002302620.1	XP_006369893.1	NC_037286.2	12950333	NC_037285.2	36641635	37.90	1.50e-14	66.2	interchromosomal	NA	NA	NA
XP_002302620.1	XP_052301100.1	NC_037286.2	12950333	NC_037295.2	18333481	38.89	5.51e-14	65.9	interchromosomal	NA	NA	NA
XP_002302620.1	XP_024455846.2	NC_037286.2	12950333	NC_037288.2	463543	37.61	5.38e-14	66.6	interchromosomal	NA	NA	NA
XP_002302620.1	XP_024438829.2	NC_037286.2	12950333	NC_037297.2	7868485	38.96	7.77e-14	65.5	interchromosomal	NA	NA	NA
XP_002302620.1	XP_024450700.1	NC_037286.2	12950333	NC_037286.2	21787634	44.59	1.36e-13	65.5	intrachromosomal_distant	NA	NA	NA
XP_002302620.1	XP_002321134.3	NC_037286.2	12950333	NC_037298.2	10916137	50.85	2.18e-13	63.9	interchromosomal	NA	NA	NA
XP_002302620.1	XP_024458700.1	NC_037286.2	12950333	NC_037290.2	8094569	32.76	2.29e-13	63.9	interchromosomal	NA	NA	NA
XP_002302620.1	XP_024440069.1	NC_037286.2	12950333	NC_037298.2	7538137	50.85	2.86e-13	63.9	interchromosomal	NA	NA	NA
XP_002302620.1	XP_002326093.4	NC_037286.2	12950333	NC_037303.2	14801942	47.46	3.73e-13	63.9	interchromosomal	NA	NA	NA
XP_002302620.1	XP_002310044.1	NC_037286.2	12950333	NC_037291.2	10243688	46.67	3.13e-13	61.6	interchromosomal	NA	NA	NA
XP_002302620.1	XP_052308647.1	NC_037286.2	12950333	NC_037289.2	5998576	47.46	1.87e-13	61.6	interchromosomal	NA	NA	NA
XP_002302620.1	XP_024466667.1	NC_037286.2	12950333	NC_037285.2	21315533	54.24	4.94e-13	62.8	interchromosomal	NA	NA	NA
XP_002302620.1	XP_052303325.1	NC_037286.2	12950333	NC_037299.2	8984460	52.54	6.84e-13	63.2	interchromosomal	NA	NA	NA
XP_002302620.1	XP_002319959.2	NC_037286.2	12950333	NC_037297.2	14908280	47.46	9.73e-13	62.4	interchromosomal	NA	NA	NA
XP_002302620.1	XP_006382109.3	NC_037286.2	12950333	NC_037290.2	26029137	46.77	9.93e-13	62.0	interchromosomal	NA	NA	NA
XP_002302620.1	XP_002323637.2	NC_037286.2	12950333	NC_037300.2	13149873	47.46	9.59e-13	62.4	interchromosomal	NA	NA	NA
XP_002302620.1	XP_006381519.2	NC_037286.2	12950333	NC_037290.2	10930631	45.00	1.20e-12	61.2	interchromosomal	NA	NA	NA
XP_002302620.1	XP_024443283.1	NC_037286.2	12950333	NC_037300.2	6485177	47.46	1.74e-12	60.8	interchromosomal	NA	NA	NA
XP_002302620.1	XP_024446053.1	NC_037286.2	12950333	NC_037302.2	12567397	42.03	2.20e-12	60.8	interchromosomal	NA	NA	NA
XP_002302620.1	XP_024437369.2	NC_037286.2	12950333	NC_037295.2	11223426	45.76	3.38e-12	60.8	interchromosomal	NA	NA	NA
XP_002302620.1	XP_024460429.2	NC_037286.2	12950333	NC_037290.2	19088117	38.64	1.20e-12	62.0	interchromosomal	NA	NA	NA
XP_002302620.1	XP_024446284.2	NC_037286.2	12950333	NC_037302.2	1292205	45.16	4.91e-12	59.7	interchromosomal	NA	NA	NA
XP_002302620.1	XP_002308538.1	NC_037286.2	12950333	NC_037290.2	22894958	43.33	5.81e-12	56.6	interchromosomal	NA	NA	NA
XP_002302620.1	XP_002308704.1	NC_037286.2	12950333	NC_037290.2	25986082	41.43	1.01e-11	57.8	interchromosomal	NA	NA	NA
XP_002302620.1	XP_006371762.1	NC_037286.2	12950333	NC_037302.2	1349083	47.46	1.75e-11	57.4	interchromosomal	NA	NA	NA
XP_002302620.1	XP_024456867.1	NC_037286.2	12950333	NC_037289.2	5877537	42.37	9.12e-12	56.2	interchromosomal	NA	NA	NA
XP_002302620.1	XP_006375555.1	NC_037286.2	12950333	NC_037298.2	11864534	42.37	3.43e-11	57.0	interchromosomal	NA	NA	NA
XP_002302620.1	XP_006368511.1	NC_037286.2	12950333	NC_037285.2	3207145	42.37	6.46e-11	55.5	interchromosomal	NA	NA	NA
XP_002302620.1	XP_002303852.3	NC_037286.2	12950333	NC_037287.2	18768266	42.37	6.18e-11	55.5	interchromosomal	NA	NA	NA
XP_002302808.1	XP_024440069.1	NC_037286.2	14860854	NC_037298.2	7538137	79.57	0.00e+00	766.0	interchromosomal	NA	NA	NA
XP_002302808.1	XP_002321134.3	NC_037286.2	14860854	NC_037298.2	10916137	41.30	1.44e-95	296.0	interchromosomal	NA	NA	NA
XP_002302808.1	XP_024450700.1	NC_037286.2	14860854	NC_037286.2	21787634	39.81	2.80e-95	295.0	intrachromosomal_distant	NA	NA	NA
XP_002302808.1	XP_024455846.2	NC_037286.2	14860854	NC_037288.2	463543	43.22	5.21e-96	296.0	interchromosomal	NA	NA	NA
XP_002302808.1	XP_006389578.1	NC_037286.2	14860854	NC_037295.2	587221	41.04	1.43e-95	295.0	interchromosomal	NA	NA	NA
XP_002302808.1	XP_002323839.4	NC_037286.2	14860854	NC_037301.2	8849889	35.80	3.65e-59	197.0	interchromosomal	NA	NA	NA
XP_002302808.1	XP_052303325.1	NC_037286.2	14860854	NC_037299.2	8984460	32.90	8.93e-63	209.0	interchromosomal	NA	NA	NA
XP_002302808.1	XP_024466667.1	NC_037286.2	14860854	NC_037285.2	21315533	33.04	1.95e-57	192.0	interchromosomal	NA	NA	NA
XP_002302808.1	XP_006368511.1	NC_037286.2	14860854	NC_037285.2	3207145	32.70	1.54e-34	125.0	interchromosomal	NA	NA	NA
XP_002302808.1	XP_002303852.3	NC_037286.2	14860854	NC_037287.2	18768266	31.94	4.88e-33	120.0	interchromosomal	NA	NA	NA
XP_002302808.1	XP_006371762.1	NC_037286.2	14860854	NC_037302.2	1349083	30.64	5.56e-30	112.0	interchromosomal	NA	NA	NA
XP_002302808.1	XP_002319959.2	NC_037286.2	14860854	NC_037297.2	14908280	45.24	3.02e-29	114.0	interchromosomal	NA	NA	NA
XP_002302808.1	XP_002324328.1	NC_037286.2	14860854	NC_037302.2	1335139	56.79	2.56e-28	107.0	interchromosomal	NA	NA	NA
XP_002302808.1	XP_006375555.1	NC_037286.2	14860854	NC_037298.2	11864534	50.55	3.25e-29	113.0	interchromosomal	NA	NA	NA
XP_002302808.1	XP_002326093.4	NC_037286.2	14860854	NC_037303.2	14801942	45.24	4.74e-28	110.0	interchromosomal	NA	NA	NA
XP_002302808.1	XP_002323637.2	NC_037286.2	14860854	NC_037300.2	13149873	39.58	5.50e-28	110.0	interchromosomal	NA	NA	NA
XP_002302808.1	XP_002315024.1	NC_037286.2	14860854	NC_037294.2	16783136	52.75	9.27e-28	108.0	interchromosomal	NA	NA	NA
XP_002302808.1	XP_024437369.2	NC_037286.2	14860854	NC_037295.2	11223426	47.12	1.44e-27	108.0	interchromosomal	NA	NA	NA
XP_002302808.1	XP_002322274.1	NC_037286.2	14860854	NC_037299.2	11932322	55.26	1.12e-26	99.8	interchromosomal	NA	NA	NA
XP_002302808.1	XP_024444415.2	NC_037286.2	14860854	NC_037301.2	10127356	49.45	2.40e-26	105.0	interchromosomal	NA	NA	NA
XP_002302808.1	XP_024454278.1	NC_037286.2	14860854	NC_037288.2	11508039	48.00	2.95e-26	105.0	interchromosomal	NA	NA	NA
XP_002302808.1	XP_024458700.1	NC_037286.2	14860854	NC_037290.2	8094569	39.68	6.26e-26	103.0	interchromosomal	NA	NA	NA
XP_002302808.1	XP_002308704.1	NC_037286.2	14860854	NC_037290.2	25986082	27.30	6.26e-27	103.0	interchromosomal	NA	NA	NA
XP_002302808.1	XP_006368868.2	NC_037286.2	14860854	NC_037285.2	4486450	40.83	4.05e-26	96.3	interchromosomal	NA	NA	NA
XP_002302808.1	XP_002312267.1	NC_037286.2	14860854	NC_037292.2	5739919	45.37	2.03e-25	102.0	interchromosomal	NA	NA	NA
XP_002302808.1	XP_006378014.1	NC_037286.2	14860854	NC_037295.2	19237430	53.75	4.46e-25	102.0	interchromosomal	NA	NA	NA
XP_002302808.1	XP_002318747.1	NC_037286.2	14860854	NC_037296.2	12395944	50.65	4.65e-25	95.5	interchromosomal	NA	NA	NA
XP_002302808.1	XP_006373216.1	NC_037286.2	14860854	NC_037301.2	5566257	41.96	9.09e-28	101.0	interchromosomal	NA	NA	NA
XP_002302808.1	XP_006381519.2	NC_037286.2	14860854	NC_037290.2	10930631	50.62	1.04e-24	99.8	interchromosomal	NA	NA	NA
XP_002302808.1	XP_024438829.2	NC_037286.2	14860854	NC_037297.2	7868485	52.50	1.06e-24	100.0	interchromosomal	NA	NA	NA
XP_002302808.1	XP_002308538.1	NC_037286.2	14860854	NC_037290.2	22894958	53.42	5.12e-24	91.7	interchromosomal	NA	NA	NA
XP_002302808.1	XP_002304741.2	NC_037286.2	14860854	NC_037287.2	17779254	39.82	2.33e-24	90.9	interchromosomal	NA	NA	NA
XP_002302808.1	XP_006369893.1	NC_037286.2	14860854	NC_037285.2	36641635	42.73	1.26e-23	94.4	interchromosomal	NA	NA	NA
XP_002302808.1	XP_002314962.2	NC_037286.2	14860854	NC_037294.2	15857170	49.35	1.71e-23	95.1	interchromosomal	NA	NA	NA
XP_002302808.1	XP_024443283.1	NC_037286.2	14860854	NC_037300.2	6485177	50.00	2.00e-23	95.9	interchromosomal	NA	NA	NA
XP_002302808.1	XP_002317397.1	NC_037286.2	14860854	NC_037295.2	6182166	46.88	1.24e-23	92.8	interchromosomal	NA	NA	NA
XP_002302808.1	XP_052303237.1	NC_037286.2	14860854	NC_037298.2	8049826	52.50	2.68e-23	92.4	interchromosomal	NA	NA	NA
XP_002302808.1	XP_002306823.1	NC_037286.2	14860854	NC_037289.2	22204644	49.44	3.41e-23	93.6	interchromosomal	NA	NA	NA
XP_002302808.1	XP_002312318.2	NC_037286.2	14860854	NC_037292.2	6517252	48.72	5.37e-23	93.6	interchromosomal	NA	NA	NA
XP_002302808.1	XP_002305730.1	NC_037286.2	14860854	NC_037288.2	5076521	43.56	8.80e-23	90.9	interchromosomal	NA	NA	NA
XP_002302808.1	XP_024436877.2	NC_037286.2	14860854	NC_037295.2	8531133	49.35	3.99e-23	92.0	interchromosomal	NA	NA	NA
XP_002302808.1	XP_002306743.1	NC_037286.2	14860854	NC_037289.2	20829693	36.57	7.73e-23	91.7	interchromosomal	NA	NA	NA
XP_002302808.1	XP_002320967.3	NC_037286.2	14860854	NC_037298.2	7968052	48.05	3.74e-22	90.1	interchromosomal	NA	NA	NA
XP_002302808.1	XP_002320160.2	NC_037286.2	14860854	NC_037298.2	5891006	51.39	5.68e-22	86.7	interchromosomal	NA	NA	NA
XP_002302808.1	XP_024456867.1	NC_037286.2	14860854	NC_037289.2	5877537	51.35	1.15e-22	87.8	interchromosomal	NA	NA	NA
XP_002302808.1	XP_024446053.1	NC_037286.2	14860854	NC_037302.2	12567397	48.10	1.30e-21	90.5	interchromosomal	NA	NA	NA
XP_002302808.1	XP_002311329.2	NC_037286.2	14860854	NC_037292.2	5865817	32.43	1.56e-21	87.8	interchromosomal	NA	NA	NA
XP_002302808.1	XP_006375168.1	NC_037286.2	14860854	NC_037298.2	3234387	49.33	2.03e-21	86.3	interchromosomal	NA	NA	NA
XP_002302808.1	XP_024460429.2	NC_037286.2	14860854	NC_037290.2	19088117	46.84	2.44e-21	89.7	interchromosomal	NA	NA	NA
XP_002302808.1	XP_052301100.1	NC_037286.2	14860854	NC_037295.2	18333481	44.00	2.58e-21	89.4	interchromosomal	NA	NA	NA
XP_002302808.1	XP_002319082.4	NC_037286.2	14860854	NC_037297.2	2936940	48.78	2.69e-21	88.2	interchromosomal	NA	NA	NA
XP_002302808.1	XP_024466901.1	NC_037286.2	14860854	NC_037294.2	16611764	50.67	2.99e-21	87.0	interchromosomal	NA	NA	NA
XP_002302808.1	XP_002325248.3	NC_037286.2	14860854	NC_037302.2	14435429	48.81	4.92e-21	86.7	interchromosomal	NA	NA	NA
XP_002302808.1	XP_002308998.1	NC_037286.2	14860854	NC_037290.2	5266321	48.28	2.43e-21	86.7	interchromosomal	NA	NA	NA
XP_002302808.1	XP_006382812.1	NC_037286.2	14860854	NC_037289.2	3486578	47.56	5.69e-21	87.0	interchromosomal	NA	NA	NA
XP_002302808.1	XP_024461002.1	NC_037286.2	14860854	NC_037291.2	10436238	48.65	1.46e-21	84.3	interchromosomal	NA	NA	NA
XP_002302808.1	XP_002310122.1	NC_037286.2	14860854	NC_037291.2	4339587	54.69	8.99e-21	86.3	interchromosomal	NA	NA	NA
XP_002302808.1	XP_024441317.1	NC_037286.2	14860854	NC_037298.2	1460990	45.92	5.40e-21	87.0	interchromosomal	NA	NA	NA
XP_002302808.1	XP_024458563.1	NC_037286.2	14860854	NC_037285.2	48605799	46.74	9.77e-21	87.4	interchromosomal	NA	NA	NA
XP_002302808.1	XP_024452726.1	NC_037286.2	14860854	NC_037287.2	13432844	59.65	2.90e-20	84.3	interchromosomal	NA	NA	NA
XP_002302808.1	XP_002310044.1	NC_037286.2	14860854	NC_037291.2	10243688	35.54	4.12e-20	82.4	interchromosomal	NA	NA	NA
XP_002302808.1	XP_006368768.2	NC_037286.2	14860854	NC_037285.2	7882247	42.86	3.21e-20	84.0	interchromosomal	NA	NA	NA
XP_002302808.1	XP_006372370.1	NC_037286.2	14860854	NC_037301.2	14784916	40.57	8.13e-20	84.3	interchromosomal	NA	NA	NA
XP_002302808.1	XP_006386616.2	NC_037286.2	14860854	NC_037286.2	12590323	52.05	3.25e-20	84.3	intrachromosomal_distant	NA	NA	NA
XP_002302808.1	XP_006383530.2	NC_037286.2	14860854	NC_037289.2	11313285	53.12	5.16e-20	83.6	interchromosomal	NA	NA	NA
XP_002302808.1	XP_006375351.1	NC_037286.2	14860854	NC_037298.2	5870811	52.05	2.99e-20	84.3	interchromosomal	NA	NA	NA
XP_002302808.1	XP_052308647.1	NC_037286.2	14860854	NC_037289.2	5998576	47.30	1.02e-19	81.3	interchromosomal	NA	NA	NA
XP_002302808.1	XP_002324382.1	NC_037286.2	14860854	NC_037302.2	615270	50.00	1.69e-19	82.0	interchromosomal	NA	NA	NA
XP_002302808.1	XP_002305271.3	NC_037286.2	14860854	NC_037288.2	6053102	49.31	3.55e-19	82.4	interchromosomal	NA	NA	NA
XP_002302808.1	XP_002303610.1	NC_037286.2	14860854	NC_037287.2	15075424	43.68	7.69e-19	80.1	interchromosomal	NA	NA	NA
XP_002302808.1	XP_002309066.3	NC_037286.2	14860854	NC_037290.2	6547400	53.33	2.75e-18	77.8	interchromosomal	NA	NA	NA
XP_002302808.1	XP_006382109.3	NC_037286.2	14860854	NC_037290.2	26029137	41.94	1.53e-17	77.8	interchromosomal	NA	NA	NA
XP_002302808.1	XP_024446284.2	NC_037286.2	14860854	NC_037302.2	1292205	53.33	3.17e-17	76.3	interchromosomal	NA	NA	NA
XP_002302808.1	XP_002318373.2	NC_037286.2	14860854	NC_037296.2	911247	48.65	1.47e-15	70.9	interchromosomal	NA	NA	NA
XP_002302808.1	XP_002323509.1	NC_037286.2	14860854	NC_037300.2	10100937	52.63	3.82e-15	68.6	interchromosomal	NA	NA	NA
XP_002302808.1	XP_002320852.4	NC_037286.2	14860854	NC_037298.2	6296630	52.38	3.72e-14	66.6	interchromosomal	NA	NA	NA
XP_002302808.1	XP_002304549.1	NC_037286.2	14860854	NC_037287.2	15527228	50.00	4.48e-14	66.2	interchromosomal	NA	NA	NA
XP_002302808.1	XP_052305286.1	NC_037286.2	14860854	NC_037303.2	9848168	36.94	1.05e-13	65.1	interchromosomal	NA	NA	NA
XP_002302808.1	XP_002309186.4	NC_037286.2	14860854	NC_037290.2	8482325	42.10	1.33e-12	61.6	interchromosomal	NA	NA	NA
XP_002302808.1	XP_002319879.4	NC_037286.2	14860854	NC_037297.2	9153347	32.11	1.58e-12	61.2	interchromosomal	NA	NA	NA
XP_002302808.1	XP_024439297.1	NC_037286.2	14860854	NC_037297.2	9163560	43.53	2.75e-12	60.8	interchromosomal	NA	NA	NA
XP_002302808.1	XP_002323675.2	NC_037286.2	14860854	NC_037300.2	14139186	41.33	2.24e-11	57.0	interchromosomal	NA	NA	NA
XP_002301524.3	XP_002320967.3	NC_037286.2	15575016	NC_037298.2	7968052	83.03	7.72e-176	483.0	interchromosomal	NA	NA	NA
XP_002301524.3	XP_002312318.2	NC_037286.2	15575016	NC_037292.2	6517252	46.48	3.90e-72	221.0	interchromosomal	NA	NA	NA
XP_002301524.3	XP_002314962.2	NC_037286.2	15575016	NC_037294.2	15857170	51.99	8.98e-70	215.0	interchromosomal	NA	NA	NA
XP_002301524.3	XP_024436877.2	NC_037286.2	15575016	NC_037295.2	8531133	44.90	6.56e-54	172.0	interchromosomal	NA	NA	NA
XP_002301524.3	XP_006369893.1	NC_037286.2	15575016	NC_037285.2	36641635	45.87	1.50e-52	169.0	interchromosomal	NA	NA	NA
XP_002301524.3	XP_002306743.1	NC_037286.2	15575016	NC_037289.2	20829693	42.05	2.38e-54	174.0	interchromosomal	NA	NA	NA
XP_002301524.3	XP_002311329.2	NC_037286.2	15575016	NC_037292.2	5865817	50.81	7.49e-50	161.0	interchromosomal	NA	NA	NA
XP_002301524.3	XP_002302140.2	NC_037286.2	15575016	NC_037286.2	4065581	46.81	8.32e-53	168.0	intrachromosomal_distant	NA	NA	NA
XP_002301524.3	XP_024466901.1	NC_037286.2	15575016	NC_037294.2	16611764	49.73	4.73e-48	156.0	interchromosomal	NA	NA	NA
XP_002301524.3	XP_006368868.2	NC_037286.2	15575016	NC_037285.2	4486450	51.79	1.29e-38	127.0	interchromosomal	NA	NA	NA
XP_002301524.3	XP_002320160.2	NC_037286.2	15575016	NC_037298.2	5891006	48.15	9.64e-38	125.0	interchromosomal	NA	NA	NA
XP_002301524.3	XP_002304741.2	NC_037286.2	15575016	NC_037287.2	17779254	65.43	5.46e-37	123.0	interchromosomal	NA	NA	NA
XP_002301524.3	XP_002318747.1	NC_037286.2	15575016	NC_037296.2	12395944	68.92	2.54e-35	120.0	interchromosomal	NA	NA	NA
XP_002301524.3	XP_002310044.1	NC_037286.2	15575016	NC_037291.2	10243688	63.53	5.44e-35	120.0	interchromosomal	NA	NA	NA
XP_002301524.3	XP_006375168.1	NC_037286.2	15575016	NC_037298.2	3234387	51.33	6.58e-35	120.0	interchromosomal	NA	NA	NA
XP_002301524.3	XP_006373216.1	NC_037286.2	15575016	NC_037301.2	5566257	67.95	4.89e-37	122.0	interchromosomal	NA	NA	NA
XP_002301524.3	XP_002322274.1	NC_037286.2	15575016	NC_037299.2	11932322	66.67	1.00e-34	118.0	interchromosomal	NA	NA	NA
XP_002301524.3	XP_052308647.1	NC_037286.2	15575016	NC_037289.2	5998576	54.55	1.34e-34	119.0	interchromosomal	NA	NA	NA
XP_002301524.3	XP_006378014.1	NC_037286.2	15575016	NC_037295.2	19237430	41.11	1.52e-32	120.0	interchromosomal	NA	NA	NA
XP_002301524.3	XP_002315024.1	NC_037286.2	15575016	NC_037294.2	16783136	47.66	1.83e-32	119.0	interchromosomal	NA	NA	NA
XP_002301524.3	XP_024444415.2	NC_037286.2	15575016	NC_037301.2	10127356	50.00	2.00e-32	119.0	interchromosomal	NA	NA	NA
XP_002301524.3	XP_024454278.1	NC_037286.2	15575016	NC_037288.2	11508039	63.16	4.02e-32	118.0	interchromosomal	NA	NA	NA
XP_002301524.3	XP_024438829.2	NC_037286.2	15575016	NC_037297.2	7868485	42.95	2.07e-31	117.0	interchromosomal	NA	NA	NA
XP_002301524.3	XP_024461002.1	NC_037286.2	15575016	NC_037291.2	10436238	53.19	2.48e-31	109.0	interchromosomal	NA	NA	NA
XP_002301524.3	XP_002308538.1	NC_037286.2	15575016	NC_037290.2	22894958	62.02	1.58e-32	111.0	interchromosomal	NA	NA	NA
XP_002301524.3	XP_024437369.2	NC_037286.2	15575016	NC_037295.2	11223426	62.34	1.52e-30	113.0	interchromosomal	NA	NA	NA
XP_002301524.3	XP_024456867.1	NC_037286.2	15575016	NC_037289.2	5877537	58.67	8.49e-31	108.0	interchromosomal	NA	NA	NA
XP_002301524.3	XP_006375555.1	NC_037286.2	15575016	NC_037298.2	11864534	64.00	4.24e-30	112.0	interchromosomal	NA	NA	NA
XP_002301524.3	XP_002312267.1	NC_037286.2	15575016	NC_037292.2	5739919	43.75	8.12e-30	111.0	interchromosomal	NA	NA	NA
XP_002301524.3	XP_002323637.2	NC_037286.2	15575016	NC_037300.2	13149873	36.45	1.03e-29	111.0	interchromosomal	NA	NA	NA
XP_002301524.3	XP_002326093.4	NC_037286.2	15575016	NC_037303.2	14801942	43.61	2.48e-29	110.0	interchromosomal	NA	NA	NA
XP_002301524.3	XP_002319959.2	NC_037286.2	15575016	NC_037297.2	14908280	43.61	3.31e-29	110.0	interchromosomal	NA	NA	NA
XP_002301524.3	XP_006381519.2	NC_037286.2	15575016	NC_037290.2	10930631	45.22	5.39e-29	108.0	interchromosomal	NA	NA	NA
XP_002301524.3	XP_024443283.1	NC_037286.2	15575016	NC_037300.2	6485177	35.88	8.42e-29	107.0	interchromosomal	NA	NA	NA
XP_002301524.3	XP_024458700.1	NC_037286.2	15575016	NC_037290.2	8094569	44.26	5.54e-28	106.0	interchromosomal	NA	NA	NA
XP_002301524.3	XP_002309066.3	NC_037286.2	15575016	NC_037290.2	6547400	38.99	4.77e-25	95.9	interchromosomal	NA	NA	NA
XP_002301524.3	XP_002323839.4	NC_037286.2	15575016	NC_037301.2	8849889	39.70	1.02e-23	94.4	interchromosomal	NA	NA	NA
XP_002301524.3	XP_024446053.1	NC_037286.2	15575016	NC_037302.2	12567397	38.73	1.40e-23	94.0	interchromosomal	NA	NA	NA
XP_002301524.3	XP_006371762.1	NC_037286.2	15575016	NC_037302.2	1349083	52.56	1.44e-23	92.0	interchromosomal	NA	NA	NA
XP_002301524.3	XP_024455846.2	NC_037286.2	15575016	NC_037288.2	463543	49.35	5.01e-23	93.2	interchromosomal	NA	NA	NA
XP_002301524.3	XP_006368511.1	NC_037286.2	15575016	NC_037285.2	3207145	57.81	3.17e-23	90.9	interchromosomal	NA	NA	NA
XP_002301524.3	XP_002321134.3	NC_037286.2	15575016	NC_037298.2	10916137	49.35	3.41e-23	92.8	interchromosomal	NA	NA	NA
XP_002301524.3	XP_024466667.1	NC_037286.2	15575016	NC_037285.2	21315533	42.57	3.15e-23	93.2	interchromosomal	NA	NA	NA
XP_002301524.3	XP_002323509.1	NC_037286.2	15575016	NC_037300.2	10100937	66.07	5.63e-23	90.1	interchromosomal	NA	NA	NA
XP_002301524.3	XP_002303852.3	NC_037286.2	15575016	NC_037287.2	18768266	57.81	2.30e-23	90.5	interchromosomal	NA	NA	NA
XP_002301524.3	XP_006389578.1	NC_037286.2	15575016	NC_037295.2	587221	49.35	6.25e-23	92.0	interchromosomal	NA	NA	NA
XP_002301524.3	XP_052303325.1	NC_037286.2	15575016	NC_037299.2	8984460	41.91	9.75e-23	91.7	interchromosomal	NA	NA	NA
XP_002301524.3	XP_024450700.1	NC_037286.2	15575016	NC_037286.2	21787634	49.35	1.10e-22	91.3	intrachromosomal_distant	NA	NA	NA
XP_002301524.3	XP_024440069.1	NC_037286.2	15575016	NC_037298.2	7538137	48.05	1.17e-22	90.9	interchromosomal	NA	NA	NA
XP_002301524.3	XP_024460429.2	NC_037286.2	15575016	NC_037290.2	19088117	43.96	1.10e-22	89.7	interchromosomal	NA	NA	NA
XP_002301524.3	XP_002305271.3	NC_037286.2	15575016	NC_037288.2	6053102	42.57	1.50e-21	87.4	interchromosomal	NA	NA	NA
XP_002301524.3	XP_024458563.1	NC_037286.2	15575016	NC_037285.2	48605799	48.23	2.61e-21	86.7	interchromosomal	NA	NA	NA
XP_002301524.3	XP_006372370.1	NC_037286.2	15575016	NC_037301.2	14784916	42.42	4.21e-21	85.9	interchromosomal	NA	NA	NA
XP_002301524.3	XP_002308704.1	NC_037286.2	15575016	NC_037290.2	25986082	48.72	3.06e-22	87.4	interchromosomal	NA	NA	NA
XP_002301524.3	XP_002302070.2	NC_037286.2	15575016	NC_037286.2	2846278	37.07	6.10e-21	85.1	intrachromosomal_distant	NA	NA	NA
XP_002301524.3	XP_002324382.1	NC_037286.2	15575016	NC_037302.2	615270	35.83	1.02e-20	84.3	interchromosomal	NA	NA	NA
XP_002301524.3	XP_002306823.1	NC_037286.2	15575016	NC_037289.2	22204644	43.37	1.26e-20	84.0	interchromosomal	NA	NA	NA
XP_002301524.3	XP_006368768.2	NC_037286.2	15575016	NC_037285.2	7882247	50.70	2.77e-20	82.8	interchromosomal	NA	NA	NA
XP_002301524.3	XP_052301100.1	NC_037286.2	15575016	NC_037295.2	18333481	48.15	4.44e-20	83.2	interchromosomal	NA	NA	NA
XP_002301524.3	XP_006382109.3	NC_037286.2	15575016	NC_037290.2	26029137	46.15	4.56e-20	83.2	interchromosomal	NA	NA	NA
XP_002301524.3	XP_002324328.1	NC_037286.2	15575016	NC_037302.2	1335139	54.24	4.90e-20	81.3	interchromosomal	NA	NA	NA
XP_002301524.3	XP_006383530.2	NC_037286.2	15575016	NC_037289.2	11313285	45.12	6.72e-20	81.6	interchromosomal	NA	NA	NA
XP_002301524.3	XP_024452726.1	NC_037286.2	15575016	NC_037287.2	13432844	49.25	9.40e-20	80.9	interchromosomal	NA	NA	NA
XP_002301524.3	XP_052303237.1	NC_037286.2	15575016	NC_037298.2	8049826	53.23	1.10e-19	79.7	interchromosomal	NA	NA	NA
XP_002301524.3	XP_002310122.1	NC_037286.2	15575016	NC_037291.2	4339587	42.39	1.10e-19	81.3	interchromosomal	NA	NA	NA
XP_002301524.3	XP_024446284.2	NC_037286.2	15575016	NC_037302.2	1292205	40.00	2.66e-19	81.6	interchromosomal	NA	NA	NA
XP_002301524.3	XP_002325248.3	NC_037286.2	15575016	NC_037302.2	14435429	38.64	1.92e-19	80.1	interchromosomal	NA	NA	NA
XP_002301524.3	XP_002317397.1	NC_037286.2	15575016	NC_037295.2	6182166	53.33	2.51e-19	79.3	interchromosomal	NA	NA	NA
XP_002301524.3	XP_006375351.1	NC_037286.2	15575016	NC_037298.2	5870811	49.30	2.70e-19	80.5	interchromosomal	NA	NA	NA
XP_002301524.3	XP_002305730.1	NC_037286.2	15575016	NC_037288.2	5076521	53.33	3.66e-19	78.6	interchromosomal	NA	NA	NA
XP_002301524.3	XP_006386616.2	NC_037286.2	15575016	NC_037286.2	12590323	49.30	2.52e-19	80.5	intrachromosomal_distant	NA	NA	NA
XP_002301524.3	XP_002303610.1	NC_037286.2	15575016	NC_037287.2	15075424	47.06	2.36e-19	80.1	interchromosomal	NA	NA	NA
XP_002301524.3	XP_024441317.1	NC_037286.2	15575016	NC_037298.2	1460990	40.70	3.14e-19	80.1	interchromosomal	NA	NA	NA
XP_002301524.3	XP_002319082.4	NC_037286.2	15575016	NC_037297.2	2936940	41.46	1.18e-18	78.6	interchromosomal	NA	NA	NA
XP_002301524.3	XP_002308998.1	NC_037286.2	15575016	NC_037290.2	5266321	38.64	1.33e-18	77.8	interchromosomal	NA	NA	NA
XP_002301524.3	XP_006382812.1	NC_037286.2	15575016	NC_037289.2	3486578	40.24	8.68e-18	75.9	interchromosomal	NA	NA	NA
XP_002301524.3	XP_002304549.1	NC_037286.2	15575016	NC_037287.2	15527228	36.84	1.21e-17	75.5	interchromosomal	NA	NA	NA
XP_002301524.3	XP_002318373.2	NC_037286.2	15575016	NC_037296.2	911247	50.00	9.94e-17	72.8	interchromosomal	NA	NA	NA
XP_002301524.3	XP_002320852.4	NC_037286.2	15575016	NC_037298.2	6296630	40.37	1.00e-16	72.8	interchromosomal	NA	NA	NA
XP_002301524.3	XP_002309186.4	NC_037286.2	15575016	NC_037290.2	8482325	29.49	9.70e-16	69.7	interchromosomal	NA	NA	NA
XP_002301524.3	XP_052305286.1	NC_037286.2	15575016	NC_037303.2	9848168	49.25	6.75e-16	70.1	interchromosomal	NA	NA	NA
XP_002301524.3	XP_002302620.1	NC_037286.2	15575016	NC_037286.2	12950333	40.86	2.39e-15	68.6	intrachromosomal_distant	NA	NA	NA
XP_002301524.3	XP_024439297.1	NC_037286.2	15575016	NC_037297.2	9163560	49.25	3.57e-15	68.2	interchromosomal	NA	NA	NA
XP_002301524.3	XP_024452203.2	NC_037286.2	15575016	NC_037287.2	21584780	45.90	5.04e-15	63.9	interchromosomal	NA	NA	NA
XP_002301524.3	XP_002319879.4	NC_037286.2	15575016	NC_037297.2	9153347	34.65	2.36e-14	65.5	interchromosomal	NA	NA	NA
XP_002301524.3	XP_006368530.1	NC_037286.2	15575016	NC_037285.2	159614	40.74	3.08e-15	63.9	interchromosomal	NA	NA	NA
XP_002301524.3	XP_002323675.2	NC_037286.2	15575016	NC_037300.2	14139186	45.76	1.40e-13	63.2	interchromosomal	NA	NA	NA
XP_002301514.2	XP_052303237.1	NC_037286.2	15813542	NC_037298.2	8049826	85.77	8.57e-155	424.0	interchromosomal	NA	NA	NA
XP_002301514.2	XP_002317397.1	NC_037286.2	15813542	NC_037295.2	6182166	35.81	2.58e-37	125.0	interchromosomal	NA	NA	NA
XP_002301514.2	XP_002305730.1	NC_037286.2	15813542	NC_037288.2	5076521	37.07	1.66e-39	131.0	interchromosomal	NA	NA	NA
XP_002301514.2	XP_024458563.1	NC_037286.2	15813542	NC_037285.2	48605799	47.62	6.04e-36	125.0	interchromosomal	NA	NA	NA
XP_002301514.2	XP_052301100.1	NC_037286.2	15813542	NC_037295.2	18333481	64.44	5.77e-35	123.0	interchromosomal	NA	NA	NA
XP_002301514.2	XP_006386616.2	NC_037286.2	15813542	NC_037286.2	12590323	50.00	3.87e-34	119.0	intrachromosomal_distant	NA	NA	NA
XP_002301514.2	XP_006375351.1	NC_037286.2	15813542	NC_037298.2	5870811	50.00	1.10e-33	118.0	interchromosomal	NA	NA	NA
XP_002301514.2	XP_002303610.1	NC_037286.2	15813542	NC_037287.2	15075424	38.76	7.53e-32	112.0	interchromosomal	NA	NA	NA
XP_002301514.2	XP_006368768.2	NC_037286.2	15813542	NC_037285.2	7882247	44.22	2.51e-31	111.0	interchromosomal	NA	NA	NA
XP_002301514.2	XP_002305271.3	NC_037286.2	15813542	NC_037288.2	6053102	37.95	5.47e-30	109.0	interchromosomal	NA	NA	NA
XP_002301514.2	XP_006372370.1	NC_037286.2	15813542	NC_037301.2	14784916	38.46	2.88e-29	107.0	interchromosomal	NA	NA	NA
XP_002301514.2	XP_002310122.1	NC_037286.2	15813542	NC_037291.2	4339587	58.62	8.92e-29	104.0	interchromosomal	NA	NA	NA
XP_002301514.2	XP_006383530.2	NC_037286.2	15813542	NC_037289.2	11313285	56.18	6.66e-28	102.0	interchromosomal	NA	NA	NA
XP_002301514.2	XP_002306823.1	NC_037286.2	15813542	NC_037289.2	22204644	52.38	8.71e-28	102.0	interchromosomal	NA	NA	NA
XP_002301514.2	XP_002319082.4	NC_037286.2	15813542	NC_037297.2	2936940	56.82	8.73e-28	102.0	interchromosomal	NA	NA	NA
XP_002301514.2	XP_002302070.2	NC_037286.2	15813542	NC_037286.2	2846278	56.82	1.42e-27	102.0	intrachromosomal_distant	NA	NA	NA
XP_002301514.2	XP_006382812.1	NC_037286.2	15813542	NC_037289.2	3486578	55.68	2.13e-27	101.0	interchromosomal	NA	NA	NA
XP_002301514.2	XP_024441317.1	NC_037286.2	15813542	NC_037298.2	1460990	53.40	5.32e-27	100.0	interchromosomal	NA	NA	NA
XP_002301514.2	XP_002308998.1	NC_037286.2	15813542	NC_037290.2	5266321	50.00	2.04e-26	97.8	interchromosomal	NA	NA	NA
XP_002301514.2	XP_002324382.1	NC_037286.2	15813542	NC_037302.2	615270	54.55	4.38e-25	95.1	interchromosomal	NA	NA	NA
XP_002301514.2	XP_002325248.3	NC_037286.2	15813542	NC_037302.2	14435429	49.49	2.29e-25	95.1	interchromosomal	NA	NA	NA
XP_002301514.2	XP_002321134.3	NC_037286.2	15813542	NC_037298.2	10916137	45.98	2.23e-23	92.8	interchromosomal	NA	NA	NA
XP_002301514.2	XP_024455846.2	NC_037286.2	15813542	NC_037288.2	463543	42.86	1.96e-23	92.8	interchromosomal	NA	NA	NA
XP_002301514.2	XP_024452726.1	NC_037286.2	15813542	NC_037287.2	13432844	50.58	3.36e-23	89.4	interchromosomal	NA	NA	NA
XP_002301514.2	XP_006389578.1	NC_037286.2	15813542	NC_037295.2	587221	44.32	7.64e-23	90.9	interchromosomal	NA	NA	NA
XP_002301514.2	XP_002309066.3	NC_037286.2	15813542	NC_037290.2	6547400	43.69	5.62e-23	88.2	interchromosomal	NA	NA	NA
XP_002301514.2	XP_024450700.1	NC_037286.2	15813542	NC_037286.2	21787634	44.83	1.56e-22	89.0	intrachromosomal_distant	NA	NA	NA
XP_002301514.2	XP_024440069.1	NC_037286.2	15813542	NC_037298.2	7538137	59.02	1.79e-22	88.6	interchromosomal	NA	NA	NA
XP_002301514.2	XP_024466667.1	NC_037286.2	15813542	NC_037285.2	21315533	59.02	7.31e-22	87.0	interchromosomal	NA	NA	NA
XP_002301514.2	XP_002323839.4	NC_037286.2	15813542	NC_037301.2	8849889	40.37	2.06e-20	82.8	interchromosomal	NA	NA	NA
XP_002301514.2	XP_002314962.2	NC_037286.2	15813542	NC_037294.2	15857170	56.67	4.17e-20	81.3	interchromosomal	NA	NA	NA
XP_002301514.2	XP_006369893.1	NC_037286.2	15813542	NC_037285.2	36641635	58.33	6.16e-20	80.5	interchromosomal	NA	NA	NA
XP_002301514.2	XP_002312318.2	NC_037286.2	15813542	NC_037292.2	6517252	53.85	6.35e-20	80.5	interchromosomal	NA	NA	NA
XP_002301514.2	XP_052303325.1	NC_037286.2	15813542	NC_037299.2	8984460	55.00	1.02e-19	80.9	interchromosomal	NA	NA	NA
XP_002301514.2	XP_002323509.1	NC_037286.2	15813542	NC_037300.2	10100937	47.13	1.28e-19	79.3	interchromosomal	NA	NA	NA
XP_002301514.2	XP_024454278.1	NC_037286.2	15813542	NC_037288.2	11508039	39.47	1.29e-19	80.5	interchromosomal	NA	NA	NA
XP_002301514.2	XP_024444415.2	NC_037286.2	15813542	NC_037301.2	10127356	38.60	1.51e-19	80.1	interchromosomal	NA	NA	NA
XP_002301514.2	XP_024436877.2	NC_037286.2	15813542	NC_037295.2	8531133	56.67	2.10e-19	78.6	interchromosomal	NA	NA	NA
XP_002301514.2	XP_002318373.2	NC_037286.2	15813542	NC_037296.2	911247	41.67	3.20e-19	78.6	interchromosomal	NA	NA	NA
XP_002301514.2	XP_002320967.3	NC_037286.2	15813542	NC_037298.2	7968052	53.23	3.24e-19	78.6	interchromosomal	NA	NA	NA
XP_002301514.2	XP_024438829.2	NC_037286.2	15813542	NC_037297.2	7868485	54.55	7.02e-19	78.2	interchromosomal	NA	NA	NA
XP_002301514.2	XP_002315024.1	NC_037286.2	15813542	NC_037294.2	16783136	50.00	1.48e-18	77.4	interchromosomal	NA	NA	NA
XP_002301514.2	XP_002303852.3	NC_037286.2	15813542	NC_037287.2	18768266	38.95	1.49e-18	76.6	interchromosomal	NA	NA	NA
XP_002301514.2	XP_006368511.1	NC_037286.2	15813542	NC_037285.2	3207145	35.78	1.96e-18	76.3	interchromosomal	NA	NA	NA
XP_002301514.2	XP_002304549.1	NC_037286.2	15813542	NC_037287.2	15527228	39.62	2.03e-18	76.3	interchromosomal	NA	NA	NA
XP_002301514.2	XP_002306743.1	NC_037286.2	15813542	NC_037289.2	20829693	56.67	2.34e-18	75.9	interchromosomal	NA	NA	NA
XP_002301514.2	XP_002322274.1	NC_037286.2	15813542	NC_037299.2	11932322	55.17	2.87e-18	73.2	interchromosomal	NA	NA	NA
XP_002301514.2	XP_006378014.1	NC_037286.2	15813542	NC_037295.2	19237430	36.94	3.37e-18	76.3	interchromosomal	NA	NA	NA
XP_002301514.2	XP_002302140.2	NC_037286.2	15813542	NC_037286.2	4065581	56.67	2.94e-18	75.9	intrachromosomal_distant	NA	NA	NA
XP_002301514.2	XP_002320160.2	NC_037286.2	15813542	NC_037298.2	5891006	37.27	2.13e-18	73.6	interchromosomal	NA	NA	NA
XP_002301514.2	XP_002304741.2	NC_037286.2	15813542	NC_037287.2	17779254	40.00	3.38e-18	72.0	interchromosomal	NA	NA	NA
XP_002301514.2	XP_002320852.4	NC_037286.2	15813542	NC_037298.2	6296630	45.35	6.23e-18	75.1	interchromosomal	NA	NA	NA
XP_002301514.2	XP_002324328.1	NC_037286.2	15813542	NC_037302.2	1335139	52.63	7.28e-18	73.9	interchromosomal	NA	NA	NA
XP_002301514.2	XP_024446053.1	NC_037286.2	15813542	NC_037302.2	12567397	51.56	9.44e-18	74.7	interchromosomal	NA	NA	NA
XP_002301514.2	XP_024456867.1	NC_037286.2	15813542	NC_037289.2	5877537	55.00	9.27e-18	72.0	interchromosomal	NA	NA	NA
XP_002301514.2	XP_006373216.1	NC_037286.2	15813542	NC_037301.2	5566257	51.72	1.70e-17	71.2	interchromosomal	NA	NA	NA
XP_002301514.2	XP_006371762.1	NC_037286.2	15813542	NC_037302.2	1349083	47.76	1.77e-17	73.6	interchromosomal	NA	NA	NA
XP_002301514.2	XP_024460429.2	NC_037286.2	15813542	NC_037290.2	19088117	50.00	2.46e-17	73.6	interchromosomal	NA	NA	NA
XP_002301514.2	XP_006375555.1	NC_037286.2	15813542	NC_037298.2	11864534	54.10	4.65e-17	72.8	interchromosomal	NA	NA	NA
XP_002301514.2	XP_002312267.1	NC_037286.2	15813542	NC_037292.2	5739919	48.48	7.87e-17	73.2	interchromosomal	NA	NA	NA
XP_002301514.2	XP_002318747.1	NC_037286.2	15813542	NC_037296.2	12395944	51.72	4.80e-17	70.1	interchromosomal	NA	NA	NA
XP_002301514.2	XP_002323637.2	NC_037286.2	15813542	NC_037300.2	13149873	53.33	5.40e-17	72.8	interchromosomal	NA	NA	NA
XP_002301514.2	XP_002311329.2	NC_037286.2	15813542	NC_037292.2	5865817	46.43	5.54e-17	71.6	interchromosomal	NA	NA	NA
XP_002301514.2	XP_024443283.1	NC_037286.2	15813542	NC_037300.2	6485177	43.04	5.93e-17	72.4	interchromosomal	NA	NA	NA
XP_002301514.2	XP_006381519.2	NC_037286.2	15813542	NC_037290.2	10930631	45.57	7.28e-17	72.4	interchromosomal	NA	NA	NA
XP_002301514.2	XP_006368868.2	NC_037286.2	15813542	NC_037285.2	4486450	49.12	7.98e-17	68.9	interchromosomal	NA	NA	NA
XP_002301514.2	XP_024461002.1	NC_037286.2	15813542	NC_037291.2	10436238	51.67	5.59e-17	69.7	interchromosomal	NA	NA	NA
XP_002301514.2	XP_024466901.1	NC_037286.2	15813542	NC_037294.2	16611764	54.39	1.16e-16	70.9	interchromosomal	NA	NA	NA
XP_002301514.2	XP_002302620.1	NC_037286.2	15813542	NC_037286.2	12950333	43.18	1.22e-16	71.2	intrachromosomal_distant	NA	NA	NA
XP_002301514.2	XP_024437369.2	NC_037286.2	15813542	NC_037295.2	11223426	36.61	1.95e-16	71.2	interchromosomal	NA	NA	NA
XP_002301514.2	XP_002326093.4	NC_037286.2	15813542	NC_037303.2	14801942	51.67	2.01e-16	71.2	interchromosomal	NA	NA	NA
XP_002301514.2	XP_006375168.1	NC_037286.2	15813542	NC_037298.2	3234387	51.52	9.63e-17	70.1	interchromosomal	NA	NA	NA
XP_002301514.2	XP_002319959.2	NC_037286.2	15813542	NC_037297.2	14908280	51.67	2.43e-16	70.9	interchromosomal	NA	NA	NA
XP_002301514.2	XP_002310044.1	NC_037286.2	15813542	NC_037291.2	10243688	51.52	3.05e-16	68.6	interchromosomal	NA	NA	NA
XP_002301514.2	XP_024458700.1	NC_037286.2	15813542	NC_037290.2	8094569	40.91	6.94e-16	70.5	interchromosomal	NA	NA	NA
XP_002301514.2	XP_002308538.1	NC_037286.2	15813542	NC_037290.2	22894958	43.30	6.53e-17	68.6	interchromosomal	NA	NA	NA
XP_002301514.2	XP_052308647.1	NC_037286.2	15813542	NC_037289.2	5998576	51.52	3.92e-16	68.2	interchromosomal	NA	NA	NA
XP_002301514.2	XP_006382109.3	NC_037286.2	15813542	NC_037290.2	26029137	43.48	2.09e-15	67.8	interchromosomal	NA	NA	NA
XP_002301514.2	XP_024446284.2	NC_037286.2	15813542	NC_037302.2	1292205	46.15	4.06e-15	67.0	interchromosomal	NA	NA	NA
XP_002301514.2	XP_002308704.1	NC_037286.2	15813542	NC_037290.2	25986082	41.79	9.47e-15	65.9	interchromosomal	NA	NA	NA
XP_002301514.2	XP_052305286.1	NC_037286.2	15813542	NC_037303.2	9848168	44.68	1.89e-14	65.5	interchromosomal	NA	NA	NA
XP_002301514.2	XP_024439297.1	NC_037286.2	15813542	NC_037297.2	9163560	43.18	2.24e-14	65.1	interchromosomal	NA	NA	NA
XP_002301514.2	XP_002319879.4	NC_037286.2	15813542	NC_037297.2	9153347	30.93	2.28e-11	55.5	interchromosomal	NA	NA	NA
XP_024450700.1	XP_024455846.2	NC_037286.2	21787634	NC_037288.2	463543	53.46	2.93e-170	491.0	interchromosomal	NA	NA	NA
XP_024450700.1	XP_024466667.1	NC_037286.2	21787634	NC_037285.2	21315533	35.32	1.45e-58	198.0	interchromosomal	NA	NA	NA
XP_024450700.1	XP_052303325.1	NC_037286.2	21787634	NC_037299.2	8984460	33.79	9.24e-64	215.0	interchromosomal	NA	NA	NA
XP_024450700.1	XP_024458700.1	NC_037286.2	21787634	NC_037290.2	8094569	51.85	8.76e-25	101.0	interchromosomal	NA	NA	NA
XP_024450700.1	XP_024454278.1	NC_037286.2	21787634	NC_037288.2	11508039	46.67	1.98e-24	100.0	interchromosomal	NA	NA	NA
XP_024450700.1	XP_052303237.1	NC_037286.2	21787634	NC_037298.2	8049826	44.83	4.74e-22	89.4	interchromosomal	NA	NA	NA
XP_024450700.1	XP_024466901.1	NC_037286.2	21787634	NC_037294.2	16611764	52.00	1.53e-21	88.2	interchromosomal	NA	NA	NA
XP_024450700.1	XP_052301100.1	NC_037286.2	21787634	NC_037295.2	18333481	47.67	5.51e-20	85.9	interchromosomal	NA	NA	NA
XP_024450700.1	XP_024460429.2	NC_037286.2	21787634	NC_037290.2	19088117	40.87	1.59e-20	87.8	interchromosomal	NA	NA	NA
XP_024450700.1	XP_024458563.1	NC_037286.2	21787634	NC_037285.2	48605799	45.74	8.92e-20	85.1	interchromosomal	NA	NA	NA
XP_024450700.1	XP_024456867.1	NC_037286.2	21787634	NC_037289.2	5877537	47.30	3.50e-20	80.9	interchromosomal	NA	NA	NA
XP_024450700.1	XP_024452726.1	NC_037286.2	21787634	NC_037287.2	13432844	56.14	3.57e-19	81.6	interchromosomal	NA	NA	NA
XP_024450700.1	XP_052308647.1	NC_037286.2	21787634	NC_037289.2	5998576	46.67	3.81e-19	80.1	interchromosomal	NA	NA	NA
XP_024450700.1	XP_024461002.1	NC_037286.2	21787634	NC_037291.2	10436238	45.95	3.95e-19	77.4	interchromosomal	NA	NA	NA
XP_024450700.1	XP_052305286.1	NC_037286.2	21787634	NC_037303.2	9848168	33.90	4.89e-14	66.2	interchromosomal	NA	NA	NA
XP_024452726.1	XP_052301100.1	NC_037287.2	13432844	NC_037295.2	18333481	58.62	9.57e-31	114.0	interchromosomal	NA	NA	NA
XP_024452726.1	XP_024458563.1	NC_037287.2	13432844	NC_037285.2	48605799	58.62	2.99e-30	112.0	interchromosomal	NA	NA	NA
XP_024452726.1	XP_052303237.1	NC_037287.2	13432844	NC_037298.2	8049826	50.54	1.69e-24	93.2	interchromosomal	NA	NA	NA
XP_024452726.1	XP_024466901.1	NC_037287.2	13432844	NC_037294.2	16611764	48.57	4.17e-21	84.3	interchromosomal	NA	NA	NA
XP_024452726.1	XP_024454278.1	NC_037287.2	13432844	NC_037288.2	11508039	59.02	1.04e-20	85.9	interchromosomal	NA	NA	NA
XP_024452726.1	XP_024458700.1	NC_037287.2	13432844	NC_037290.2	8094569	48.28	1.84e-20	84.3	interchromosomal	NA	NA	NA
XP_024452726.1	XP_024455846.2	NC_037287.2	13432844	NC_037288.2	463543	57.90	2.03e-20	85.1	interchromosomal	NA	NA	NA
XP_024452726.1	XP_024466667.1	NC_037287.2	13432844	NC_037285.2	21315533	43.18	3.94e-20	84.0	interchromosomal	NA	NA	NA
XP_024452726.1	XP_052305286.1	NC_037287.2	13432844	NC_037303.2	9848168	49.35	8.41e-20	81.6	interchromosomal	NA	NA	NA
XP_024452726.1	XP_024461002.1	NC_037287.2	13432844	NC_037291.2	10436238	35.48	7.65e-19	76.3	interchromosomal	NA	NA	NA
XP_024452726.1	XP_052308647.1	NC_037287.2	13432844	NC_037289.2	5998576	38.68	1.16e-18	76.3	interchromosomal	NA	NA	NA
XP_024452726.1	XP_024460429.2	NC_037287.2	13432844	NC_037290.2	19088117	48.33	5.10e-18	77.0	interchromosomal	NA	NA	NA
XP_024452726.1	XP_052303325.1	NC_037287.2	13432844	NC_037299.2	8984460	54.39	6.49e-18	77.8	interchromosomal	NA	NA	NA
XP_024452726.1	XP_024456867.1	NC_037287.2	13432844	NC_037289.2	5877537	36.13	4.36e-21	82.0	interchromosomal	NA	NA	NA
XP_002303610.1	XP_006368768.2	NC_037287.2	15075424	NC_037285.2	7882247	76.85	0.00e+00	508.0	interchromosomal	NA	NA	NA
XP_002303610.1	XP_006386616.2	NC_037287.2	15075424	NC_037286.2	12590323	40.58	3.20e-61	193.0	interchromosomal	NA	NA	NA
XP_002303610.1	XP_006375351.1	NC_037287.2	15075424	NC_037298.2	5870811	40.18	3.01e-61	192.0	interchromosomal	NA	NA	NA
XP_002303610.1	XP_006372370.1	NC_037287.2	15075424	NC_037301.2	14784916	38.23	2.82e-47	158.0	interchromosomal	NA	NA	NA
XP_002303610.1	XP_002305271.3	NC_037287.2	15075424	NC_037288.2	6053102	47.37	3.67e-46	155.0	interchromosomal	NA	NA	NA
XP_002303610.1	XP_052301100.1	NC_037287.2	15075424	NC_037295.2	18333481	60.71	1.75e-41	143.0	interchromosomal	NA	NA	NA
XP_002303610.1	XP_024458563.1	NC_037287.2	15075424	NC_037285.2	48605799	61.61	4.86e-41	142.0	interchromosomal	NA	NA	NA
XP_002303610.1	XP_052303237.1	NC_037287.2	15075424	NC_037298.2	8049826	58.89	8.06e-32	113.0	interchromosomal	NA	NA	NA
XP_002303610.1	XP_002317397.1	NC_037287.2	15075424	NC_037295.2	6182166	49.58	1.51e-30	110.0	interchromosomal	NA	NA	NA
XP_002303610.1	XP_002305730.1	NC_037287.2	15075424	NC_037288.2	5076521	48.18	3.01e-30	109.0	interchromosomal	NA	NA	NA
XP_002303610.1	XP_002324382.1	NC_037287.2	15075424	NC_037302.2	615270	46.36	7.25e-29	107.0	interchromosomal	NA	NA	NA
XP_002303610.1	XP_002325248.3	NC_037287.2	15075424	NC_037302.2	14435429	52.94	1.89e-27	102.0	interchromosomal	NA	NA	NA
XP_002303610.1	XP_006383530.2	NC_037287.2	15075424	NC_037289.2	11313285	46.23	6.19e-27	101.0	interchromosomal	NA	NA	NA
XP_002303610.1	XP_024441317.1	NC_037287.2	15075424	NC_037298.2	1460990	44.95	2.36e-26	100.0	interchromosomal	NA	NA	NA
XP_002303610.1	XP_002308998.1	NC_037287.2	15075424	NC_037290.2	5266321	51.77	2.69e-26	99.4	interchromosomal	NA	NA	NA
XP_002303610.1	XP_002310122.1	NC_037287.2	15075424	NC_037291.2	4339587	51.81	7.59e-26	98.6	interchromosomal	NA	NA	NA
XP_002303610.1	XP_002319082.4	NC_037287.2	15075424	NC_037297.2	2936940	53.57	4.87e-25	96.7	interchromosomal	NA	NA	NA
XP_002303610.1	XP_002306823.1	NC_037287.2	15075424	NC_037289.2	22204644	51.81	1.18e-24	95.5	interchromosomal	NA	NA	NA
XP_002303610.1	XP_006382812.1	NC_037287.2	15075424	NC_037289.2	3486578	46.32	4.52e-24	94.0	interchromosomal	NA	NA	NA
XP_002303610.1	XP_006381519.2	NC_037287.2	15075424	NC_037290.2	10930631	37.31	6.82e-23	91.7	interchromosomal	NA	NA	NA
XP_002303610.1	XP_024443283.1	NC_037287.2	15075424	NC_037300.2	6485177	48.31	6.98e-22	89.0	interchromosomal	NA	NA	NA
XP_002303610.1	XP_002315024.1	NC_037287.2	15075424	NC_037294.2	16783136	39.50	1.31e-21	88.2	interchromosomal	NA	NA	NA
XP_002303610.1	XP_002312267.1	NC_037287.2	15075424	NC_037292.2	5739919	37.41	1.48e-21	87.8	interchromosomal	NA	NA	NA
XP_002303610.1	XP_002312318.2	NC_037287.2	15075424	NC_037292.2	6517252	53.73	1.08e-20	84.7	interchromosomal	NA	NA	NA
XP_002303610.1	XP_002306743.1	NC_037287.2	15075424	NC_037289.2	20829693	37.33	4.35e-21	85.1	interchromosomal	NA	NA	NA
XP_002303610.1	XP_024454278.1	NC_037287.2	15075424	NC_037288.2	11508039	49.37	1.62e-20	85.1	interchromosomal	NA	NA	NA
XP_002303610.1	XP_002309066.3	NC_037287.2	15075424	NC_037290.2	6547400	56.45	1.84e-20	83.2	interchromosomal	NA	NA	NA
XP_002303610.1	XP_002321134.3	NC_037287.2	15075424	NC_037298.2	10916137	41.75	2.19e-20	84.7	interchromosomal	NA	NA	NA
XP_002303610.1	XP_002318373.2	NC_037287.2	15075424	NC_037296.2	911247	36.57	2.32e-20	83.6	interchromosomal	NA	NA	NA
XP_002303610.1	XP_024444415.2	NC_037287.2	15075424	NC_037301.2	10127356	48.10	4.66e-20	83.6	interchromosomal	NA	NA	NA
XP_002303610.1	XP_024450700.1	NC_037287.2	15075424	NC_037286.2	21787634	42.57	8.63e-20	82.8	interchromosomal	NA	NA	NA
XP_002303610.1	XP_002323509.1	NC_037287.2	15075424	NC_037300.2	10100937	53.73	9.80e-20	81.3	interchromosomal	NA	NA	NA
XP_002303610.1	XP_024437369.2	NC_037287.2	15075424	NC_037295.2	11223426	37.80	1.08e-19	82.4	interchromosomal	NA	NA	NA
XP_002303610.1	XP_006375555.1	NC_037287.2	15075424	NC_037298.2	11864534	32.18	1.28e-19	82.0	interchromosomal	NA	NA	NA
XP_002303610.1	XP_024438829.2	NC_037287.2	15075424	NC_037297.2	7868485	34.19	1.41e-19	82.4	interchromosomal	NA	NA	NA
XP_002303610.1	XP_006369893.1	NC_037287.2	15075424	NC_037285.2	36641635	42.98	8.96e-20	81.3	interchromosomal	NA	NA	NA
XP_002303610.1	XP_024436877.2	NC_037287.2	15075424	NC_037295.2	8531133	38.32	1.06e-19	80.9	interchromosomal	NA	NA	NA
XP_002303610.1	XP_006378014.1	NC_037287.2	15075424	NC_037295.2	19237430	43.01	3.26e-19	81.3	interchromosomal	NA	NA	NA
XP_002303610.1	XP_002314962.2	NC_037287.2	15075424	NC_037294.2	15857170	52.94	1.26e-18	78.6	interchromosomal	NA	NA	NA
XP_002303610.1	XP_006389578.1	NC_037287.2	15075424	NC_037295.2	587221	36.36	5.43e-20	84.3	interchromosomal	NA	NA	NA
XP_002303610.1	XP_002320967.3	NC_037287.2	15075424	NC_037298.2	7968052	48.00	2.28e-18	77.4	interchromosomal	NA	NA	NA
XP_002303610.1	XP_024446053.1	NC_037287.2	15075424	NC_037302.2	12567397	48.65	2.87e-18	78.2	interchromosomal	NA	NA	NA
XP_002303610.1	XP_024455846.2	NC_037287.2	15075424	NC_037288.2	463543	37.90	4.82e-19	81.6	interchromosomal	NA	NA	NA
XP_002303610.1	XP_024460429.2	NC_037287.2	15075424	NC_037290.2	19088117	48.65	4.27e-18	77.8	interchromosomal	NA	NA	NA
XP_002303610.1	XP_002323637.2	NC_037287.2	15075424	NC_037300.2	13149873	46.75	4.43e-18	77.8	interchromosomal	NA	NA	NA
XP_002303610.1	XP_002322274.1	NC_037287.2	15075424	NC_037299.2	11932322	44.44	8.16e-18	73.2	interchromosomal	NA	NA	NA
XP_002303610.1	XP_024466901.1	NC_037287.2	15075424	NC_037294.2	16611764	41.38	8.30e-18	75.5	interchromosomal	NA	NA	NA
XP_002303610.1	XP_002319959.2	NC_037287.2	15075424	NC_037297.2	14908280	41.11	1.09e-17	76.6	interchromosomal	NA	NA	NA
XP_002303610.1	XP_002311329.2	NC_037287.2	15075424	NC_037292.2	5865817	43.75	1.69e-17	74.7	interchromosomal	NA	NA	NA
XP_002303610.1	XP_024446284.2	NC_037287.2	15075424	NC_037302.2	1292205	32.65	2.47e-17	75.5	interchromosomal	NA	NA	NA
XP_002303610.1	XP_024456867.1	NC_037287.2	15075424	NC_037289.2	5877537	35.87	3.37e-17	72.0	interchromosomal	NA	NA	NA
XP_002303610.1	XP_024440069.1	NC_037287.2	15075424	NC_037298.2	7538137	44.30	3.29e-18	78.6	interchromosomal	NA	NA	NA
XP_002303610.1	XP_002326093.4	NC_037287.2	15075424	NC_037303.2	14801942	44.16	5.44e-17	74.3	interchromosomal	NA	NA	NA
XP_002303610.1	XP_024458700.1	NC_037287.2	15075424	NC_037290.2	8094569	45.24	4.26e-17	75.5	interchromosomal	NA	NA	NA
XP_002303610.1	XP_002308538.1	NC_037287.2	15075424	NC_037290.2	22894958	52.63	1.14e-16	69.7	interchromosomal	NA	NA	NA
XP_002303610.1	XP_002303852.3	NC_037287.2	15075424	NC_037287.2	18768266	36.46	8.62e-17	72.8	intrachromosomal_distant	NA	NA	NA
XP_002303610.1	XP_006371762.1	NC_037287.2	15075424	NC_037302.2	1349083	36.84	1.59e-16	72.0	interchromosomal	NA	NA	NA
XP_002303610.1	XP_024461002.1	NC_037287.2	15075424	NC_037291.2	10436238	34.78	1.90e-16	69.7	interchromosomal	NA	NA	NA
XP_002303610.1	XP_002318747.1	NC_037287.2	15075424	NC_037296.2	12395944	41.10	2.90e-16	68.9	interchromosomal	NA	NA	NA
XP_002303610.1	XP_024439297.1	NC_037287.2	15075424	NC_037297.2	9163560	40.86	3.59e-16	71.2	interchromosomal	NA	NA	NA
XP_002303610.1	XP_006382109.3	NC_037287.2	15075424	NC_037290.2	26029137	45.20	5.08e-16	72.0	interchromosomal	NA	NA	NA
XP_002303610.1	XP_024466667.1	NC_037287.2	15075424	NC_037285.2	21315533	47.06	2.29e-16	73.2	interchromosomal	NA	NA	NA
XP_002303610.1	XP_002320852.4	NC_037287.2	15075424	NC_037298.2	6296630	43.53	5.85e-16	70.9	interchromosomal	NA	NA	NA
XP_002303610.1	XP_006368868.2	NC_037287.2	15075424	NC_037285.2	4486450	47.37	5.91e-16	67.8	interchromosomal	NA	NA	NA
XP_002303610.1	XP_002304741.2	NC_037287.2	15075424	NC_037287.2	17779254	47.37	7.04e-16	67.4	intrachromosomal_distant	NA	NA	NA
XP_002303610.1	XP_006368511.1	NC_037287.2	15075424	NC_037285.2	3207145	40.58	8.12e-16	70.1	interchromosomal	NA	NA	NA
XP_002303610.1	XP_006373216.1	NC_037287.2	15075424	NC_037301.2	5566257	47.37	8.78e-16	67.8	interchromosomal	NA	NA	NA
XP_002303610.1	XP_002323839.4	NC_037287.2	15075424	NC_037301.2	8849889	44.74	1.08e-16	74.3	interchromosomal	NA	NA	NA
XP_002303610.1	XP_002308704.1	NC_037287.2	15075424	NC_037290.2	25986082	33.68	6.32e-16	70.1	interchromosomal	NA	NA	NA
XP_002303610.1	XP_052303325.1	NC_037287.2	15075424	NC_037299.2	8984460	43.42	2.33e-16	73.6	interchromosomal	NA	NA	NA
XP_002303610.1	XP_052308647.1	NC_037287.2	15075424	NC_037289.2	5998576	35.80	8.33e-15	65.5	interchromosomal	NA	NA	NA
XP_002303610.1	XP_002310044.1	NC_037287.2	15075424	NC_037291.2	10243688	35.80	1.85e-14	64.7	interchromosomal	NA	NA	NA
XP_002303610.1	XP_002320160.2	NC_037287.2	15075424	NC_037298.2	5891006	46.77	1.98e-14	63.9	interchromosomal	NA	NA	NA
XP_002303610.1	XP_002324328.1	NC_037287.2	15075424	NC_037302.2	1335139	43.86	4.33e-14	64.3	interchromosomal	NA	NA	NA
XP_002303610.1	XP_052305286.1	NC_037287.2	15075424	NC_037303.2	9848168	48.28	4.93e-14	65.1	interchromosomal	NA	NA	NA
XP_002303610.1	XP_006375168.1	NC_037287.2	15075424	NC_037298.2	3234387	46.55	7.78e-14	62.4	interchromosomal	NA	NA	NA
XP_002303610.1	XP_002319879.4	NC_037287.2	15075424	NC_037297.2	9153347	48.28	8.78e-13	60.8	interchromosomal	NA	NA	NA
XP_002303610.1	XP_002309186.4	NC_037287.2	15075424	NC_037290.2	8482325	37.98	1.17e-11	57.4	interchromosomal	NA	NA	NA
XP_002303610.1	XP_002323675.2	NC_037287.2	15075424	NC_037300.2	14139186	39.24	1.49e-12	60.1	interchromosomal	NA	NA	NA
XP_002303610.1	XP_006368530.1	NC_037287.2	15075424	NC_037285.2	159614	43.06	6.34e-12	54.3	interchromosomal	NA	NA	NA
XP_002304549.1	XP_002318373.2	NC_037287.2	15527228	NC_037296.2	911247	48.77	7.17e-107	311.0	interchromosomal	NA	NA	NA
XP_002304549.1	XP_002320852.4	NC_037287.2	15527228	NC_037298.2	6296630	47.58	1.53e-99	292.0	interchromosomal	NA	NA	NA
XP_002304549.1	XP_002309186.4	NC_037287.2	15527228	NC_037290.2	8482325	32.28	2.58e-33	119.0	interchromosomal	NA	NA	NA
XP_002304549.1	XP_002323675.2	NC_037287.2	15527228	NC_037300.2	14139186	38.14	1.72e-32	117.0	interchromosomal	NA	NA	NA
XP_002304549.1	XP_002319879.4	NC_037287.2	15527228	NC_037297.2	9153347	36.79	7.17e-29	107.0	interchromosomal	NA	NA	NA
XP_002304549.1	XP_024439297.1	NC_037287.2	15527228	NC_037297.2	9163560	43.55	2.48e-27	103.0	interchromosomal	NA	NA	NA
XP_002304549.1	XP_052305286.1	NC_037287.2	15527228	NC_037303.2	9848168	44.70	5.07e-27	103.0	interchromosomal	NA	NA	NA
XP_002304549.1	XP_006368768.2	NC_037287.2	15527228	NC_037285.2	7882247	46.67	1.34e-20	84.0	interchromosomal	NA	NA	NA
XP_002304549.1	XP_052303237.1	NC_037287.2	15527228	NC_037298.2	8049826	40.74	5.09e-19	78.6	interchromosomal	NA	NA	NA
XP_002304549.1	XP_002323509.1	NC_037287.2	15527228	NC_037300.2	10100937	57.35	5.95e-19	79.0	interchromosomal	NA	NA	NA
XP_002304549.1	XP_024452726.1	NC_037287.2	15527228	NC_037287.2	13432844	38.81	1.40e-18	77.8	intrachromosomal_distant	NA	NA	NA
XP_002304549.1	XP_002320160.2	NC_037287.2	15527228	NC_037298.2	5891006	42.86	5.67e-19	76.3	interchromosomal	NA	NA	NA
XP_002304549.1	XP_006368868.2	NC_037287.2	15527228	NC_037285.2	4486450	57.63	1.26e-18	74.3	interchromosomal	NA	NA	NA
XP_002304549.1	XP_002304741.2	NC_037287.2	15527228	NC_037287.2	17779254	38.79	7.21e-18	73.2	intrachromosomal_distant	NA	NA	NA
XP_002304549.1	XP_002309066.3	NC_037287.2	15527228	NC_037290.2	6547400	56.45	7.79e-18	75.9	interchromosomal	NA	NA	NA
XP_002304549.1	XP_006373216.1	NC_037287.2	15527228	NC_037301.2	5566257	55.93	3.93e-18	73.6	interchromosomal	NA	NA	NA
XP_002304549.1	XP_024454278.1	NC_037287.2	15527228	NC_037288.2	11508039	58.33	1.29e-17	76.6	interchromosomal	NA	NA	NA
XP_002304549.1	XP_002305271.3	NC_037287.2	15527228	NC_037288.2	6053102	44.05	1.31e-17	76.3	interchromosomal	NA	NA	NA
XP_002304549.1	XP_024444415.2	NC_037287.2	15527228	NC_037301.2	10127356	43.16	1.37e-17	76.3	interchromosomal	NA	NA	NA
XP_002304549.1	XP_024436877.2	NC_037287.2	15527228	NC_037295.2	8531133	44.33	8.13e-18	75.5	interchromosomal	NA	NA	NA
XP_002304549.1	XP_002312267.1	NC_037287.2	15527228	NC_037292.2	5739919	42.55	2.04e-17	75.9	interchromosomal	NA	NA	NA
XP_002304549.1	XP_006369893.1	NC_037287.2	15527228	NC_037285.2	36641635	41.13	2.88e-18	77.0	interchromosomal	NA	NA	NA
XP_002304549.1	XP_002312318.2	NC_037287.2	15527228	NC_037292.2	6517252	55.17	2.84e-17	75.1	interchromosomal	NA	NA	NA
XP_002304549.1	XP_002318747.1	NC_037287.2	15527228	NC_037296.2	12395944	55.93	1.04e-17	72.4	interchromosomal	NA	NA	NA
XP_002304549.1	XP_006372370.1	NC_037287.2	15527228	NC_037301.2	14784916	42.86	3.37e-17	74.7	interchromosomal	NA	NA	NA
XP_002304549.1	XP_002320967.3	NC_037287.2	15527228	NC_037298.2	7968052	33.57	1.71e-17	75.1	interchromosomal	NA	NA	NA
XP_002304549.1	XP_002306743.1	NC_037287.2	15527228	NC_037289.2	20829693	42.31	1.28e-17	75.5	interchromosomal	NA	NA	NA
XP_002304549.1	XP_002310122.1	NC_037287.2	15527228	NC_037291.2	4339587	41.94	4.13e-17	73.9	interchromosomal	NA	NA	NA
XP_002304549.1	XP_002317397.1	NC_037287.2	15527228	NC_037295.2	6182166	48.19	4.47e-17	73.2	interchromosomal	NA	NA	NA
XP_002304549.1	XP_024466901.1	NC_037287.2	15527228	NC_037294.2	16611764	54.84	2.99e-17	73.9	interchromosomal	NA	NA	NA
XP_002304549.1	XP_002305730.1	NC_037287.2	15527228	NC_037288.2	5076521	46.99	2.99e-17	72.4	interchromosomal	NA	NA	NA
XP_002304549.1	XP_006383530.2	NC_037287.2	15527228	NC_037289.2	11313285	41.60	7.80e-17	73.2	interchromosomal	NA	NA	NA
XP_002304549.1	XP_002322274.1	NC_037287.2	15527228	NC_037299.2	11932322	55.17	5.02e-17	70.5	interchromosomal	NA	NA	NA
XP_002304549.1	XP_006381519.2	NC_037287.2	15527228	NC_037290.2	10930631	52.78	2.17e-16	73.2	interchromosomal	NA	NA	NA
XP_002304549.1	XP_002311329.2	NC_037287.2	15527228	NC_037292.2	5865817	53.23	1.33e-16	72.0	interchromosomal	NA	NA	NA
XP_002304549.1	XP_002306823.1	NC_037287.2	15527228	NC_037289.2	22204644	40.82	2.51e-16	72.0	interchromosomal	NA	NA	NA
XP_002304549.1	XP_002325248.3	NC_037287.2	15527228	NC_037302.2	14435429	37.37	6.83e-17	72.8	interchromosomal	NA	NA	NA
XP_002304549.1	XP_002324382.1	NC_037287.2	15527228	NC_037302.2	615270	41.11	1.83e-16	72.0	interchromosomal	NA	NA	NA
XP_002304549.1	XP_024443283.1	NC_037287.2	15527228	NC_037300.2	6485177	53.62	3.20e-16	72.0	interchromosomal	NA	NA	NA
XP_002304549.1	XP_002308998.1	NC_037287.2	15527228	NC_037290.2	5266321	39.78	3.57e-16	70.9	interchromosomal	NA	NA	NA
XP_002304549.1	XP_002315024.1	NC_037287.2	15527228	NC_037294.2	16783136	50.00	3.37e-16	72.8	interchromosomal	NA	NA	NA
XP_002304549.1	XP_002310044.1	NC_037287.2	15527228	NC_037291.2	10243688	52.54	4.39e-16	69.7	interchromosomal	NA	NA	NA
XP_002304549.1	XP_002319082.4	NC_037287.2	15527228	NC_037297.2	2936940	39.80	4.79e-16	71.2	interchromosomal	NA	NA	NA
XP_002304549.1	XP_052308647.1	NC_037287.2	15527228	NC_037289.2	5998576	53.45	3.11e-16	69.7	interchromosomal	NA	NA	NA
XP_002304549.1	XP_006378014.1	NC_037287.2	15527228	NC_037295.2	19237430	53.33	6.09e-16	71.6	interchromosomal	NA	NA	NA
XP_002304549.1	XP_002314962.2	NC_037287.2	15527228	NC_037294.2	15857170	30.12	3.87e-16	71.6	interchromosomal	NA	NA	NA
XP_002304549.1	XP_024438829.2	NC_037287.2	15527228	NC_037297.2	7868485	34.78	1.19e-15	70.9	interchromosomal	NA	NA	NA
XP_002304549.1	XP_002323637.2	NC_037287.2	15527228	NC_037300.2	13149873	56.90	1.19e-15	71.2	interchromosomal	NA	NA	NA
XP_002304549.1	XP_024441317.1	NC_037287.2	15527228	NC_037298.2	1460990	40.45	1.62e-15	69.7	interchromosomal	NA	NA	NA
XP_002304549.1	XP_002319959.2	NC_037287.2	15527228	NC_037297.2	14908280	55.17	3.50e-15	70.1	interchromosomal	NA	NA	NA
XP_002304549.1	XP_006371762.1	NC_037287.2	15527228	NC_037302.2	1349083	48.53	2.59e-15	68.6	interchromosomal	NA	NA	NA
XP_002304549.1	XP_006375168.1	NC_037287.2	15527228	NC_037298.2	3234387	51.72	3.96e-15	67.0	interchromosomal	NA	NA	NA
XP_002304549.1	XP_006382812.1	NC_037287.2	15527228	NC_037289.2	3486578	38.78	4.12e-15	68.2	interchromosomal	NA	NA	NA
XP_002304549.1	XP_006375351.1	NC_037287.2	15527228	NC_037298.2	5870811	50.88	5.08e-15	67.8	interchromosomal	NA	NA	NA
XP_002304549.1	XP_006386616.2	NC_037287.2	15527228	NC_037286.2	12590323	50.88	5.26e-15	67.8	interchromosomal	NA	NA	NA
XP_002304549.1	XP_052301100.1	NC_037287.2	15527228	NC_037295.2	18333481	52.63	5.54e-15	68.2	interchromosomal	NA	NA	NA
XP_002304549.1	XP_024458563.1	NC_037287.2	15527228	NC_037285.2	48605799	52.63	6.53e-15	68.2	interchromosomal	NA	NA	NA
XP_002304549.1	XP_024446284.2	NC_037287.2	15527228	NC_037302.2	1292205	46.03	1.45e-14	67.0	interchromosomal	NA	NA	NA
XP_002304549.1	XP_024437369.2	NC_037287.2	15527228	NC_037295.2	11223426	50.00	1.50e-14	67.0	interchromosomal	NA	NA	NA
XP_002304549.1	XP_024455846.2	NC_037287.2	15527228	NC_037288.2	463543	50.00	3.49e-14	67.0	interchromosomal	NA	NA	NA
XP_002304549.1	XP_024458700.1	NC_037287.2	15527228	NC_037290.2	8094569	52.46	2.99e-14	67.0	interchromosomal	NA	NA	NA
XP_002304549.1	XP_024450700.1	NC_037287.2	15527228	NC_037286.2	21787634	53.45	4.36e-14	65.9	interchromosomal	NA	NA	NA
XP_002304549.1	XP_006382109.3	NC_037287.2	15527228	NC_037290.2	26029137	47.30	5.50e-14	65.5	interchromosomal	NA	NA	NA
XP_002304549.1	XP_052303325.1	NC_037287.2	15527228	NC_037299.2	8984460	48.61	6.88e-14	66.2	interchromosomal	NA	NA	NA
XP_002304549.1	XP_002326093.4	NC_037287.2	15527228	NC_037303.2	14801942	51.72	6.69e-14	65.9	interchromosomal	NA	NA	NA
XP_002304549.1	XP_002323839.4	NC_037287.2	15527228	NC_037301.2	8849889	41.49	7.73e-14	65.5	interchromosomal	NA	NA	NA
XP_002304549.1	XP_006389578.1	NC_037287.2	15527228	NC_037295.2	587221	50.00	1.08e-13	65.5	interchromosomal	NA	NA	NA
XP_002304549.1	XP_024440069.1	NC_037287.2	15527228	NC_037298.2	7538137	54.39	8.58e-14	64.7	interchromosomal	NA	NA	NA
XP_002304549.1	XP_002321134.3	NC_037287.2	15527228	NC_037298.2	10916137	54.39	8.70e-14	65.1	interchromosomal	NA	NA	NA
XP_002304549.1	XP_002308538.1	NC_037287.2	15527228	NC_037290.2	22894958	45.76	1.74e-13	60.8	interchromosomal	NA	NA	NA
XP_002304549.1	XP_024466667.1	NC_037287.2	15527228	NC_037285.2	21315533	53.45	1.99e-13	63.5	interchromosomal	NA	NA	NA
XP_002304549.1	XP_002308704.1	NC_037287.2	15527228	NC_037290.2	25986082	38.82	2.46e-13	62.8	interchromosomal	NA	NA	NA
XP_002304549.1	XP_006375555.1	NC_037287.2	15527228	NC_037298.2	11864534	47.37	6.96e-13	62.0	interchromosomal	NA	NA	NA
XP_002304549.1	XP_024446053.1	NC_037287.2	15527228	NC_037302.2	12567397	35.11	1.88e-12	60.8	interchromosomal	NA	NA	NA
XP_002304549.1	XP_006368511.1	NC_037287.2	15527228	NC_037285.2	3207145	40.84	2.57e-12	59.7	interchromosomal	NA	NA	NA
XP_002304549.1	XP_024460429.2	NC_037287.2	15527228	NC_037290.2	19088117	46.55	6.78e-12	59.7	interchromosomal	NA	NA	NA
XP_002304549.1	XP_002324328.1	NC_037287.2	15527228	NC_037302.2	1335139	45.61	6.10e-12	57.8	interchromosomal	NA	NA	NA
XP_002304549.1	XP_024456867.1	NC_037287.2	15527228	NC_037289.2	5877537	41.38	4.02e-12	57.0	interchromosomal	NA	NA	NA
XP_002304549.1	XP_006368530.1	NC_037287.2	15527228	NC_037285.2	159614	40.28	8.99e-11	51.2	interchromosomal	NA	NA	NA
XP_002304549.1	XP_024461002.1	NC_037287.2	15527228	NC_037291.2	10436238	39.66	8.40e-11	52.8	interchromosomal	NA	NA	NA
XP_002304741.2	XP_006368868.2	NC_037287.2	17779254	NC_037285.2	4486450	86.25	1.62e-101	281.0	interchromosomal	NA	NA	NA
XP_002304741.2	XP_006373216.1	NC_037287.2	17779254	NC_037301.2	5566257	68.35	1.60e-73	212.0	interchromosomal	NA	NA	NA
XP_002304741.2	XP_002318747.1	NC_037287.2	17779254	NC_037296.2	12395944	57.96	5.03e-55	165.0	interchromosomal	NA	NA	NA
XP_002304741.2	XP_002322274.1	NC_037287.2	17779254	NC_037299.2	11932322	56.60	1.51e-54	164.0	interchromosomal	NA	NA	NA
XP_002304741.2	XP_002320160.2	NC_037287.2	17779254	NC_037298.2	5891006	57.48	3.45e-49	150.0	interchromosomal	NA	NA	NA
XP_002304741.2	XP_002311329.2	NC_037287.2	17779254	NC_037292.2	5865817	63.85	7.39e-39	127.0	interchromosomal	NA	NA	NA
XP_002304741.2	XP_024466901.1	NC_037287.2	17779254	NC_037294.2	16611764	63.85	1.42e-38	127.0	interchromosomal	NA	NA	NA
XP_002304741.2	XP_006375168.1	NC_037287.2	17779254	NC_037298.2	3234387	58.06	5.58e-38	123.0	interchromosomal	NA	NA	NA
XP_002304741.2	XP_002312318.2	NC_037287.2	17779254	NC_037292.2	6517252	64.20	1.29e-37	126.0	interchromosomal	NA	NA	NA
XP_002304741.2	XP_052308647.1	NC_037287.2	17779254	NC_037289.2	5998576	60.71	4.17e-37	121.0	interchromosomal	NA	NA	NA
XP_002304741.2	XP_002310044.1	NC_037287.2	17779254	NC_037291.2	10243688	59.52	4.70e-37	120.0	interchromosomal	NA	NA	NA
XP_002304741.2	XP_002320967.3	NC_037287.2	17779254	NC_037298.2	7968052	65.43	1.19e-36	122.0	interchromosomal	NA	NA	NA
XP_002304741.2	XP_002314962.2	NC_037287.2	17779254	NC_037294.2	15857170	58.95	4.24e-37	125.0	interchromosomal	NA	NA	NA
XP_002304741.2	XP_024436877.2	NC_037287.2	17779254	NC_037295.2	8531133	59.52	5.71e-36	120.0	interchromosomal	NA	NA	NA
XP_002304741.2	XP_006369893.1	NC_037287.2	17779254	NC_037285.2	36641635	61.91	6.20e-37	123.0	interchromosomal	NA	NA	NA
XP_002304741.2	XP_024454278.1	NC_037287.2	17779254	NC_037288.2	11508039	60.49	1.12e-33	117.0	interchromosomal	NA	NA	NA
XP_002304741.2	XP_002326093.4	NC_037287.2	17779254	NC_037303.2	14801942	59.26	1.40e-32	116.0	interchromosomal	NA	NA	NA
XP_002304741.2	XP_002306743.1	NC_037287.2	17779254	NC_037289.2	20829693	60.49	3.93e-34	116.0	interchromosomal	NA	NA	NA
XP_002304741.2	XP_024437369.2	NC_037287.2	17779254	NC_037295.2	11223426	58.02	7.08e-32	114.0	interchromosomal	NA	NA	NA
XP_002304741.2	XP_002319959.2	NC_037287.2	17779254	NC_037297.2	14908280	58.75	6.93e-32	114.0	interchromosomal	NA	NA	NA
XP_002304741.2	XP_024458700.1	NC_037287.2	17779254	NC_037290.2	8094569	45.45	1.15e-31	113.0	interchromosomal	NA	NA	NA
XP_002304741.2	XP_006378014.1	NC_037287.2	17779254	NC_037295.2	19237430	45.67	7.51e-32	112.0	interchromosomal	NA	NA	NA
XP_002304741.2	XP_024444415.2	NC_037287.2	17779254	NC_037301.2	10127356	62.82	1.86e-31	110.0	interchromosomal	NA	NA	NA
XP_002304741.2	XP_002323637.2	NC_037287.2	17779254	NC_037300.2	13149873	57.50	3.20e-31	112.0	interchromosomal	NA	NA	NA
XP_002304741.2	XP_002315024.1	NC_037287.2	17779254	NC_037294.2	16783136	56.41	1.01e-30	110.0	interchromosomal	NA	NA	NA
XP_002304741.2	XP_002308538.1	NC_037287.2	17779254	NC_037290.2	22894958	56.67	6.45e-33	108.0	interchromosomal	NA	NA	NA
XP_002304741.2	XP_024438829.2	NC_037287.2	17779254	NC_037297.2	7868485	56.96	3.09e-30	108.0	interchromosomal	NA	NA	NA
XP_002304741.2	XP_002312267.1	NC_037287.2	17779254	NC_037292.2	5739919	51.14	1.66e-29	105.0	interchromosomal	NA	NA	NA
XP_002304741.2	XP_006375555.1	NC_037287.2	17779254	NC_037298.2	11864534	57.14	1.84e-29	105.0	interchromosomal	NA	NA	NA
XP_002304741.2	XP_024443283.1	NC_037287.2	17779254	NC_037300.2	6485177	42.45	9.62e-28	100.0	interchromosomal	NA	NA	NA
XP_002304741.2	XP_006381519.2	NC_037287.2	17779254	NC_037290.2	10930631	52.63	1.60e-27	99.8	interchromosomal	NA	NA	NA
XP_002304741.2	XP_024456867.1	NC_037287.2	17779254	NC_037289.2	5877537	50.70	8.54e-28	96.7	interchromosomal	NA	NA	NA
XP_002304741.2	XP_024461002.1	NC_037287.2	17779254	NC_037291.2	10436238	51.22	1.83e-27	95.5	interchromosomal	NA	NA	NA
XP_002304741.2	XP_002309066.3	NC_037287.2	17779254	NC_037290.2	6547400	51.25	1.89e-25	93.2	interchromosomal	NA	NA	NA
XP_002304741.2	XP_024455846.2	NC_037287.2	17779254	NC_037288.2	463543	48.15	3.15e-25	93.6	interchromosomal	NA	NA	NA
XP_002304741.2	XP_024450700.1	NC_037287.2	17779254	NC_037286.2	21787634	47.67	6.25e-25	92.8	interchromosomal	NA	NA	NA
XP_002304741.2	XP_006389578.1	NC_037287.2	17779254	NC_037295.2	587221	46.99	1.74e-24	93.2	interchromosomal	NA	NA	NA
XP_002304741.2	XP_002323509.1	NC_037287.2	17779254	NC_037300.2	10100937	51.25	2.29e-24	90.1	interchromosomal	NA	NA	NA
XP_002304741.2	XP_024440069.1	NC_037287.2	17779254	NC_037298.2	7538137	38.23	2.84e-23	89.4	interchromosomal	NA	NA	NA
XP_002304741.2	XP_024466667.1	NC_037287.2	17779254	NC_037285.2	21315533	48.68	4.58e-23	89.0	interchromosomal	NA	NA	NA
XP_002304741.2	XP_024446053.1	NC_037287.2	17779254	NC_037302.2	12567397	46.67	8.11e-23	86.7	interchromosomal	NA	NA	NA
XP_002304741.2	XP_002321134.3	NC_037287.2	17779254	NC_037298.2	10916137	48.19	2.85e-22	87.0	interchromosomal	NA	NA	NA
XP_002304741.2	XP_002323839.4	NC_037287.2	17779254	NC_037301.2	8849889	43.75	1.78e-22	85.9	interchromosomal	NA	NA	NA
XP_002304741.2	XP_024460429.2	NC_037287.2	17779254	NC_037290.2	19088117	46.67	9.58e-22	83.6	interchromosomal	NA	NA	NA
XP_002304741.2	XP_052303325.1	NC_037287.2	17779254	NC_037299.2	8984460	43.75	1.01e-21	83.6	interchromosomal	NA	NA	NA
XP_002304741.2	XP_002324382.1	NC_037287.2	17779254	NC_037302.2	615270	45.12	2.80e-21	82.4	interchromosomal	NA	NA	NA
XP_002304741.2	XP_002324328.1	NC_037287.2	17779254	NC_037302.2	1335139	52.46	1.14e-20	79.7	interchromosomal	NA	NA	NA
XP_002304741.2	XP_006368511.1	NC_037287.2	17779254	NC_037285.2	3207145	40.19	2.22e-20	79.7	interchromosomal	NA	NA	NA
XP_002304741.2	XP_006371762.1	NC_037287.2	17779254	NC_037302.2	1349083	51.67	4.35e-20	78.2	interchromosomal	NA	NA	NA
XP_002304741.2	XP_006382109.3	NC_037287.2	17779254	NC_037290.2	26029137	42.86	1.87e-19	78.6	interchromosomal	NA	NA	NA
XP_002304741.2	XP_002309186.4	NC_037287.2	17779254	NC_037290.2	8482325	41.24	8.25e-20	77.4	interchromosomal	NA	NA	NA
XP_002304741.2	XP_002318373.2	NC_037287.2	17779254	NC_037296.2	911247	56.67	9.30e-20	77.4	interchromosomal	NA	NA	NA
XP_002304741.2	XP_002325248.3	NC_037287.2	17779254	NC_037302.2	14435429	37.37	1.72e-19	77.0	interchromosomal	NA	NA	NA
XP_002304741.2	XP_024446284.2	NC_037287.2	17779254	NC_037302.2	1292205	44.87	2.58e-19	76.6	interchromosomal	NA	NA	NA
XP_002304741.2	XP_006383530.2	NC_037287.2	17779254	NC_037289.2	11313285	50.79	3.06e-19	75.9	interchromosomal	NA	NA	NA
XP_002304741.2	XP_002306823.1	NC_037287.2	17779254	NC_037289.2	22204644	36.96	3.41e-19	75.9	interchromosomal	NA	NA	NA
XP_002304741.2	XP_002320852.4	NC_037287.2	17779254	NC_037298.2	6296630	54.41	3.12e-19	77.0	interchromosomal	NA	NA	NA
XP_002304741.2	XP_002308998.1	NC_037287.2	17779254	NC_037290.2	5266321	33.64	6.46e-19	75.5	interchromosomal	NA	NA	NA
XP_002304741.2	XP_002308704.1	NC_037287.2	17779254	NC_037290.2	25986082	43.28	9.90e-19	75.1	interchromosomal	NA	NA	NA
XP_002304741.2	XP_024441317.1	NC_037287.2	17779254	NC_037298.2	1460990	38.89	1.68e-18	73.9	interchromosomal	NA	NA	NA
XP_002304741.2	XP_002310122.1	NC_037287.2	17779254	NC_037291.2	4339587	49.21	3.24e-18	73.9	interchromosomal	NA	NA	NA
XP_002304741.2	XP_024452726.1	NC_037287.2	17779254	NC_037287.2	13432844	40.00	2.34e-18	73.2	intrachromosomal_distant	NA	NA	NA
XP_002304741.2	XP_002319082.4	NC_037287.2	17779254	NC_037297.2	2936940	46.77	7.55e-18	72.0	interchromosomal	NA	NA	NA
XP_002304741.2	XP_052303237.1	NC_037287.2	17779254	NC_037298.2	8049826	50.88	1.14e-17	70.9	interchromosomal	NA	NA	NA
XP_002304741.2	XP_024439297.1	NC_037287.2	17779254	NC_037297.2	9163560	39.05	2.76e-17	71.6	interchromosomal	NA	NA	NA
XP_002304741.2	XP_006368768.2	NC_037287.2	17779254	NC_037285.2	7882247	49.12	2.31e-17	70.5	interchromosomal	NA	NA	NA
XP_002304741.2	XP_052305286.1	NC_037287.2	17779254	NC_037303.2	9848168	36.94	3.19e-17	71.6	interchromosomal	NA	NA	NA
XP_002304741.2	XP_006382812.1	NC_037287.2	17779254	NC_037289.2	3486578	45.16	4.15e-17	70.1	interchromosomal	NA	NA	NA
XP_002304741.2	XP_052301100.1	NC_037287.2	17779254	NC_037295.2	18333481	38.20	8.18e-17	69.3	interchromosomal	NA	NA	NA
XP_002304741.2	XP_006372370.1	NC_037287.2	17779254	NC_037301.2	14784916	42.62	1.74e-16	68.6	interchromosomal	NA	NA	NA
XP_002304741.2	XP_002319879.4	NC_037287.2	17779254	NC_037297.2	9153347	45.59	3.16e-16	67.4	interchromosomal	NA	NA	NA
XP_002304741.2	XP_024458563.1	NC_037287.2	17779254	NC_037285.2	48605799	45.00	3.22e-16	67.8	interchromosomal	NA	NA	NA
XP_002304741.2	XP_002305271.3	NC_037287.2	17779254	NC_037288.2	6053102	42.62	3.26e-16	67.8	interchromosomal	NA	NA	NA
XP_002304741.2	XP_002317397.1	NC_037287.2	17779254	NC_037295.2	6182166	47.37	3.80e-16	66.6	interchromosomal	NA	NA	NA
XP_002304741.2	XP_002305730.1	NC_037287.2	17779254	NC_037288.2	5076521	47.37	4.84e-16	67.0	interchromosomal	NA	NA	NA
XP_002304741.2	XP_006375351.1	NC_037287.2	17779254	NC_037298.2	5870811	45.00	1.27e-15	66.6	interchromosomal	NA	NA	NA
XP_002304741.2	XP_002323675.2	NC_037287.2	17779254	NC_037300.2	14139186	36.67	5.36e-19	75.9	interchromosomal	NA	NA	NA
XP_002304741.2	XP_006386616.2	NC_037287.2	17779254	NC_037286.2	12590323	45.00	1.43e-15	66.6	interchromosomal	NA	NA	NA
XP_002304741.2	XP_006368530.1	NC_037287.2	17779254	NC_037285.2	159614	38.46	3.50e-12	53.5	interchromosomal	NA	NA	NA
XP_002304741.2	XP_024452203.2	NC_037287.2	17779254	NC_037287.2	21584780	40.32	8.49e-11	50.1	intrachromosomal_distant	NA	NA	NA
XP_002303852.3	XP_006368511.1	NC_037287.2	18768266	NC_037285.2	3207145	85.31	0.00e+00	537.0	interchromosomal	NA	NA	NA
XP_002303852.3	XP_006371762.1	NC_037287.2	18768266	NC_037302.2	1349083	52.31	3.07e-107	309.0	interchromosomal	NA	NA	NA
XP_002303852.3	XP_002308704.1	NC_037287.2	18768266	NC_037290.2	25986082	55.96	1.02e-104	303.0	interchromosomal	NA	NA	NA
XP_002303852.3	XP_002324328.1	NC_037287.2	18768266	NC_037302.2	1335139	39.72	4.73e-55	174.0	interchromosomal	NA	NA	NA
XP_002303852.3	XP_024440069.1	NC_037287.2	18768266	NC_037298.2	7538137	27.99	4.91e-34	123.0	interchromosomal	NA	NA	NA
XP_002303852.3	XP_024450700.1	NC_037287.2	18768266	NC_037286.2	21787634	30.33	1.32e-30	114.0	interchromosomal	NA	NA	NA
XP_002303852.3	XP_002321134.3	NC_037287.2	18768266	NC_037298.2	10916137	42.25	6.45e-30	112.0	interchromosomal	NA	NA	NA
XP_002303852.3	XP_024455846.2	NC_037287.2	18768266	NC_037288.2	463543	36.77	5.42e-29	109.0	interchromosomal	NA	NA	NA
XP_002303852.3	XP_024466667.1	NC_037287.2	18768266	NC_037285.2	21315533	53.95	8.56e-28	105.0	interchromosomal	NA	NA	NA
XP_002303852.3	XP_002323839.4	NC_037287.2	18768266	NC_037301.2	8849889	30.57	9.86e-28	105.0	interchromosomal	NA	NA	NA
XP_002303852.3	XP_052303325.1	NC_037287.2	18768266	NC_037299.2	8984460	45.76	1.56e-27	106.0	interchromosomal	NA	NA	NA
XP_002303852.3	XP_006389578.1	NC_037287.2	18768266	NC_037295.2	587221	37.84	1.90e-27	106.0	interchromosomal	NA	NA	NA
XP_002303852.3	XP_024441317.1	NC_037287.2	18768266	NC_037298.2	1460990	42.10	1.08e-25	98.6	interchromosomal	NA	NA	NA
XP_002303852.3	XP_002312318.2	NC_037287.2	18768266	NC_037292.2	6517252	41.38	4.65e-23	91.3	interchromosomal	NA	NA	NA
XP_002303852.3	XP_002320967.3	NC_037287.2	18768266	NC_037298.2	7968052	57.81	7.70e-23	90.1	interchromosomal	NA	NA	NA
XP_002303852.3	XP_024438829.2	NC_037287.2	18768266	NC_037297.2	7868485	38.51	1.03e-22	91.7	interchromosomal	NA	NA	NA
XP_002303852.3	XP_024437369.2	NC_037287.2	18768266	NC_037295.2	11223426	46.53	1.23e-22	91.3	interchromosomal	NA	NA	NA
XP_002303852.3	XP_006383530.2	NC_037287.2	18768266	NC_037289.2	11313285	39.23	2.42e-22	88.6	interchromosomal	NA	NA	NA
XP_002303852.3	XP_002323637.2	NC_037287.2	18768266	NC_037300.2	13149873	43.96	2.80e-22	90.1	interchromosomal	NA	NA	NA
XP_002303852.3	XP_002319959.2	NC_037287.2	18768266	NC_037297.2	14908280	54.67	2.87e-22	90.1	interchromosomal	NA	NA	NA
XP_002303852.3	XP_002306823.1	NC_037287.2	18768266	NC_037289.2	22204644	43.14	4.05e-22	88.2	interchromosomal	NA	NA	NA
XP_002303852.3	XP_002324382.1	NC_037287.2	18768266	NC_037302.2	615270	35.25	4.22e-22	88.2	interchromosomal	NA	NA	NA
XP_002303852.3	XP_002326093.4	NC_037287.2	18768266	NC_037303.2	14801942	50.67	4.42e-22	89.7	interchromosomal	NA	NA	NA
XP_002303852.3	XP_006369893.1	NC_037287.2	18768266	NC_037285.2	36641635	45.26	4.47e-22	87.8	interchromosomal	NA	NA	NA
XP_002303852.3	XP_024436877.2	NC_037287.2	18768266	NC_037295.2	8531133	49.40	6.07e-22	87.0	interchromosomal	NA	NA	NA
XP_002303852.3	XP_006375555.1	NC_037287.2	18768266	NC_037298.2	11864534	53.97	8.61e-22	88.6	interchromosomal	NA	NA	NA
XP_002303852.3	XP_002319082.4	NC_037287.2	18768266	NC_037297.2	2936940	41.00	8.76e-22	87.4	interchromosomal	NA	NA	NA
XP_002303852.3	XP_024458700.1	NC_037287.2	18768266	NC_037290.2	8094569	50.00	8.95e-22	88.6	interchromosomal	NA	NA	NA
XP_002303852.3	XP_002308998.1	NC_037287.2	18768266	NC_037290.2	5266321	44.83	1.53e-21	85.9	interchromosomal	NA	NA	NA
XP_002303852.3	XP_002314962.2	NC_037287.2	18768266	NC_037294.2	15857170	54.84	1.87e-21	86.7	interchromosomal	NA	NA	NA
XP_002303852.3	XP_002310122.1	NC_037287.2	18768266	NC_037291.2	4339587	45.98	1.97e-21	86.3	interchromosomal	NA	NA	NA
XP_002303852.3	XP_006373216.1	NC_037287.2	18768266	NC_037301.2	5566257	54.10	2.44e-21	83.2	interchromosomal	NA	NA	NA
XP_002303852.3	XP_002325248.3	NC_037287.2	18768266	NC_037302.2	14435429	42.53	5.22e-21	84.3	interchromosomal	NA	NA	NA
XP_002303852.3	XP_024443283.1	NC_037287.2	18768266	NC_037300.2	6485177	36.07	1.19e-20	85.1	interchromosomal	NA	NA	NA
XP_002303852.3	XP_006368868.2	NC_037287.2	18768266	NC_037285.2	4486450	41.12	1.68e-20	80.1	interchromosomal	NA	NA	NA
XP_002303852.3	XP_024446053.1	NC_037287.2	18768266	NC_037302.2	12567397	37.50	3.17e-20	84.0	interchromosomal	NA	NA	NA
XP_002303852.3	XP_002322274.1	NC_037287.2	18768266	NC_037299.2	11932322	52.46	3.60e-20	79.7	interchromosomal	NA	NA	NA
XP_002303852.3	XP_006378014.1	NC_037287.2	18768266	NC_037295.2	19237430	45.98	3.83e-20	84.0	interchromosomal	NA	NA	NA
XP_002303852.3	XP_002320160.2	NC_037287.2	18768266	NC_037298.2	5891006	40.20	4.38e-20	79.7	interchromosomal	NA	NA	NA
XP_002303852.3	XP_006382812.1	NC_037287.2	18768266	NC_037289.2	3486578	38.00	4.67e-20	82.4	interchromosomal	NA	NA	NA
XP_002303852.3	XP_024452726.1	NC_037287.2	18768266	NC_037287.2	13432844	43.62	4.69e-20	82.0	intrachromosomal_distant	NA	NA	NA
XP_002303852.3	XP_002306743.1	NC_037287.2	18768266	NC_037289.2	20829693	46.84	5.10e-20	82.0	interchromosomal	NA	NA	NA
XP_002303852.3	XP_002315024.1	NC_037287.2	18768266	NC_037294.2	16783136	49.27	5.97e-20	83.2	interchromosomal	NA	NA	NA
XP_002303852.3	XP_002312267.1	NC_037287.2	18768266	NC_037292.2	5739919	47.83	8.00e-20	82.8	interchromosomal	NA	NA	NA
XP_002303852.3	XP_002308538.1	NC_037287.2	18768266	NC_037290.2	22894958	51.67	9.71e-20	78.2	interchromosomal	NA	NA	NA
XP_002303852.3	XP_024444415.2	NC_037287.2	18768266	NC_037301.2	10127356	55.00	1.13e-19	82.4	interchromosomal	NA	NA	NA
XP_002303852.3	XP_024454278.1	NC_037287.2	18768266	NC_037288.2	11508039	44.30	1.18e-19	82.4	interchromosomal	NA	NA	NA
XP_002303852.3	XP_024460429.2	NC_037287.2	18768266	NC_037290.2	19088117	44.59	1.92e-19	81.6	interchromosomal	NA	NA	NA
XP_002303852.3	XP_006381519.2	NC_037287.2	18768266	NC_037290.2	10930631	52.86	2.16e-19	81.3	interchromosomal	NA	NA	NA
XP_002303852.3	XP_002305730.1	NC_037287.2	18768266	NC_037288.2	5076521	36.52	3.61e-19	78.6	interchromosomal	NA	NA	NA
XP_002303852.3	XP_052301100.1	NC_037287.2	18768266	NC_037295.2	18333481	46.05	6.80e-19	79.7	interchromosomal	NA	NA	NA
XP_002303852.3	XP_002318747.1	NC_037287.2	18768266	NC_037296.2	12395944	50.82	6.86e-19	76.3	interchromosomal	NA	NA	NA
XP_002303852.3	XP_002317397.1	NC_037287.2	18768266	NC_037295.2	6182166	47.06	8.52e-19	77.8	interchromosomal	NA	NA	NA
XP_002303852.3	XP_052303237.1	NC_037287.2	18768266	NC_037298.2	8049826	40.70	8.82e-19	77.4	interchromosomal	NA	NA	NA
XP_002303852.3	XP_024456867.1	NC_037287.2	18768266	NC_037289.2	5877537	38.38	9.19e-19	76.3	interchromosomal	NA	NA	NA
XP_002303852.3	XP_024458563.1	NC_037287.2	18768266	NC_037285.2	48605799	42.55	1.12e-18	79.0	interchromosomal	NA	NA	NA
XP_002303852.3	XP_024466901.1	NC_037287.2	18768266	NC_037294.2	16611764	49.15	1.67e-18	77.4	interchromosomal	NA	NA	NA
XP_002303852.3	XP_002311329.2	NC_037287.2	18768266	NC_037292.2	5865817	49.15	2.39e-18	77.0	interchromosomal	NA	NA	NA
XP_002303852.3	XP_024461002.1	NC_037287.2	18768266	NC_037291.2	10436238	46.15	3.71e-18	73.9	interchromosomal	NA	NA	NA
XP_002303852.3	XP_006375168.1	NC_037287.2	18768266	NC_037298.2	3234387	37.50	7.96e-18	74.3	interchromosomal	NA	NA	NA
XP_002303852.3	XP_006368768.2	NC_037287.2	18768266	NC_037285.2	7882247	43.66	2.18e-17	74.3	interchromosomal	NA	NA	NA
XP_002303852.3	XP_006386616.2	NC_037287.2	18768266	NC_037286.2	12590323	36.52	2.58e-17	74.3	interchromosomal	NA	NA	NA
XP_002303852.3	XP_006375351.1	NC_037287.2	18768266	NC_037298.2	5870811	36.52	2.77e-17	74.3	interchromosomal	NA	NA	NA
XP_002303852.3	XP_002310044.1	NC_037287.2	18768266	NC_037291.2	10243688	45.45	3.12e-17	72.8	interchromosomal	NA	NA	NA
XP_002303852.3	XP_052308647.1	NC_037287.2	18768266	NC_037289.2	5998576	46.67	5.52e-17	72.0	interchromosomal	NA	NA	NA
XP_002303852.3	XP_002305271.3	NC_037287.2	18768266	NC_037288.2	6053102	34.26	1.87e-16	72.4	interchromosomal	NA	NA	NA
XP_002303852.3	XP_002309066.3	NC_037287.2	18768266	NC_037290.2	6547400	50.00	2.00e-16	71.2	interchromosomal	NA	NA	NA
XP_002303852.3	XP_006372370.1	NC_037287.2	18768266	NC_037301.2	14784916	35.64	2.32e-16	72.0	interchromosomal	NA	NA	NA
XP_002303852.3	XP_024446284.2	NC_037287.2	18768266	NC_037302.2	1292205	49.18	3.25e-16	71.6	interchromosomal	NA	NA	NA
XP_002303852.3	XP_002323509.1	NC_037287.2	18768266	NC_037300.2	10100937	48.44	4.02e-15	67.8	interchromosomal	NA	NA	NA
XP_002303852.3	XP_006382109.3	NC_037287.2	18768266	NC_037290.2	26029137	44.26	7.47e-15	67.8	interchromosomal	NA	NA	NA
XP_002303852.3	XP_052305286.1	NC_037287.2	18768266	NC_037303.2	9848168	42.70	1.12e-14	67.0	interchromosomal	NA	NA	NA
XP_002303852.3	XP_024439297.1	NC_037287.2	18768266	NC_037297.2	9163560	40.74	5.56e-13	61.6	interchromosomal	NA	NA	NA
XP_002303852.3	XP_024452203.2	NC_037287.2	18768266	NC_037287.2	21584780	36.94	1.52e-12	57.0	intrachromosomal_distant	NA	NA	NA
XP_002303852.3	XP_002320852.4	NC_037287.2	18768266	NC_037298.2	6296630	34.55	2.78e-12	59.7	interchromosomal	NA	NA	NA
XP_002303852.3	XP_002304549.1	NC_037287.2	18768266	NC_037287.2	15527228	42.62	2.81e-12	59.3	intrachromosomal_distant	NA	NA	NA
XP_002303852.3	XP_002318373.2	NC_037287.2	18768266	NC_037296.2	911247	40.68	9.24e-12	57.8	interchromosomal	NA	NA	NA
XP_002303852.3	XP_002309186.4	NC_037287.2	18768266	NC_037290.2	8482325	34.65	2.35e-11	56.6	interchromosomal	NA	NA	NA
XP_002303852.3	XP_002323675.2	NC_037287.2	18768266	NC_037300.2	14139186	37.50	5.02e-11	55.5	interchromosomal	NA	NA	NA
XP_024452203.2	XP_024454278.1	NC_037287.2	21584780	NC_037288.2	11508039	51.79	1.14e-13	61.2	interchromosomal	NA	NA	NA
XP_024452203.2	XP_052308647.1	NC_037287.2	21584780	NC_037289.2	5998576	45.00	9.27e-14	59.3	interchromosomal	NA	NA	NA
XP_024452203.2	XP_024452726.1	NC_037287.2	21584780	NC_037287.2	13432844	49.18	3.40e-14	60.5	intrachromosomal_distant	NA	NA	NA
XP_024452203.2	XP_024466901.1	NC_037287.2	21584780	NC_037294.2	16611764	47.37	4.29e-13	58.5	interchromosomal	NA	NA	NA
XP_024452203.2	XP_024461002.1	NC_037287.2	21584780	NC_037291.2	10436238	41.18	1.84e-12	55.1	interchromosomal	NA	NA	NA
XP_024452203.2	XP_024458700.1	NC_037287.2	21584780	NC_037290.2	8094569	50.88	3.31e-12	57.0	interchromosomal	NA	NA	NA
XP_024452203.2	XP_024456867.1	NC_037287.2	21584780	NC_037289.2	5877537	41.18	3.98e-12	54.7	interchromosomal	NA	NA	NA
XP_024452203.2	XP_052305286.1	NC_037287.2	21584780	NC_037303.2	9848168	35.00	5.48e-11	52.8	interchromosomal	NA	NA	NA
XP_024455846.2	XP_052303325.1	NC_037288.2	463543	NC_037299.2	8984460	35.98	2.52e-66	221.0	interchromosomal	NA	NA	NA
XP_024455846.2	XP_024466667.1	NC_037288.2	463543	NC_037285.2	21315533	35.60	5.09e-57	194.0	interchromosomal	NA	NA	NA
XP_024455846.2	XP_024458700.1	NC_037288.2	463543	NC_037290.2	8094569	37.06	1.74e-27	109.0	interchromosomal	NA	NA	NA
XP_024455846.2	XP_052303237.1	NC_037288.2	463543	NC_037298.2	8049826	44.12	2.94e-24	95.5	interchromosomal	NA	NA	NA
XP_024455846.2	XP_024466901.1	NC_037288.2	463543	NC_037294.2	16611764	46.99	8.21e-23	92.0	interchromosomal	NA	NA	NA
XP_024455846.2	XP_024460429.2	NC_037288.2	463543	NC_037290.2	19088117	49.35	2.88e-21	90.1	interchromosomal	NA	NA	NA
XP_024455846.2	XP_024456867.1	NC_037288.2	463543	NC_037289.2	5877537	50.00	7.09e-22	85.9	interchromosomal	NA	NA	NA
XP_024455846.2	XP_052301100.1	NC_037288.2	463543	NC_037295.2	18333481	40.37	1.37e-20	87.8	interchromosomal	NA	NA	NA
XP_024455846.2	XP_052308647.1	NC_037288.2	463543	NC_037289.2	5998576	46.84	1.55e-20	84.0	interchromosomal	NA	NA	NA
XP_024455846.2	XP_024458563.1	NC_037288.2	463543	NC_037285.2	48605799	44.68	3.97e-20	86.3	interchromosomal	NA	NA	NA
XP_024455846.2	XP_024461002.1	NC_037288.2	463543	NC_037291.2	10436238	47.30	1.07e-20	82.0	interchromosomal	NA	NA	NA
XP_024455846.2	XP_052305286.1	NC_037288.2	463543	NC_037303.2	9848168	52.63	1.57e-13	65.1	interchromosomal	NA	NA	NA
XP_002305730.1	XP_002317397.1	NC_037288.2	5076521	NC_037295.2	6182166	86.19	1.01e-166	455.0	interchromosomal	NA	NA	NA
XP_002305730.1	XP_052301100.1	NC_037288.2	5076521	NC_037295.2	18333481	40.98	1.63e-41	140.0	interchromosomal	NA	NA	NA
XP_002305730.1	XP_024458563.1	NC_037288.2	5076521	NC_037285.2	48605799	66.30	9.49e-40	136.0	interchromosomal	NA	NA	NA
XP_002305730.1	XP_052303237.1	NC_037288.2	5076521	NC_037298.2	8049826	37.15	3.29e-38	128.0	interchromosomal	NA	NA	NA
XP_002305730.1	XP_006386616.2	NC_037288.2	5076521	NC_037286.2	12590323	48.85	6.45e-35	122.0	interchromosomal	NA	NA	NA
XP_002305730.1	XP_006372370.1	NC_037288.2	5076521	NC_037301.2	14784916	46.21	1.83e-34	121.0	interchromosomal	NA	NA	NA
XP_002305730.1	XP_006375351.1	NC_037288.2	5076521	NC_037298.2	5870811	50.81	5.64e-35	122.0	interchromosomal	NA	NA	NA
XP_002305730.1	XP_002310122.1	NC_037288.2	5076521	NC_037291.2	4339587	57.78	1.79e-31	112.0	interchromosomal	NA	NA	NA
XP_002305730.1	XP_002325248.3	NC_037288.2	5076521	NC_037302.2	14435429	53.76	4.59e-31	110.0	interchromosomal	NA	NA	NA
XP_002305730.1	XP_006383530.2	NC_037288.2	5076521	NC_037289.2	11313285	57.78	4.64e-31	111.0	interchromosomal	NA	NA	NA
XP_002305730.1	XP_024441317.1	NC_037288.2	5076521	NC_037298.2	1460990	52.83	5.56e-31	111.0	interchromosomal	NA	NA	NA
XP_002305730.1	XP_006368768.2	NC_037288.2	5076521	NC_037285.2	7882247	48.21	7.98e-31	110.0	interchromosomal	NA	NA	NA
XP_002305730.1	XP_002306823.1	NC_037288.2	5076521	NC_037289.2	22204644	60.26	1.92e-30	110.0	interchromosomal	NA	NA	NA
XP_002305730.1	XP_024452726.1	NC_037288.2	5076521	NC_037287.2	13432844	52.14	1.97e-30	108.0	interchromosomal	NA	NA	NA
XP_002305730.1	XP_002319082.4	NC_037288.2	5076521	NC_037297.2	2936940	57.14	6.45e-30	108.0	interchromosomal	NA	NA	NA
XP_002305730.1	XP_002308998.1	NC_037288.2	5076521	NC_037290.2	5266321	52.69	2.12e-29	106.0	interchromosomal	NA	NA	NA
XP_002305730.1	XP_002324382.1	NC_037288.2	5076521	NC_037302.2	615270	60.81	3.28e-29	106.0	interchromosomal	NA	NA	NA
XP_002305730.1	XP_006382812.1	NC_037288.2	5076521	NC_037289.2	3486578	54.76	1.08e-28	105.0	interchromosomal	NA	NA	NA
XP_002305730.1	XP_024455846.2	NC_037288.2	5076521	NC_037288.2	463543	41.80	1.46e-23	93.6	intrachromosomal_distant	NA	NA	NA
XP_002305730.1	XP_002321134.3	NC_037288.2	5076521	NC_037298.2	10916137	43.27	2.89e-23	92.8	interchromosomal	NA	NA	NA
XP_002305730.1	XP_024450700.1	NC_037288.2	5076521	NC_037286.2	21787634	37.69	1.02e-22	91.3	interchromosomal	NA	NA	NA
XP_002305730.1	XP_024440069.1	NC_037288.2	5076521	NC_037298.2	7538137	59.68	5.56e-23	90.5	interchromosomal	NA	NA	NA
XP_002305730.1	XP_006389578.1	NC_037288.2	5076521	NC_037295.2	587221	47.78	2.76e-22	89.7	interchromosomal	NA	NA	NA
XP_002305730.1	XP_024454278.1	NC_037288.2	5076521	NC_037288.2	11508039	35.57	6.51e-22	87.4	intrachromosomal_distant	NA	NA	NA
XP_002305730.1	XP_024444415.2	NC_037288.2	5076521	NC_037301.2	10127356	34.97	9.54e-22	87.0	interchromosomal	NA	NA	NA
XP_002305730.1	XP_002315024.1	NC_037288.2	5076521	NC_037294.2	16783136	30.94	1.92e-21	86.3	interchromosomal	NA	NA	NA
XP_002305730.1	XP_024466667.1	NC_037288.2	5076521	NC_037285.2	21315533	55.38	2.19e-21	85.9	interchromosomal	NA	NA	NA
XP_002305730.1	XP_006375555.1	NC_037288.2	5076521	NC_037298.2	11864534	52.17	3.15e-21	85.5	interchromosomal	NA	NA	NA
XP_002305730.1	XP_006369893.1	NC_037288.2	5076521	NC_037285.2	36641635	53.03	4.70e-21	83.6	interchromosomal	NA	NA	NA
XP_002305730.1	XP_002312318.2	NC_037288.2	5076521	NC_037292.2	6517252	58.33	5.01e-21	84.3	interchromosomal	NA	NA	NA
XP_002305730.1	XP_024436877.2	NC_037288.2	5076521	NC_037295.2	8531133	51.52	1.27e-20	82.4	interchromosomal	NA	NA	NA
XP_002305730.1	XP_024437369.2	NC_037288.2	5076521	NC_037295.2	11223426	38.79	1.21e-20	82.8	interchromosomal	NA	NA	NA
XP_002305730.1	XP_024443283.1	NC_037288.2	5076521	NC_037300.2	6485177	37.10	3.77e-20	82.4	interchromosomal	NA	NA	NA
XP_002305730.1	XP_002314962.2	NC_037288.2	5076521	NC_037294.2	15857170	56.67	4.97e-20	81.3	interchromosomal	NA	NA	NA
XP_002305730.1	XP_002312267.1	NC_037288.2	5076521	NC_037292.2	5739919	49.25	6.41e-20	81.6	interchromosomal	NA	NA	NA
XP_002305730.1	XP_002306743.1	NC_037288.2	5076521	NC_037289.2	20829693	53.12	1.12e-19	79.7	interchromosomal	NA	NA	NA
XP_002305730.1	XP_002323839.4	NC_037288.2	5076521	NC_037301.2	8849889	54.10	1.48e-19	80.5	interchromosomal	NA	NA	NA
XP_002305730.1	XP_024438829.2	NC_037288.2	5076521	NC_037297.2	7868485	37.86	1.49e-19	80.9	interchromosomal	NA	NA	NA
XP_002305730.1	XP_002318373.2	NC_037288.2	5076521	NC_037296.2	911247	44.09	2.30e-19	79.3	interchromosomal	NA	NA	NA
XP_002305730.1	XP_052303325.1	NC_037288.2	5076521	NC_037299.2	8984460	54.10	2.55e-19	80.1	interchromosomal	NA	NA	NA
XP_002305730.1	XP_006371762.1	NC_037288.2	5076521	NC_037302.2	1349083	54.39	3.75e-19	78.6	interchromosomal	NA	NA	NA
XP_002305730.1	XP_002320967.3	NC_037288.2	5076521	NC_037298.2	7968052	53.33	4.30e-19	78.2	interchromosomal	NA	NA	NA
XP_002305730.1	XP_006381519.2	NC_037288.2	5076521	NC_037290.2	10930631	38.52	5.27e-19	79.0	interchromosomal	NA	NA	NA
XP_002305730.1	XP_052305286.1	NC_037288.2	5076521	NC_037303.2	9848168	42.86	3.98e-19	79.3	interchromosomal	NA	NA	NA
XP_002305730.1	XP_006368511.1	NC_037288.2	5076521	NC_037285.2	3207145	47.06	6.13e-19	77.8	interchromosomal	NA	NA	NA
XP_002305730.1	XP_002323637.2	NC_037288.2	5076521	NC_037300.2	13149873	47.95	6.38e-19	79.0	interchromosomal	NA	NA	NA
XP_002305730.1	XP_006378014.1	NC_037288.2	5076521	NC_037295.2	19237430	46.75	7.58e-19	78.6	interchromosomal	NA	NA	NA
XP_002305730.1	XP_024446053.1	NC_037288.2	5076521	NC_037302.2	12567397	48.44	9.37e-19	78.2	interchromosomal	NA	NA	NA
XP_002305730.1	XP_024466901.1	NC_037288.2	5076521	NC_037294.2	16611764	56.14	9.60e-19	77.0	interchromosomal	NA	NA	NA
XP_002305730.1	XP_002322274.1	NC_037288.2	5076521	NC_037299.2	11932322	53.45	1.13e-18	74.7	interchromosomal	NA	NA	NA
XP_002305730.1	XP_002320852.4	NC_037288.2	5076521	NC_037298.2	6296630	49.33	1.38e-18	77.0	interchromosomal	NA	NA	NA
XP_002305730.1	XP_002323509.1	NC_037288.2	5076521	NC_037300.2	10100937	36.64	1.80e-18	76.3	interchromosomal	NA	NA	NA
XP_002305730.1	XP_002309066.3	NC_037288.2	5076521	NC_037290.2	6547400	42.16	1.80e-18	76.3	interchromosomal	NA	NA	NA
XP_002305730.1	XP_024460429.2	NC_037288.2	5076521	NC_037290.2	19088117	46.88	2.50e-18	77.0	interchromosomal	NA	NA	NA
XP_002305730.1	XP_002311329.2	NC_037288.2	5076521	NC_037292.2	5865817	54.39	4.79e-18	75.1	interchromosomal	NA	NA	NA
XP_002305730.1	XP_002319959.2	NC_037288.2	5076521	NC_037297.2	14908280	43.90	9.68e-18	76.3	interchromosomal	NA	NA	NA
XP_002305730.1	XP_002308704.1	NC_037288.2	5076521	NC_037290.2	25986082	49.12	8.33e-18	74.7	interchromosomal	NA	NA	NA
XP_002305730.1	XP_006382109.3	NC_037288.2	5076521	NC_037290.2	26029137	46.67	8.61e-18	75.5	interchromosomal	NA	NA	NA
XP_002305730.1	XP_002326093.4	NC_037288.2	5076521	NC_037303.2	14801942	39.32	4.98e-18	77.4	interchromosomal	NA	NA	NA
XP_002305730.1	XP_024458700.1	NC_037288.2	5076521	NC_037290.2	8094569	38.46	1.15e-17	75.1	interchromosomal	NA	NA	NA
XP_002305730.1	XP_002318747.1	NC_037288.2	5076521	NC_037296.2	12395944	33.78	1.49e-17	71.6	interchromosomal	NA	NA	NA
XP_002305730.1	XP_024439297.1	NC_037288.2	5076521	NC_037297.2	9163560	42.71	4.55e-19	79.0	interchromosomal	NA	NA	NA
XP_002305730.1	XP_002308538.1	NC_037288.2	5076521	NC_037290.2	22894958	37.27	1.99e-18	73.2	interchromosomal	NA	NA	NA
XP_002305730.1	XP_002324328.1	NC_037288.2	5076521	NC_037302.2	1335139	50.88	1.45e-17	72.8	interchromosomal	NA	NA	NA
XP_002305730.1	XP_006368868.2	NC_037288.2	5076521	NC_037285.2	4486450	31.78	8.70e-17	68.9	interchromosomal	NA	NA	NA
XP_002305730.1	XP_006373216.1	NC_037288.2	5076521	NC_037301.2	5566257	48.28	8.95e-17	69.7	interchromosomal	NA	NA	NA
XP_002305730.1	XP_002320160.2	NC_037288.2	5076521	NC_037298.2	5891006	51.72	9.09e-17	69.7	interchromosomal	NA	NA	NA
XP_002305730.1	XP_024446284.2	NC_037288.2	5076521	NC_037302.2	1292205	50.77	1.23e-16	72.0	interchromosomal	NA	NA	NA
XP_002305730.1	XP_024456867.1	NC_037288.2	5076521	NC_037289.2	5877537	50.00	1.26e-16	68.9	interchromosomal	NA	NA	NA
XP_002305730.1	XP_006375168.1	NC_037288.2	5076521	NC_037298.2	3234387	45.59	6.34e-16	67.4	interchromosomal	NA	NA	NA
XP_002305730.1	XP_024461002.1	NC_037288.2	5076521	NC_037291.2	10436238	48.33	1.13e-15	65.9	interchromosomal	NA	NA	NA
XP_002305730.1	XP_002310044.1	NC_037288.2	5076521	NC_037291.2	10243688	47.37	5.95e-15	65.5	interchromosomal	NA	NA	NA
XP_002305730.1	XP_052308647.1	NC_037288.2	5076521	NC_037289.2	5998576	47.37	5.63e-15	65.5	interchromosomal	NA	NA	NA
XP_002305730.1	XP_002319879.4	NC_037288.2	5076521	NC_037297.2	9153347	32.61	3.79e-13	61.2	interchromosomal	NA	NA	NA
XP_002305730.1	XP_002309186.4	NC_037288.2	5076521	NC_037290.2	8482325	35.56	2.88e-12	58.5	interchromosomal	NA	NA	NA
XP_002305730.1	XP_002323675.2	NC_037288.2	5076521	NC_037300.2	14139186	45.61	3.16e-11	55.8	interchromosomal	NA	NA	NA
XP_002305271.3	XP_006372370.1	NC_037288.2	6053102	NC_037301.2	14784916	71.64	5.36e-172	481.0	interchromosomal	NA	NA	NA
XP_002305271.3	XP_006375351.1	NC_037288.2	6053102	NC_037298.2	5870811	38.46	3.31e-53	175.0	interchromosomal	NA	NA	NA
XP_002305271.3	XP_006386616.2	NC_037288.2	6053102	NC_037286.2	12590323	65.15	8.60e-51	169.0	interchromosomal	NA	NA	NA
XP_002305271.3	XP_006368768.2	NC_037288.2	6053102	NC_037285.2	7882247	32.00	3.35e-45	153.0	interchromosomal	NA	NA	NA
XP_002305271.3	XP_024458563.1	NC_037288.2	6053102	NC_037285.2	48605799	60.19	1.09e-39	141.0	interchromosomal	NA	NA	NA
XP_002305271.3	XP_052301100.1	NC_037288.2	6053102	NC_037295.2	18333481	59.22	1.55e-39	140.0	interchromosomal	NA	NA	NA
XP_002305271.3	XP_002317397.1	NC_037288.2	6053102	NC_037295.2	6182166	59.78	5.37e-33	119.0	interchromosomal	NA	NA	NA
XP_002305271.3	XP_052303237.1	NC_037288.2	6053102	NC_037298.2	8049826	46.46	3.58e-31	113.0	interchromosomal	NA	NA	NA
XP_002305271.3	XP_002306823.1	NC_037288.2	6053102	NC_037289.2	22204644	54.76	1.49e-26	102.0	interchromosomal	NA	NA	NA
XP_002305271.3	XP_002324382.1	NC_037288.2	6053102	NC_037302.2	615270	50.53	1.91e-26	102.0	interchromosomal	NA	NA	NA
XP_002305271.3	XP_002325248.3	NC_037288.2	6053102	NC_037302.2	14435429	43.75	2.48e-26	101.0	interchromosomal	NA	NA	NA
XP_002305271.3	XP_002310122.1	NC_037288.2	6053102	NC_037291.2	4339587	51.22	2.27e-25	99.0	interchromosomal	NA	NA	NA
XP_002305271.3	XP_024452726.1	NC_037288.2	6053102	NC_037287.2	13432844	51.19	2.95e-25	98.2	interchromosomal	NA	NA	NA
XP_002305271.3	XP_006383530.2	NC_037288.2	6053102	NC_037289.2	11313285	50.00	3.82e-25	98.6	interchromosomal	NA	NA	NA
XP_002305271.3	XP_006382812.1	NC_037288.2	6053102	NC_037289.2	3486578	56.25	1.30e-24	97.4	interchromosomal	NA	NA	NA
XP_002305271.3	XP_002319082.4	NC_037288.2	6053102	NC_037297.2	2936940	56.25	1.31e-24	97.4	interchromosomal	NA	NA	NA
XP_002305271.3	XP_002308998.1	NC_037288.2	6053102	NC_037290.2	5266321	54.22	1.93e-24	95.9	interchromosomal	NA	NA	NA
XP_002305271.3	XP_024441317.1	NC_037288.2	6053102	NC_037298.2	1460990	50.59	2.30e-24	96.7	interchromosomal	NA	NA	NA
XP_002305271.3	XP_002312318.2	NC_037288.2	6053102	NC_037292.2	6517252	45.74	5.11e-23	92.8	interchromosomal	NA	NA	NA
XP_002305271.3	XP_002315024.1	NC_037288.2	6053102	NC_037294.2	16783136	49.37	1.97e-21	89.4	interchromosomal	NA	NA	NA
XP_002305271.3	XP_024454278.1	NC_037288.2	6053102	NC_037288.2	11508039	38.14	3.33e-21	88.6	intrachromosomal_distant	NA	NA	NA
XP_002305271.3	XP_024444415.2	NC_037288.2	6053102	NC_037301.2	10127356	41.94	4.62e-21	88.2	interchromosomal	NA	NA	NA
XP_002305271.3	XP_002312267.1	NC_037288.2	6053102	NC_037292.2	5739919	46.91	5.43e-21	88.2	interchromosomal	NA	NA	NA
XP_002305271.3	XP_006369893.1	NC_037288.2	6053102	NC_037285.2	36641635	55.07	4.17e-20	83.6	interchromosomal	NA	NA	NA
XP_002305271.3	XP_002314962.2	NC_037288.2	6053102	NC_037294.2	15857170	44.79	4.57e-21	87.0	interchromosomal	NA	NA	NA
XP_002305271.3	XP_024436877.2	NC_037288.2	6053102	NC_037295.2	8531133	44.83	2.98e-20	83.6	interchromosomal	NA	NA	NA
XP_002305271.3	XP_006375555.1	NC_037288.2	6053102	NC_037298.2	11864534	44.94	8.82e-20	84.0	interchromosomal	NA	NA	NA
XP_002305271.3	XP_006381519.2	NC_037288.2	6053102	NC_037290.2	10930631	47.50	1.31e-19	83.6	interchromosomal	NA	NA	NA
XP_002305271.3	XP_024438829.2	NC_037288.2	6053102	NC_037297.2	7868485	43.02	1.63e-19	84.0	interchromosomal	NA	NA	NA
XP_002305271.3	XP_002309066.3	NC_037288.2	6053102	NC_037290.2	6547400	44.16	1.79e-19	81.6	interchromosomal	NA	NA	NA
XP_002305271.3	XP_002320967.3	NC_037288.2	6053102	NC_037298.2	7968052	43.82	1.23e-20	84.7	interchromosomal	NA	NA	NA
XP_002305271.3	XP_024443283.1	NC_037288.2	6053102	NC_037300.2	6485177	48.61	4.67e-19	81.6	interchromosomal	NA	NA	NA
XP_002305271.3	XP_024466901.1	NC_037288.2	6053102	NC_037294.2	16611764	46.34	5.13e-19	80.1	interchromosomal	NA	NA	NA
XP_002305271.3	XP_006378014.1	NC_037288.2	6053102	NC_037295.2	19237430	46.84	1.21e-18	82.0	interchromosomal	NA	NA	NA
XP_002305271.3	XP_002321134.3	NC_037288.2	6053102	NC_037298.2	10916137	50.00	7.50e-19	81.6	interchromosomal	NA	NA	NA
XP_002305271.3	XP_002311329.2	NC_037288.2	6053102	NC_037292.2	5865817	45.24	8.22e-19	79.3	interchromosomal	NA	NA	NA
XP_002305271.3	XP_024437369.2	NC_037288.2	6053102	NC_037295.2	11223426	42.53	8.44e-19	81.3	interchromosomal	NA	NA	NA
XP_002305271.3	XP_002306743.1	NC_037288.2	6053102	NC_037289.2	20829693	43.75	8.87e-20	82.4	interchromosomal	NA	NA	NA
XP_002305271.3	XP_024450700.1	NC_037288.2	6053102	NC_037286.2	21787634	48.48	1.87e-18	80.5	interchromosomal	NA	NA	NA
XP_002305271.3	XP_024466667.1	NC_037288.2	6053102	NC_037285.2	21315533	54.84	2.06e-18	80.1	interchromosomal	NA	NA	NA
XP_002305271.3	XP_024440069.1	NC_037288.2	6053102	NC_037298.2	7538137	47.95	6.12e-19	81.6	interchromosomal	NA	NA	NA
XP_002305271.3	XP_024446053.1	NC_037288.2	6053102	NC_037302.2	12567397	41.86	3.26e-18	79.3	interchromosomal	NA	NA	NA
XP_002305271.3	XP_024455846.2	NC_037288.2	6053102	NC_037288.2	463543	48.57	1.80e-18	80.9	intrachromosomal_distant	NA	NA	NA
XP_002305271.3	XP_002323509.1	NC_037288.2	6053102	NC_037300.2	10100937	40.19	3.50e-18	77.8	interchromosomal	NA	NA	NA
XP_002305271.3	XP_024460429.2	NC_037288.2	6053102	NC_037290.2	19088117	41.86	4.37e-18	79.0	interchromosomal	NA	NA	NA
XP_002305271.3	XP_006389578.1	NC_037288.2	6053102	NC_037295.2	587221	48.57	3.84e-18	79.7	interchromosomal	NA	NA	NA
XP_002305271.3	XP_002318373.2	NC_037288.2	6053102	NC_037296.2	911247	44.19	7.42e-18	77.4	interchromosomal	NA	NA	NA
XP_002305271.3	XP_002308538.1	NC_037288.2	6053102	NC_037290.2	22894958	42.27	2.16e-20	79.7	interchromosomal	NA	NA	NA
XP_002305271.3	XP_002323637.2	NC_037288.2	6053102	NC_037300.2	13149873	44.30	1.99e-17	77.4	interchromosomal	NA	NA	NA
XP_002305271.3	XP_002318747.1	NC_037288.2	6053102	NC_037296.2	12395944	46.77	2.76e-17	72.8	interchromosomal	NA	NA	NA
XP_002305271.3	XP_002322274.1	NC_037288.2	6053102	NC_037299.2	11932322	46.77	3.19e-17	72.4	interchromosomal	NA	NA	NA
XP_002305271.3	XP_002326093.4	NC_037288.2	6053102	NC_037303.2	14801942	40.70	4.20e-17	76.3	interchromosomal	NA	NA	NA
XP_002305271.3	XP_002323839.4	NC_037288.2	6053102	NC_037301.2	8849889	47.89	7.56e-18	78.6	interchromosomal	NA	NA	NA
XP_002305271.3	XP_002319959.2	NC_037288.2	6053102	NC_037297.2	14908280	39.77	5.80e-17	75.9	interchromosomal	NA	NA	NA
XP_002305271.3	XP_002320160.2	NC_037288.2	6053102	NC_037298.2	5891006	41.25	2.54e-17	72.0	interchromosomal	NA	NA	NA
XP_002305271.3	XP_024458700.1	NC_037288.2	6053102	NC_037290.2	8094569	40.96	6.59e-17	75.9	interchromosomal	NA	NA	NA
XP_002305271.3	XP_052303325.1	NC_037288.2	6053102	NC_037299.2	8984460	35.24	2.10e-17	77.8	interchromosomal	NA	NA	NA
XP_002305271.3	XP_006373216.1	NC_037288.2	6053102	NC_037301.2	5566257	43.55	5.45e-17	70.9	interchromosomal	NA	NA	NA
XP_002305271.3	XP_024439297.1	NC_037288.2	6053102	NC_037297.2	9163560	44.56	9.32e-20	82.8	interchromosomal	NA	NA	NA
XP_002305271.3	XP_006368868.2	NC_037288.2	6053102	NC_037285.2	4486450	42.62	1.52e-16	68.6	interchromosomal	NA	NA	NA
XP_002305271.3	XP_002320852.4	NC_037288.2	6053102	NC_037298.2	6296630	34.85	1.88e-16	73.2	interchromosomal	NA	NA	NA
XP_002305271.3	XP_006368511.1	NC_037288.2	6053102	NC_037285.2	3207145	35.16	9.27e-16	70.5	interchromosomal	NA	NA	NA
XP_002305271.3	XP_024456867.1	NC_037288.2	6053102	NC_037289.2	5877537	49.21	9.88e-17	70.9	interchromosomal	NA	NA	NA
XP_002305271.3	XP_024446284.2	NC_037288.2	6053102	NC_037302.2	1292205	39.60	1.09e-15	71.6	interchromosomal	NA	NA	NA
XP_002305271.3	XP_052308647.1	NC_037288.2	6053102	NC_037289.2	5998576	38.55	3.78e-16	69.7	interchromosomal	NA	NA	NA
XP_002305271.3	XP_006371762.1	NC_037288.2	6053102	NC_037302.2	1349083	42.86	1.61e-15	70.1	interchromosomal	NA	NA	NA
XP_002305271.3	XP_002310044.1	NC_037288.2	6053102	NC_037291.2	10243688	38.46	6.61e-16	68.9	interchromosomal	NA	NA	NA
XP_002305271.3	XP_024461002.1	NC_037288.2	6053102	NC_037291.2	10436238	40.96	4.10e-16	68.6	interchromosomal	NA	NA	NA
XP_002305271.3	XP_052305286.1	NC_037288.2	6053102	NC_037303.2	9848168	39.13	4.45e-16	72.0	interchromosomal	NA	NA	NA
XP_002305271.3	XP_006382109.3	NC_037288.2	6053102	NC_037290.2	26029137	47.30	9.88e-15	68.6	interchromosomal	NA	NA	NA
XP_002305271.3	XP_006375168.1	NC_037288.2	6053102	NC_037298.2	3234387	39.74	1.46e-14	65.9	interchromosomal	NA	NA	NA
XP_002305271.3	XP_002308704.1	NC_037288.2	6053102	NC_037290.2	25986082	40.35	4.19e-14	65.9	interchromosomal	NA	NA	NA
XP_002305271.3	XP_002324328.1	NC_037288.2	6053102	NC_037302.2	1335139	37.65	1.64e-14	65.9	interchromosomal	NA	NA	NA
XP_002305271.3	XP_002319879.4	NC_037288.2	6053102	NC_037297.2	9153347	49.15	3.68e-14	65.5	interchromosomal	NA	NA	NA
XP_002305271.3	XP_002309186.4	NC_037288.2	6053102	NC_037290.2	8482325	47.54	1.48e-13	64.3	interchromosomal	NA	NA	NA
XP_002305271.3	XP_002323675.2	NC_037288.2	6053102	NC_037300.2	14139186	41.77	3.73e-14	65.5	interchromosomal	NA	NA	NA
XP_002305271.3	XP_006368530.1	NC_037288.2	6053102	NC_037285.2	159614	34.62	3.49e-12	55.5	interchromosomal	NA	NA	NA
XP_024454278.1	XP_024458700.1	NC_037288.2	11508039	NC_037290.2	8094569	37.91	1.66e-74	239.0	interchromosomal	NA	NA	NA
XP_024454278.1	XP_024460429.2	NC_037288.2	11508039	NC_037290.2	19088117	35.57	7.30e-56	189.0	interchromosomal	NA	NA	NA
XP_024454278.1	XP_052308647.1	NC_037288.2	11508039	NC_037289.2	5998576	41.88	5.68e-34	120.0	interchromosomal	NA	NA	NA
XP_024454278.1	XP_024466901.1	NC_037288.2	11508039	NC_037294.2	16611764	61.04	7.66e-30	112.0	interchromosomal	NA	NA	NA
XP_024454278.1	XP_024461002.1	NC_037288.2	11508039	NC_037291.2	10436238	46.53	1.91e-29	108.0	interchromosomal	NA	NA	NA
XP_024454278.1	XP_024456867.1	NC_037288.2	11508039	NC_037289.2	5877537	55.41	2.00e-29	107.0	interchromosomal	NA	NA	NA
XP_024454278.1	XP_024455846.2	NC_037288.2	11508039	NC_037288.2	463543	55.70	8.20e-26	104.0	intrachromosomal_distant	NA	NA	NA
XP_024454278.1	XP_024466667.1	NC_037288.2	11508039	NC_037285.2	21315533	42.99	4.84e-24	98.2	interchromosomal	NA	NA	NA
XP_024454278.1	XP_052303325.1	NC_037288.2	11508039	NC_037299.2	8984460	39.67	8.63e-23	95.1	interchromosomal	NA	NA	NA
XP_024454278.1	XP_024458563.1	NC_037288.2	11508039	NC_037285.2	48605799	46.59	3.05e-20	86.3	interchromosomal	NA	NA	NA
XP_024454278.1	XP_052301100.1	NC_037288.2	11508039	NC_037295.2	18333481	52.31	1.28e-19	84.3	interchromosomal	NA	NA	NA
XP_024454278.1	XP_052303237.1	NC_037288.2	11508039	NC_037298.2	8049826	39.37	2.24e-19	80.9	interchromosomal	NA	NA	NA
XP_024454278.1	XP_052305286.1	NC_037288.2	11508039	NC_037303.2	9848168	50.00	1.98e-15	70.5	interchromosomal	NA	NA	NA
XP_006382812.1	XP_006383530.2	NC_037289.2	3486578	NC_037289.2	11313285	52.51	3.87e-61	192.0	intrachromosomal_distant	NA	NA	NA
XP_006382812.1	XP_024441317.1	NC_037289.2	3486578	NC_037298.2	1460990	37.07	3.62e-59	188.0	interchromosomal	NA	NA	NA
XP_006382812.1	XP_024452726.1	NC_037289.2	3486578	NC_037287.2	13432844	73.33	3.07e-54	174.0	interchromosomal	NA	NA	NA
XP_006382812.1	XP_052301100.1	NC_037289.2	3486578	NC_037295.2	18333481	55.17	3.55e-28	107.0	interchromosomal	NA	NA	NA
XP_006382812.1	XP_024458563.1	NC_037289.2	3486578	NC_037285.2	48605799	52.87	1.86e-27	105.0	interchromosomal	NA	NA	NA
XP_006382812.1	XP_006386616.2	NC_037289.2	3486578	NC_037286.2	12590323	55.44	3.17e-28	106.0	interchromosomal	NA	NA	NA
XP_006382812.1	XP_052303237.1	NC_037289.2	3486578	NC_037298.2	8049826	53.85	6.60e-27	100.0	interchromosomal	NA	NA	NA
XP_006382812.1	XP_024454278.1	NC_037289.2	3486578	NC_037288.2	11508039	41.73	1.61e-22	92.0	interchromosomal	NA	NA	NA
XP_006382812.1	XP_024437369.2	NC_037289.2	3486578	NC_037295.2	11223426	40.98	1.50e-22	91.7	interchromosomal	NA	NA	NA
XP_006382812.1	XP_024444415.2	NC_037289.2	3486578	NC_037301.2	10127356	54.93	8.03e-22	89.4	interchromosomal	NA	NA	NA
XP_006382812.1	XP_024438829.2	NC_037289.2	3486578	NC_037297.2	7868485	31.87	4.19e-21	88.6	interchromosomal	NA	NA	NA
XP_006382812.1	XP_024455846.2	NC_037289.2	3486578	NC_037288.2	463543	46.34	3.13e-21	88.6	interchromosomal	NA	NA	NA
XP_006382812.1	XP_024440069.1	NC_037289.2	3486578	NC_037298.2	7538137	46.34	1.08e-20	85.9	interchromosomal	NA	NA	NA
XP_006382812.1	XP_024466667.1	NC_037289.2	3486578	NC_037285.2	21315533	66.04	1.34e-20	86.3	interchromosomal	NA	NA	NA
XP_006382812.1	XP_006389578.1	NC_037289.2	3486578	NC_037295.2	587221	45.12	2.00e-20	85.9	interchromosomal	NA	NA	NA
XP_006382812.1	XP_052308647.1	NC_037289.2	3486578	NC_037289.2	5998576	40.78	1.06e-20	82.4	intrachromosomal_distant	NA	NA	NA
XP_006382812.1	XP_024458700.1	NC_037289.2	3486578	NC_037290.2	8094569	60.66	2.86e-20	84.7	interchromosomal	NA	NA	NA
XP_006382812.1	XP_024443283.1	NC_037289.2	3486578	NC_037300.2	6485177	50.70	5.97e-20	83.6	interchromosomal	NA	NA	NA
XP_006382812.1	XP_024446053.1	NC_037289.2	3486578	NC_037302.2	12567397	56.67	6.28e-20	83.6	interchromosomal	NA	NA	NA
XP_006382812.1	XP_024460429.2	NC_037289.2	3486578	NC_037290.2	19088117	44.32	9.15e-20	83.2	interchromosomal	NA	NA	NA
XP_006382812.1	XP_024450700.1	NC_037289.2	3486578	NC_037286.2	21787634	58.49	2.55e-19	82.8	interchromosomal	NA	NA	NA
XP_006382812.1	XP_052303325.1	NC_037289.2	3486578	NC_037299.2	8984460	57.63	7.13e-19	81.3	interchromosomal	NA	NA	NA
XP_006382812.1	XP_052305286.1	NC_037289.2	3486578	NC_037303.2	9848168	45.74	2.61e-19	81.3	interchromosomal	NA	NA	NA
XP_006382812.1	XP_024436877.2	NC_037289.2	3486578	NC_037295.2	8531133	31.55	6.51e-20	81.6	interchromosomal	NA	NA	NA
XP_006382812.1	XP_024456867.1	NC_037289.2	3486578	NC_037289.2	5877537	37.93	2.26e-18	75.1	intrachromosomal_distant	NA	NA	NA
XP_006382812.1	XP_024466901.1	NC_037289.2	3486578	NC_037294.2	16611764	54.39	7.28e-17	73.2	interchromosomal	NA	NA	NA
XP_006382812.1	XP_024446284.2	NC_037289.2	3486578	NC_037302.2	1292205	57.90	2.98e-16	72.4	interchromosomal	NA	NA	NA
XP_006382812.1	XP_024439297.1	NC_037289.2	3486578	NC_037297.2	9163560	41.67	2.49e-16	72.0	interchromosomal	NA	NA	NA
XP_006382812.1	XP_024461002.1	NC_037289.2	3486578	NC_037291.2	10436238	39.58	4.74e-16	68.9	interchromosomal	NA	NA	NA
XP_006382812.1	XP_024452203.2	NC_037289.2	3486578	NC_037287.2	21584780	40.58	2.03e-11	53.9	interchromosomal	NA	NA	NA
XP_024456867.1	XP_024461002.1	NC_037289.2	5877537	NC_037291.2	10436238	82.66	2.23e-108	302.0	interchromosomal	NA	NA	NA
XP_024456867.1	XP_024466901.1	NC_037289.2	5877537	NC_037294.2	16611764	59.72	4.31e-28	100.0	interchromosomal	NA	NA	NA
XP_024456867.1	XP_024458700.1	NC_037289.2	5877537	NC_037290.2	8094569	52.70	7.05e-27	100.0	interchromosomal	NA	NA	NA
XP_024456867.1	XP_024460429.2	NC_037289.2	5877537	NC_037290.2	19088117	53.23	1.30e-21	85.1	interchromosomal	NA	NA	NA
XP_024456867.1	XP_024466667.1	NC_037289.2	5877537	NC_037285.2	21315533	49.33	3.29e-21	84.0	interchromosomal	NA	NA	NA
XP_024456867.1	XP_052303325.1	NC_037289.2	5877537	NC_037299.2	8984460	45.95	9.01e-20	79.7	interchromosomal	NA	NA	NA
XP_024456867.1	XP_052303237.1	NC_037289.2	5877537	NC_037298.2	8049826	53.33	7.41e-17	69.7	interchromosomal	NA	NA	NA
XP_024456867.1	XP_052301100.1	NC_037289.2	5877537	NC_037295.2	18333481	41.30	7.81e-17	71.2	interchromosomal	NA	NA	NA
XP_024456867.1	XP_024458563.1	NC_037289.2	5877537	NC_037285.2	48605799	40.00	3.46e-16	69.3	interchromosomal	NA	NA	NA
XP_024456867.1	XP_052305286.1	NC_037289.2	5877537	NC_037303.2	9848168	40.68	2.85e-11	54.7	interchromosomal	NA	NA	NA
XP_006383530.2	XP_024441317.1	NC_037289.2	11313285	NC_037298.2	1460990	55.71	1.30e-120	345.0	interchromosomal	NA	NA	NA
XP_006383530.2	XP_024452726.1	NC_037289.2	11313285	NC_037287.2	13432844	61.65	1.22e-55	177.0	interchromosomal	NA	NA	NA
XP_006383530.2	XP_052301100.1	NC_037289.2	11313285	NC_037295.2	18333481	57.47	3.45e-30	113.0	interchromosomal	NA	NA	NA
XP_006383530.2	XP_006386616.2	NC_037289.2	11313285	NC_037286.2	12590323	56.70	5.74e-31	113.0	interchromosomal	NA	NA	NA
XP_006383530.2	XP_024458563.1	NC_037289.2	11313285	NC_037285.2	48605799	55.79	2.04e-29	110.0	interchromosomal	NA	NA	NA
XP_006383530.2	XP_052303237.1	NC_037289.2	11313285	NC_037298.2	8049826	57.30	3.74e-28	103.0	interchromosomal	NA	NA	NA
XP_006383530.2	XP_024437369.2	NC_037289.2	11313285	NC_037295.2	11223426	40.17	5.11e-24	95.5	interchromosomal	NA	NA	NA
XP_006383530.2	XP_024454278.1	NC_037289.2	11313285	NC_037288.2	11508039	57.97	2.53e-23	94.0	interchromosomal	NA	NA	NA
XP_006383530.2	XP_024444415.2	NC_037289.2	11313285	NC_037301.2	10127356	59.42	2.35e-23	93.6	interchromosomal	NA	NA	NA
XP_006383530.2	XP_024438829.2	NC_037289.2	11313285	NC_037297.2	7868485	45.26	3.14e-23	93.2	interchromosomal	NA	NA	NA
XP_006383530.2	XP_052305286.1	NC_037289.2	11313285	NC_037303.2	9848168	45.71	7.16e-23	91.3	interchromosomal	NA	NA	NA
XP_006383530.2	XP_024446053.1	NC_037289.2	11313285	NC_037302.2	12567397	56.25	3.17e-22	90.1	interchromosomal	NA	NA	NA
XP_006383530.2	XP_024443283.1	NC_037289.2	11313285	NC_037300.2	6485177	49.37	3.60e-22	89.7	interchromosomal	NA	NA	NA
XP_006383530.2	XP_024460429.2	NC_037289.2	11313285	NC_037290.2	19088117	46.24	5.90e-22	89.4	interchromosomal	NA	NA	NA
XP_006383530.2	XP_024458700.1	NC_037289.2	11313285	NC_037290.2	8094569	57.58	8.15e-22	89.0	interchromosomal	NA	NA	NA
XP_006383530.2	XP_052308647.1	NC_037289.2	11313285	NC_037289.2	5998576	40.95	1.04e-21	85.1	intrachromosomal_distant	NA	NA	NA
XP_006383530.2	XP_024466667.1	NC_037289.2	11313285	NC_037285.2	21315533	44.09	9.49e-21	86.3	interchromosomal	NA	NA	NA
XP_006383530.2	XP_024439297.1	NC_037289.2	11313285	NC_037297.2	9163560	42.57	1.53e-20	84.3	interchromosomal	NA	NA	NA
XP_006383530.2	XP_024450700.1	NC_037289.2	11313285	NC_037286.2	21787634	52.31	2.10e-19	82.8	interchromosomal	NA	NA	NA
XP_006383530.2	XP_024455846.2	NC_037289.2	11313285	NC_037288.2	463543	52.54	2.69e-19	82.4	interchromosomal	NA	NA	NA
XP_006383530.2	XP_024436877.2	NC_037289.2	11313285	NC_037295.2	8531133	37.04	2.68e-20	82.8	interchromosomal	NA	NA	NA
XP_006383530.2	XP_024440069.1	NC_037289.2	11313285	NC_037298.2	7538137	50.77	2.46e-19	82.0	interchromosomal	NA	NA	NA
XP_006383530.2	XP_006389578.1	NC_037289.2	11313285	NC_037295.2	587221	52.54	8.07e-19	80.9	interchromosomal	NA	NA	NA
XP_006383530.2	XP_024446284.2	NC_037289.2	11313285	NC_037302.2	1292205	61.02	3.00e-18	79.0	interchromosomal	NA	NA	NA
XP_006383530.2	XP_024466901.1	NC_037289.2	11313285	NC_037294.2	16611764	33.53	1.33e-19	80.5	interchromosomal	NA	NA	NA
XP_006383530.2	XP_052303325.1	NC_037289.2	11313285	NC_037299.2	8984460	49.23	3.24e-18	79.3	interchromosomal	NA	NA	NA
XP_006383530.2	XP_024456867.1	NC_037289.2	11313285	NC_037289.2	5877537	37.86	6.89e-20	79.3	intrachromosomal_distant	NA	NA	NA
XP_006383530.2	XP_024461002.1	NC_037289.2	11313285	NC_037291.2	10436238	37.50	6.38e-17	71.2	interchromosomal	NA	NA	NA
XP_006383530.2	XP_024452203.2	NC_037289.2	11313285	NC_037287.2	21584780	41.18	1.59e-12	57.0	interchromosomal	NA	NA	NA
XP_002306743.1	XP_006369893.1	NC_037289.2	20829693	NC_037285.2	36641635	53.89	8.31e-89	262.0	interchromosomal	NA	NA	NA
XP_002306743.1	XP_024436877.2	NC_037289.2	20829693	NC_037295.2	8531133	48.35	3.70e-80	239.0	interchromosomal	NA	NA	NA
XP_002306743.1	XP_002320967.3	NC_037289.2	20829693	NC_037298.2	7968052	45.38	2.46e-51	166.0	interchromosomal	NA	NA	NA
XP_002306743.1	XP_002312318.2	NC_037289.2	20829693	NC_037292.2	6517252	46.64	8.42e-50	163.0	interchromosomal	NA	NA	NA
XP_002306743.1	XP_002311329.2	NC_037289.2	20829693	NC_037292.2	5865817	50.54	3.90e-48	157.0	interchromosomal	NA	NA	NA
XP_002306743.1	XP_024466901.1	NC_037289.2	20829693	NC_037294.2	16611764	47.09	4.65e-47	154.0	interchromosomal	NA	NA	NA
XP_002306743.1	XP_002314962.2	NC_037289.2	20829693	NC_037294.2	15857170	47.75	6.81e-47	155.0	interchromosomal	NA	NA	NA
XP_002306743.1	XP_006368868.2	NC_037289.2	20829693	NC_037285.2	4486450	60.98	9.62e-35	118.0	interchromosomal	NA	NA	NA
XP_002306743.1	XP_006375168.1	NC_037289.2	20829693	NC_037298.2	3234387	66.27	1.01e-34	120.0	interchromosomal	NA	NA	NA
XP_002306743.1	XP_052308647.1	NC_037289.2	20829693	NC_037289.2	5998576	50.00	1.07e-34	120.0	intrachromosomal_distant	NA	NA	NA
XP_002306743.1	XP_002320160.2	NC_037289.2	20829693	NC_037298.2	5891006	64.83	1.52e-34	118.0	interchromosomal	NA	NA	NA
XP_002306743.1	XP_002310044.1	NC_037289.2	20829693	NC_037291.2	10243688	62.20	9.52e-34	117.0	interchromosomal	NA	NA	NA
XP_002306743.1	XP_002315024.1	NC_037289.2	20829693	NC_037294.2	16783136	52.25	9.84e-33	120.0	interchromosomal	NA	NA	NA
XP_002306743.1	XP_006373216.1	NC_037289.2	20829693	NC_037301.2	5566257	66.20	1.48e-32	113.0	interchromosomal	NA	NA	NA
XP_002306743.1	XP_024444415.2	NC_037289.2	20829693	NC_037301.2	10127356	38.04	3.52e-32	118.0	interchromosomal	NA	NA	NA
XP_002306743.1	XP_024437369.2	NC_037289.2	20829693	NC_037295.2	11223426	44.23	6.08e-32	117.0	interchromosomal	NA	NA	NA
XP_002306743.1	XP_024454278.1	NC_037289.2	20829693	NC_037288.2	11508039	42.47	7.05e-32	117.0	interchromosomal	NA	NA	NA
XP_002306743.1	XP_002323637.2	NC_037289.2	20829693	NC_037300.2	13149873	44.30	1.24e-31	117.0	interchromosomal	NA	NA	NA
XP_002306743.1	XP_002312267.1	NC_037289.2	20829693	NC_037292.2	5739919	46.88	1.83e-31	116.0	interchromosomal	NA	NA	NA
XP_002306743.1	XP_002322274.1	NC_037289.2	20829693	NC_037299.2	11932322	63.01	9.06e-31	108.0	interchromosomal	NA	NA	NA
XP_002306743.1	XP_006375555.1	NC_037289.2	20829693	NC_037298.2	11864534	50.00	1.12e-30	114.0	interchromosomal	NA	NA	NA
XP_002306743.1	XP_002326093.4	NC_037289.2	20829693	NC_037303.2	14801942	54.81	1.51e-30	114.0	interchromosomal	NA	NA	NA
XP_002306743.1	XP_002308538.1	NC_037289.2	20829693	NC_037290.2	22894958	68.57	2.72e-30	106.0	interchromosomal	NA	NA	NA
XP_002306743.1	XP_002319959.2	NC_037289.2	20829693	NC_037297.2	14908280	46.40	3.12e-30	113.0	interchromosomal	NA	NA	NA
XP_002306743.1	XP_024456867.1	NC_037289.2	20829693	NC_037289.2	5877537	52.13	3.30e-30	107.0	intrachromosomal_distant	NA	NA	NA
XP_002306743.1	XP_006378014.1	NC_037289.2	20829693	NC_037295.2	19237430	42.86	4.63e-30	113.0	interchromosomal	NA	NA	NA
XP_002306743.1	XP_024461002.1	NC_037289.2	20829693	NC_037291.2	10436238	54.12	5.52e-30	106.0	interchromosomal	NA	NA	NA
XP_002306743.1	XP_002318747.1	NC_037289.2	20829693	NC_037296.2	12395944	61.64	5.65e-30	106.0	interchromosomal	NA	NA	NA
XP_002306743.1	XP_024458700.1	NC_037289.2	20829693	NC_037290.2	8094569	43.67	1.10e-29	111.0	interchromosomal	NA	NA	NA
XP_002306743.1	XP_024443283.1	NC_037289.2	20829693	NC_037300.2	6485177	38.29	6.36e-29	108.0	interchromosomal	NA	NA	NA
XP_002306743.1	XP_024438829.2	NC_037289.2	20829693	NC_037297.2	7868485	55.68	9.59e-29	109.0	interchromosomal	NA	NA	NA
XP_002306743.1	XP_006381519.2	NC_037289.2	20829693	NC_037290.2	10930631	47.90	1.02e-28	108.0	interchromosomal	NA	NA	NA
XP_002306743.1	XP_002321134.3	NC_037289.2	20829693	NC_037298.2	10916137	41.79	8.78e-24	94.7	interchromosomal	NA	NA	NA
XP_002306743.1	XP_002309066.3	NC_037289.2	20829693	NC_037290.2	6547400	63.16	1.59e-23	91.7	interchromosomal	NA	NA	NA
XP_002306743.1	XP_002323509.1	NC_037289.2	20829693	NC_037300.2	10100937	39.46	3.32e-23	90.9	interchromosomal	NA	NA	NA
XP_002306743.1	XP_024455846.2	NC_037289.2	20829693	NC_037288.2	463543	41.38	6.62e-23	92.0	interchromosomal	NA	NA	NA
XP_002306743.1	XP_024450700.1	NC_037289.2	20829693	NC_037286.2	21787634	37.01	8.83e-23	91.7	interchromosomal	NA	NA	NA
XP_002306743.1	XP_002324382.1	NC_037289.2	20829693	NC_037302.2	615270	36.57	1.11e-22	89.7	interchromosomal	NA	NA	NA
XP_002306743.1	XP_002323839.4	NC_037289.2	20829693	NC_037301.2	8849889	37.68	2.39e-23	94.0	interchromosomal	NA	NA	NA
XP_002306743.1	XP_006368768.2	NC_037289.2	20829693	NC_037285.2	7882247	45.79	1.72e-22	89.0	interchromosomal	NA	NA	NA
XP_002306743.1	XP_006389578.1	NC_037289.2	20829693	NC_037295.2	587221	38.09	3.46e-22	90.9	interchromosomal	NA	NA	NA
XP_002306743.1	XP_006371762.1	NC_037289.2	20829693	NC_037302.2	1349083	43.44	1.69e-21	86.3	interchromosomal	NA	NA	NA
XP_002306743.1	XP_024460429.2	NC_037289.2	20829693	NC_037290.2	19088117	35.91	2.46e-21	87.4	interchromosomal	NA	NA	NA
XP_002306743.1	XP_024446053.1	NC_037289.2	20829693	NC_037302.2	12567397	45.45	3.82e-21	86.7	interchromosomal	NA	NA	NA
XP_002306743.1	XP_024466667.1	NC_037289.2	20829693	NC_037285.2	21315533	35.22	4.25e-22	90.1	interchromosomal	NA	NA	NA
XP_002306743.1	XP_024440069.1	NC_037289.2	20829693	NC_037298.2	7538137	43.36	3.07e-21	87.4	interchromosomal	NA	NA	NA
XP_002306743.1	XP_024452726.1	NC_037289.2	20829693	NC_037287.2	13432844	44.44	5.09e-21	84.7	interchromosomal	NA	NA	NA
XP_002306743.1	XP_006368511.1	NC_037289.2	20829693	NC_037285.2	3207145	34.96	8.40e-21	84.3	interchromosomal	NA	NA	NA
XP_002306743.1	XP_006383530.2	NC_037289.2	20829693	NC_037289.2	11313285	39.05	9.96e-21	84.3	intrachromosomal_distant	NA	NA	NA
XP_002306743.1	XP_002310122.1	NC_037289.2	20829693	NC_037291.2	4339587	44.05	1.87e-20	83.6	interchromosomal	NA	NA	NA
XP_002306743.1	XP_002319082.4	NC_037289.2	20829693	NC_037297.2	2936940	42.27	1.99e-20	83.6	interchromosomal	NA	NA	NA
XP_002306743.1	XP_002325248.3	NC_037289.2	20829693	NC_037302.2	14435429	42.35	2.69e-20	82.4	interchromosomal	NA	NA	NA
XP_002306743.1	XP_024458563.1	NC_037289.2	20829693	NC_037285.2	48605799	48.81	2.92e-20	84.0	interchromosomal	NA	NA	NA
XP_002306743.1	XP_052303325.1	NC_037289.2	20829693	NC_037299.2	8984460	45.05	6.09e-20	84.3	interchromosomal	NA	NA	NA
XP_002306743.1	XP_002308704.1	NC_037289.2	20829693	NC_037290.2	25986082	52.54	4.97e-20	82.0	interchromosomal	NA	NA	NA
XP_002306743.1	XP_006386616.2	NC_037289.2	20829693	NC_037286.2	12590323	53.62	5.05e-20	82.4	interchromosomal	NA	NA	NA
XP_002306743.1	XP_006375351.1	NC_037289.2	20829693	NC_037298.2	5870811	39.37	2.65e-20	83.2	interchromosomal	NA	NA	NA
XP_002306743.1	XP_006382812.1	NC_037289.2	20829693	NC_037289.2	3486578	41.24	7.65e-20	82.0	intrachromosomal_distant	NA	NA	NA
XP_002306743.1	XP_024441317.1	NC_037289.2	20829693	NC_037298.2	1460990	42.05	8.72e-20	81.6	interchromosomal	NA	NA	NA
XP_002306743.1	XP_052301100.1	NC_037289.2	20829693	NC_037295.2	18333481	53.62	1.04e-19	82.4	interchromosomal	NA	NA	NA
XP_002306743.1	XP_002317397.1	NC_037289.2	20829693	NC_037295.2	6182166	53.12	1.07e-19	80.5	interchromosomal	NA	NA	NA
XP_002306743.1	XP_006372370.1	NC_037289.2	20829693	NC_037301.2	14784916	42.71	1.39e-19	81.6	interchromosomal	NA	NA	NA
XP_002306743.1	XP_006382109.3	NC_037289.2	20829693	NC_037290.2	26029137	47.44	2.47e-19	81.3	interchromosomal	NA	NA	NA
XP_002306743.1	XP_002308998.1	NC_037289.2	20829693	NC_037290.2	5266321	42.35	2.70e-19	79.7	interchromosomal	NA	NA	NA
XP_002306743.1	XP_002324328.1	NC_037289.2	20829693	NC_037302.2	1335139	50.85	1.66e-19	79.7	interchromosomal	NA	NA	NA
XP_002306743.1	XP_024446284.2	NC_037289.2	20829693	NC_037302.2	1292205	48.75	5.51e-19	80.1	interchromosomal	NA	NA	NA
XP_002306743.1	XP_052303237.1	NC_037289.2	20829693	NC_037298.2	8049826	58.33	7.02e-19	77.8	interchromosomal	NA	NA	NA
XP_002306743.1	XP_002318373.2	NC_037289.2	20829693	NC_037296.2	911247	54.24	4.85e-18	76.6	interchromosomal	NA	NA	NA
XP_002306743.1	XP_024439297.1	NC_037289.2	20829693	NC_037297.2	9163560	50.77	9.00e-17	73.2	interchromosomal	NA	NA	NA
XP_002306743.1	XP_002320852.4	NC_037289.2	20829693	NC_037298.2	6296630	40.62	1.89e-16	72.0	interchromosomal	NA	NA	NA
XP_002306743.1	XP_002309186.4	NC_037289.2	20829693	NC_037290.2	8482325	36.07	5.88e-16	70.5	interchromosomal	NA	NA	NA
XP_002306743.1	XP_052305286.1	NC_037289.2	20829693	NC_037303.2	9848168	49.23	5.53e-16	70.9	interchromosomal	NA	NA	NA
XP_002306743.1	XP_024452203.2	NC_037289.2	20829693	NC_037287.2	21584780	49.12	6.84e-15	63.5	interchromosomal	NA	NA	NA
XP_002306743.1	XP_006368530.1	NC_037289.2	20829693	NC_037285.2	159614	39.74	9.77e-16	65.1	interchromosomal	NA	NA	NA
XP_002306743.1	XP_002319879.4	NC_037289.2	20829693	NC_037297.2	9153347	32.28	8.57e-14	63.9	interchromosomal	NA	NA	NA
XP_002306743.1	XP_002323675.2	NC_037289.2	20829693	NC_037300.2	14139186	42.86	1.99e-14	65.9	interchromosomal	NA	NA	NA
XP_002306823.1	XP_006382812.1	NC_037289.2	22204644	NC_037289.2	3486578	62.82	9.98e-151	422.0	intrachromosomal_distant	NA	NA	NA
XP_002306823.1	XP_002319082.4	NC_037289.2	22204644	NC_037297.2	2936940	62.36	5.22e-146	410.0	interchromosomal	NA	NA	NA
XP_002306823.1	XP_002310122.1	NC_037289.2	22204644	NC_037291.2	4339587	39.45	9.22e-69	212.0	interchromosomal	NA	NA	NA
XP_002306823.1	XP_006383530.2	NC_037289.2	22204644	NC_037289.2	11313285	38.97	1.80e-68	211.0	intrachromosomal_distant	NA	NA	NA
XP_002306823.1	XP_024441317.1	NC_037289.2	22204644	NC_037298.2	1460990	42.18	1.17e-68	213.0	interchromosomal	NA	NA	NA
XP_002306823.1	XP_024452726.1	NC_037289.2	22204644	NC_037287.2	13432844	37.75	3.22e-58	184.0	interchromosomal	NA	NA	NA
XP_002306823.1	XP_002324382.1	NC_037289.2	22204644	NC_037302.2	615270	38.48	2.10e-61	193.0	interchromosomal	NA	NA	NA
XP_002306823.1	XP_002308998.1	NC_037289.2	22204644	NC_037290.2	5266321	58.82	2.49e-58	184.0	interchromosomal	NA	NA	NA
XP_002306823.1	XP_002325248.3	NC_037289.2	22204644	NC_037302.2	14435429	53.98	1.75e-57	182.0	interchromosomal	NA	NA	NA
XP_002306823.1	XP_002317397.1	NC_037289.2	22204644	NC_037295.2	6182166	53.76	3.53e-30	109.0	interchromosomal	NA	NA	NA
XP_002306823.1	XP_052301100.1	NC_037289.2	22204644	NC_037295.2	18333481	56.82	4.58e-30	112.0	interchromosomal	NA	NA	NA
XP_002306823.1	XP_006386616.2	NC_037289.2	22204644	NC_037286.2	12590323	49.56	4.77e-31	114.0	interchromosomal	NA	NA	NA
XP_002306823.1	XP_024458563.1	NC_037289.2	22204644	NC_037285.2	48605799	53.12	2.09e-29	110.0	interchromosomal	NA	NA	NA
XP_002306823.1	XP_006375351.1	NC_037289.2	22204644	NC_037298.2	5870811	49.12	5.30e-32	116.0	interchromosomal	NA	NA	NA
XP_002306823.1	XP_052303237.1	NC_037289.2	22204644	NC_037298.2	8049826	56.82	3.16e-27	101.0	interchromosomal	NA	NA	NA
XP_002306823.1	XP_006372370.1	NC_037289.2	22204644	NC_037301.2	14784916	52.94	2.20e-26	101.0	interchromosomal	NA	NA	NA
XP_002306823.1	XP_006368768.2	NC_037289.2	22204644	NC_037285.2	7882247	53.01	2.51e-25	97.4	interchromosomal	NA	NA	NA
XP_002306823.1	XP_002321134.3	NC_037289.2	22204644	NC_037298.2	10916137	61.29	1.92e-23	94.4	interchromosomal	NA	NA	NA
XP_002306823.1	XP_024437369.2	NC_037289.2	22204644	NC_037295.2	11223426	56.94	2.66e-23	93.6	interchromosomal	NA	NA	NA
XP_002306823.1	XP_002323637.2	NC_037289.2	22204644	NC_037300.2	13149873	53.66	2.84e-23	93.6	interchromosomal	NA	NA	NA
XP_002306823.1	XP_006381519.2	NC_037289.2	22204644	NC_037290.2	10930631	41.46	3.39e-23	93.2	interchromosomal	NA	NA	NA
XP_002306823.1	XP_002309066.3	NC_037289.2	22204644	NC_037290.2	6547400	53.16	3.58e-23	91.3	interchromosomal	NA	NA	NA
XP_002306823.1	XP_002324328.1	NC_037289.2	22204644	NC_037302.2	1335139	37.72	1.11e-23	91.7	interchromosomal	NA	NA	NA
XP_002306823.1	XP_024454278.1	NC_037289.2	22204644	NC_037288.2	11508039	51.81	6.36e-23	93.2	interchromosomal	NA	NA	NA
XP_002306823.1	XP_002315024.1	NC_037289.2	22204644	NC_037294.2	16783136	37.88	7.53e-23	92.0	interchromosomal	NA	NA	NA
XP_002306823.1	XP_024455846.2	NC_037289.2	22204644	NC_037288.2	463543	48.89	1.25e-23	95.5	interchromosomal	NA	NA	NA
XP_002306823.1	XP_024444415.2	NC_037289.2	22204644	NC_037301.2	10127356	50.60	1.33e-22	92.0	interchromosomal	NA	NA	NA
XP_002306823.1	XP_024466667.1	NC_037289.2	22204644	NC_037285.2	21315533	61.54	8.15e-23	92.8	interchromosomal	NA	NA	NA
XP_002306823.1	XP_002319959.2	NC_037289.2	22204644	NC_037297.2	14908280	52.44	1.51e-22	91.7	interchromosomal	NA	NA	NA
XP_002306823.1	XP_024440069.1	NC_037289.2	22204644	NC_037298.2	7538137	61.29	6.15e-23	92.8	interchromosomal	NA	NA	NA
XP_002306823.1	XP_006375555.1	NC_037289.2	22204644	NC_037298.2	11864534	55.07	2.17e-22	90.9	interchromosomal	NA	NA	NA
XP_002306823.1	XP_006389578.1	NC_037289.2	22204644	NC_037295.2	587221	61.29	7.75e-23	93.2	interchromosomal	NA	NA	NA
XP_002306823.1	XP_024438829.2	NC_037289.2	22204644	NC_037297.2	7868485	39.63	2.53e-22	90.9	interchromosomal	NA	NA	NA
XP_002306823.1	XP_006371762.1	NC_037289.2	22204644	NC_037302.2	1349083	44.12	5.36e-23	90.9	interchromosomal	NA	NA	NA
XP_002306823.1	XP_024443283.1	NC_037289.2	22204644	NC_037300.2	6485177	50.00	4.08e-22	89.7	interchromosomal	NA	NA	NA
XP_002306823.1	XP_002326093.4	NC_037289.2	22204644	NC_037303.2	14801942	60.61	4.66e-22	90.1	interchromosomal	NA	NA	NA
XP_002306823.1	XP_006378014.1	NC_037289.2	22204644	NC_037295.2	19237430	39.13	7.70e-22	89.7	interchromosomal	NA	NA	NA
XP_002306823.1	XP_024458700.1	NC_037289.2	22204644	NC_037290.2	8094569	60.61	9.47e-22	89.0	interchromosomal	NA	NA	NA
XP_002306823.1	XP_024450700.1	NC_037289.2	22204644	NC_037286.2	21787634	58.06	1.34e-21	89.4	interchromosomal	NA	NA	NA
XP_002306823.1	XP_002312267.1	NC_037289.2	22204644	NC_037292.2	5739919	48.19	1.10e-21	89.0	interchromosomal	NA	NA	NA
XP_002306823.1	XP_006368511.1	NC_037289.2	22204644	NC_037285.2	3207145	51.47	1.36e-21	87.0	interchromosomal	NA	NA	NA
XP_002306823.1	XP_002310044.1	NC_037289.2	22204644	NC_037291.2	10243688	41.67	2.47e-21	84.7	interchromosomal	NA	NA	NA
XP_002306823.1	XP_006369893.1	NC_037289.2	22204644	NC_037285.2	36641635	44.05	2.92e-22	88.6	interchromosomal	NA	NA	NA
XP_002306823.1	XP_002323839.4	NC_037289.2	22204644	NC_037301.2	8849889	58.46	3.15e-21	88.2	interchromosomal	NA	NA	NA
XP_002306823.1	XP_002308704.1	NC_037289.2	22204644	NC_037290.2	25986082	56.14	6.48e-21	85.1	interchromosomal	NA	NA	NA
XP_002306823.1	XP_006375168.1	NC_037289.2	22204644	NC_037298.2	3234387	42.06	3.18e-21	83.6	interchromosomal	NA	NA	NA
XP_002306823.1	XP_002312318.2	NC_037289.2	22204644	NC_037292.2	6517252	46.99	1.46e-21	87.4	interchromosomal	NA	NA	NA
XP_002306823.1	XP_024446053.1	NC_037289.2	22204644	NC_037302.2	12567397	56.67	8.67e-21	86.3	interchromosomal	NA	NA	NA
XP_002306823.1	XP_024436877.2	NC_037289.2	22204644	NC_037295.2	8531133	34.27	1.60e-23	92.0	interchromosomal	NA	NA	NA
XP_002306823.1	XP_052303325.1	NC_037289.2	22204644	NC_037299.2	8984460	56.92	1.14e-20	86.7	interchromosomal	NA	NA	NA
XP_002306823.1	XP_024460429.2	NC_037289.2	22204644	NC_037290.2	19088117	55.00	1.83e-20	85.1	interchromosomal	NA	NA	NA
XP_002306823.1	XP_052305286.1	NC_037289.2	22204644	NC_037303.2	9848168	50.65	2.54e-20	84.0	interchromosomal	NA	NA	NA
XP_002306823.1	XP_052308647.1	NC_037289.2	22204644	NC_037289.2	5998576	44.71	1.02e-20	82.4	intrachromosomal_distant	NA	NA	NA
XP_002306823.1	XP_002308538.1	NC_037289.2	22204644	NC_037290.2	22894958	43.56	2.16e-20	79.3	interchromosomal	NA	NA	NA
XP_002306823.1	XP_002323509.1	NC_037289.2	22204644	NC_037300.2	10100937	52.00	8.00e-20	81.6	interchromosomal	NA	NA	NA
XP_002306823.1	XP_024456867.1	NC_037289.2	22204644	NC_037289.2	5877537	39.67	3.54e-21	82.8	intrachromosomal_distant	NA	NA	NA
XP_002306823.1	XP_002320967.3	NC_037289.2	22204644	NC_037298.2	7968052	43.37	2.46e-20	83.2	interchromosomal	NA	NA	NA
XP_002306823.1	XP_002322274.1	NC_037289.2	22204644	NC_037299.2	11932322	52.38	2.54e-19	77.8	interchromosomal	NA	NA	NA
XP_002306823.1	XP_002314962.2	NC_037289.2	22204644	NC_037294.2	15857170	43.37	3.60e-20	83.6	interchromosomal	NA	NA	NA
XP_002306823.1	XP_006368868.2	NC_037289.2	22204644	NC_037285.2	4486450	41.46	8.57e-19	75.9	interchromosomal	NA	NA	NA
XP_002306823.1	XP_006373216.1	NC_037289.2	22204644	NC_037301.2	5566257	29.75	2.80e-20	79.7	interchromosomal	NA	NA	NA
XP_002306823.1	XP_024466901.1	NC_037289.2	22204644	NC_037294.2	16611764	36.36	3.75e-19	79.3	interchromosomal	NA	NA	NA
XP_002306823.1	XP_024461002.1	NC_037289.2	22204644	NC_037291.2	10436238	33.76	2.03e-18	75.5	interchromosomal	NA	NA	NA
XP_002306823.1	XP_002311329.2	NC_037289.2	22204644	NC_037292.2	5865817	43.90	1.21e-18	77.8	interchromosomal	NA	NA	NA
XP_002306823.1	XP_002320160.2	NC_037289.2	22204644	NC_037298.2	5891006	39.64	3.93e-18	74.7	interchromosomal	NA	NA	NA
XP_002306823.1	XP_002318747.1	NC_037289.2	22204644	NC_037296.2	12395944	49.21	6.19e-18	73.9	interchromosomal	NA	NA	NA
XP_002306823.1	XP_024439297.1	NC_037289.2	22204644	NC_037297.2	9163560	42.55	3.56e-18	77.4	interchromosomal	NA	NA	NA
XP_002306823.1	XP_024446284.2	NC_037289.2	22204644	NC_037302.2	1292205	59.65	4.00e-17	74.7	interchromosomal	NA	NA	NA
XP_002306823.1	XP_002318373.2	NC_037289.2	22204644	NC_037296.2	911247	52.63	4.02e-17	74.3	interchromosomal	NA	NA	NA
XP_002306823.1	XP_002320852.4	NC_037289.2	22204644	NC_037298.2	6296630	42.72	3.87e-17	74.7	interchromosomal	NA	NA	NA
XP_002306823.1	XP_006382109.3	NC_037289.2	22204644	NC_037290.2	26029137	54.39	3.15e-16	72.8	interchromosomal	NA	NA	NA
XP_002306823.1	XP_002319879.4	NC_037289.2	22204644	NC_037297.2	9153347	30.00	1.45e-12	60.5	interchromosomal	NA	NA	NA
XP_002306823.1	XP_002309186.4	NC_037289.2	22204644	NC_037290.2	8482325	36.59	2.03e-12	60.1	interchromosomal	NA	NA	NA
XP_002306823.1	XP_006368530.1	NC_037289.2	22204644	NC_037285.2	159614	43.33	1.18e-12	56.6	interchromosomal	NA	NA	NA
XP_002306823.1	XP_024452203.2	NC_037289.2	22204644	NC_037287.2	21584780	42.62	9.67e-12	55.1	interchromosomal	NA	NA	NA
XP_002306823.1	XP_002323675.2	NC_037289.2	22204644	NC_037300.2	14139186	32.69	1.50e-11	57.4	interchromosomal	NA	NA	NA
XP_002308998.1	XP_002325248.3	NC_037290.2	5266321	NC_037302.2	14435429	83.17	0.00e+00	499.0	interchromosomal	NA	NA	NA
XP_002308998.1	XP_002324382.1	NC_037290.2	5266321	NC_037302.2	615270	52.14	5.44e-103	298.0	interchromosomal	NA	NA	NA
XP_002308998.1	XP_002310122.1	NC_037290.2	5266321	NC_037291.2	4339587	48.65	1.12e-83	249.0	interchromosomal	NA	NA	NA
XP_002308998.1	XP_006383530.2	NC_037290.2	5266321	NC_037289.2	11313285	45.76	2.72e-78	235.0	interchromosomal	NA	NA	NA
XP_002308998.1	XP_024441317.1	NC_037290.2	5266321	NC_037298.2	1460990	41.01	6.80e-71	217.0	interchromosomal	NA	NA	NA
XP_002308998.1	XP_006382812.1	NC_037290.2	5266321	NC_037289.2	3486578	60.67	1.65e-59	187.0	interchromosomal	NA	NA	NA
XP_002308998.1	XP_002319082.4	NC_037290.2	5266321	NC_037297.2	2936940	60.67	7.57e-59	186.0	interchromosomal	NA	NA	NA
XP_002308998.1	XP_024452726.1	NC_037290.2	5266321	NC_037287.2	13432844	34.80	4.57e-52	166.0	interchromosomal	NA	NA	NA
XP_002308998.1	XP_052301100.1	NC_037290.2	5266321	NC_037295.2	18333481	53.76	3.03e-30	112.0	interchromosomal	NA	NA	NA
XP_002308998.1	XP_006386616.2	NC_037290.2	5266321	NC_037286.2	12590323	50.93	1.22e-30	111.0	interchromosomal	NA	NA	NA
XP_002308998.1	XP_024458563.1	NC_037290.2	5266321	NC_037285.2	48605799	55.17	1.74e-29	109.0	interchromosomal	NA	NA	NA
XP_002308998.1	XP_002317397.1	NC_037290.2	5266321	NC_037295.2	6182166	51.61	2.42e-29	106.0	interchromosomal	NA	NA	NA
XP_002308998.1	XP_006375351.1	NC_037290.2	5266321	NC_037298.2	5870811	54.26	1.51e-29	108.0	interchromosomal	NA	NA	NA
XP_002308998.1	XP_006368768.2	NC_037290.2	5266321	NC_037285.2	7882247	52.94	1.97e-27	102.0	interchromosomal	NA	NA	NA
XP_002308998.1	XP_052303237.1	NC_037290.2	5266321	NC_037298.2	8049826	51.92	2.48e-27	100.0	interchromosomal	NA	NA	NA
XP_002308998.1	XP_006372370.1	NC_037290.2	5266321	NC_037301.2	14784916	50.60	5.53e-25	96.7	interchromosomal	NA	NA	NA
XP_002308998.1	XP_002323637.2	NC_037290.2	5266321	NC_037300.2	13149873	56.41	7.67e-24	94.4	interchromosomal	NA	NA	NA
XP_002308998.1	XP_006381519.2	NC_037290.2	5266321	NC_037290.2	10930631	47.87	5.64e-23	91.3	intrachromosomal_distant	NA	NA	NA
XP_002308998.1	XP_002319959.2	NC_037290.2	5266321	NC_037297.2	14908280	55.13	7.66e-23	91.3	interchromosomal	NA	NA	NA
XP_002308998.1	XP_006378014.1	NC_037290.2	5266321	NC_037295.2	19237430	48.21	2.10e-22	90.1	interchromosomal	NA	NA	NA
XP_002308998.1	XP_024438829.2	NC_037290.2	5266321	NC_037297.2	7868485	51.55	2.27e-22	90.1	interchromosomal	NA	NA	NA
XP_002308998.1	XP_002315024.1	NC_037290.2	5266321	NC_037294.2	16783136	47.31	2.51e-22	89.7	interchromosomal	NA	NA	NA
XP_002308998.1	XP_024460429.2	NC_037290.2	5266321	NC_037290.2	19088117	46.81	2.61e-22	89.7	intrachromosomal_distant	NA	NA	NA
XP_002308998.1	XP_002326093.4	NC_037290.2	5266321	NC_037303.2	14801942	53.85	3.11e-22	89.7	interchromosomal	NA	NA	NA
XP_002308998.1	XP_002321134.3	NC_037290.2	5266321	NC_037298.2	10916137	31.76	3.49e-22	89.4	interchromosomal	NA	NA	NA
XP_002308998.1	XP_024443283.1	NC_037290.2	5266321	NC_037300.2	6485177	54.93	4.03e-22	89.0	interchromosomal	NA	NA	NA
XP_002308998.1	XP_024446053.1	NC_037290.2	5266321	NC_037302.2	12567397	57.58	4.90e-22	89.0	interchromosomal	NA	NA	NA
XP_002308998.1	XP_024458700.1	NC_037290.2	5266321	NC_037290.2	8094569	52.56	7.18e-22	88.6	intrachromosomal_distant	NA	NA	NA
XP_002308998.1	XP_006375555.1	NC_037290.2	5266321	NC_037298.2	11864534	57.58	1.44e-21	87.4	interchromosomal	NA	NA	NA
XP_002308998.1	XP_006368511.1	NC_037290.2	5266321	NC_037285.2	3207145	53.23	1.80e-21	85.9	interchromosomal	NA	NA	NA
XP_002308998.1	XP_024437369.2	NC_037290.2	5266321	NC_037295.2	11223426	53.16	2.53e-21	86.7	interchromosomal	NA	NA	NA
XP_002308998.1	XP_002310044.1	NC_037290.2	5266321	NC_037291.2	10243688	37.68	3.70e-21	83.2	interchromosomal	NA	NA	NA
XP_002308998.1	XP_024455846.2	NC_037290.2	5266321	NC_037288.2	463543	48.75	6.27e-21	86.7	interchromosomal	NA	NA	NA
XP_002308998.1	XP_024440069.1	NC_037290.2	5266321	NC_037298.2	7538137	47.73	2.42e-21	87.4	interchromosomal	NA	NA	NA
XP_002308998.1	XP_024450700.1	NC_037290.2	5266321	NC_037286.2	21787634	45.74	6.29e-21	85.9	interchromosomal	NA	NA	NA
XP_002308998.1	XP_006371762.1	NC_037290.2	5266321	NC_037302.2	1349083	38.52	2.28e-21	85.5	interchromosomal	NA	NA	NA
XP_002308998.1	XP_024454278.1	NC_037290.2	5266321	NC_037288.2	11508039	51.95	7.95e-21	85.5	interchromosomal	NA	NA	NA
XP_002308998.1	XP_002312267.1	NC_037290.2	5266321	NC_037292.2	5739919	46.07	8.16e-21	85.1	interchromosomal	NA	NA	NA
XP_002308998.1	XP_006389578.1	NC_037290.2	5266321	NC_037295.2	587221	46.59	1.47e-20	85.5	interchromosomal	NA	NA	NA
XP_002308998.1	XP_024444415.2	NC_037290.2	5266321	NC_037301.2	10127356	59.02	1.81e-20	84.3	interchromosomal	NA	NA	NA
XP_002308998.1	XP_002314962.2	NC_037290.2	5266321	NC_037294.2	15857170	45.12	4.67e-21	85.5	interchromosomal	NA	NA	NA
XP_002308998.1	XP_024466667.1	NC_037290.2	5266321	NC_037285.2	21315533	46.81	3.99e-21	87.0	interchromosomal	NA	NA	NA
XP_002308998.1	XP_052305286.1	NC_037290.2	5266321	NC_037303.2	9848168	49.46	2.32e-20	83.6	interchromosomal	NA	NA	NA
XP_002308998.1	XP_002312318.2	NC_037290.2	5266321	NC_037292.2	6517252	46.34	1.54e-20	84.0	interchromosomal	NA	NA	NA
XP_002308998.1	XP_052308647.1	NC_037290.2	5266321	NC_037289.2	5998576	35.82	5.34e-20	79.7	interchromosomal	NA	NA	NA
XP_002308998.1	XP_024436877.2	NC_037290.2	5266321	NC_037295.2	8531133	38.32	1.19e-20	83.2	interchromosomal	NA	NA	NA
XP_002308998.1	XP_006368868.2	NC_037290.2	5266321	NC_037285.2	4486450	41.46	2.56e-19	76.6	interchromosomal	NA	NA	NA
XP_002308998.1	XP_006375168.1	NC_037290.2	5266321	NC_037298.2	3234387	43.53	1.58e-19	78.6	interchromosomal	NA	NA	NA
XP_002308998.1	XP_002323839.4	NC_037290.2	5266321	NC_037301.2	8849889	52.11	5.89e-20	83.6	interchromosomal	NA	NA	NA
XP_002308998.1	XP_006369893.1	NC_037290.2	5266321	NC_037285.2	36641635	39.17	3.76e-20	82.0	interchromosomal	NA	NA	NA
XP_002308998.1	XP_002324328.1	NC_037290.2	5266321	NC_037302.2	1335139	50.00	3.46e-19	78.6	interchromosomal	NA	NA	NA
XP_002308998.1	XP_024456867.1	NC_037290.2	5266321	NC_037289.2	5877537	45.00	3.17e-19	77.0	interchromosomal	NA	NA	NA
XP_002308998.1	XP_052303325.1	NC_037290.2	5266321	NC_037299.2	8984460	50.70	5.60e-19	80.9	interchromosomal	NA	NA	NA
XP_002308998.1	XP_002322274.1	NC_037290.2	5266321	NC_037299.2	11932322	50.00	3.29e-18	73.9	interchromosomal	NA	NA	NA
XP_002308998.1	XP_002311329.2	NC_037290.2	5266321	NC_037292.2	5865817	35.34	3.11e-18	76.3	interchromosomal	NA	NA	NA
XP_002308998.1	XP_024446284.2	NC_037290.2	5266321	NC_037302.2	1292205	61.40	5.26e-18	77.0	interchromosomal	NA	NA	NA
XP_002308998.1	XP_006373216.1	NC_037290.2	5266321	NC_037301.2	5566257	36.96	2.62e-18	73.9	interchromosomal	NA	NA	NA
XP_002308998.1	XP_002320967.3	NC_037290.2	5266321	NC_037298.2	7968052	38.64	1.50e-18	77.4	interchromosomal	NA	NA	NA
XP_002308998.1	XP_006382109.3	NC_037290.2	5266321	NC_037290.2	26029137	57.90	9.94e-18	76.6	intrachromosomal_distant	NA	NA	NA
XP_002308998.1	XP_002323509.1	NC_037290.2	5266321	NC_037300.2	10100937	45.57	8.49e-18	75.1	interchromosomal	NA	NA	NA
XP_002308998.1	XP_024466901.1	NC_037290.2	5266321	NC_037294.2	16611764	39.77	1.18e-17	74.7	interchromosomal	NA	NA	NA
XP_002308998.1	XP_002318747.1	NC_037290.2	5266321	NC_037296.2	12395944	48.39	1.32e-17	72.4	interchromosomal	NA	NA	NA
XP_002308998.1	XP_024439297.1	NC_037290.2	5266321	NC_037297.2	9163560	44.58	1.43e-17	75.1	interchromosomal	NA	NA	NA
XP_002308998.1	XP_002320160.2	NC_037290.2	5266321	NC_037298.2	5891006	39.78	2.73e-17	71.6	interchromosomal	NA	NA	NA
XP_002308998.1	XP_002318373.2	NC_037290.2	5266321	NC_037296.2	911247	41.67	2.81e-17	74.3	interchromosomal	NA	NA	NA
XP_002308998.1	XP_002320852.4	NC_037290.2	5266321	NC_037298.2	6296630	44.58	6.60e-17	73.2	interchromosomal	NA	NA	NA
XP_002308998.1	XP_024461002.1	NC_037290.2	5266321	NC_037291.2	10436238	42.50	7.96e-17	70.1	interchromosomal	NA	NA	NA
XP_002308998.1	XP_002319879.4	NC_037290.2	5266321	NC_037297.2	9153347	36.67	1.63e-12	60.1	interchromosomal	NA	NA	NA
XP_002308998.1	XP_002309186.4	NC_037290.2	5266321	NC_037290.2	8482325	34.52	4.83e-11	55.5	intrachromosomal_distant	NA	NA	NA
XP_002308998.1	XP_002323675.2	NC_037290.2	5266321	NC_037300.2	14139186	39.29	4.30e-11	55.5	interchromosomal	NA	NA	NA
XP_002308998.1	XP_006368530.1	NC_037290.2	5266321	NC_037285.2	159614	40.98	6.01e-11	51.6	interchromosomal	NA	NA	NA
XP_002309066.3	XP_002323509.1	NC_037290.2	6547400	NC_037300.2	10100937	74.57	1.97e-152	422.0	interchromosomal	NA	NA	NA
XP_002309066.3	XP_002311329.2	NC_037290.2	6547400	NC_037292.2	5865817	36.41	2.17e-29	107.0	interchromosomal	NA	NA	NA
XP_002309066.3	XP_024466901.1	NC_037290.2	6547400	NC_037294.2	16611764	34.24	9.54e-29	105.0	interchromosomal	NA	NA	NA
XP_002309066.3	XP_002312318.2	NC_037290.2	6547400	NC_037292.2	6517252	35.80	4.27e-28	105.0	interchromosomal	NA	NA	NA
XP_002309066.3	XP_002314962.2	NC_037290.2	6547400	NC_037294.2	15857170	29.17	3.98e-26	99.8	interchromosomal	NA	NA	NA
XP_002309066.3	XP_002320160.2	NC_037290.2	6547400	NC_037298.2	5891006	60.94	1.36e-25	94.4	interchromosomal	NA	NA	NA
XP_002309066.3	XP_002318747.1	NC_037290.2	6547400	NC_037296.2	12395944	43.70	7.84e-26	94.4	interchromosomal	NA	NA	NA
XP_002309066.3	XP_002310044.1	NC_037290.2	6547400	NC_037291.2	10243688	64.41	3.77e-25	94.4	interchromosomal	NA	NA	NA
XP_002309066.3	XP_052308647.1	NC_037290.2	6547400	NC_037289.2	5998576	53.75	3.81e-25	94.4	interchromosomal	NA	NA	NA
XP_002309066.3	XP_006368868.2	NC_037290.2	6547400	NC_037285.2	4486450	49.38	1.27e-24	90.9	interchromosomal	NA	NA	NA
XP_002309066.3	XP_002320967.3	NC_037290.2	6547400	NC_037298.2	7968052	36.88	3.58e-25	96.3	interchromosomal	NA	NA	NA
XP_002309066.3	XP_006375168.1	NC_037290.2	6547400	NC_037298.2	3234387	66.10	3.41e-24	91.7	interchromosomal	NA	NA	NA
XP_002309066.3	XP_006369893.1	NC_037290.2	6547400	NC_037285.2	36641635	63.16	3.60e-24	93.2	interchromosomal	NA	NA	NA
XP_002309066.3	XP_006373216.1	NC_037290.2	6547400	NC_037301.2	5566257	49.38	5.97e-25	92.0	interchromosomal	NA	NA	NA
XP_002309066.3	XP_024444415.2	NC_037290.2	6547400	NC_037301.2	10127356	61.02	1.13e-23	94.0	interchromosomal	NA	NA	NA
XP_002309066.3	XP_024454278.1	NC_037290.2	6547400	NC_037288.2	11508039	59.32	1.39e-23	93.6	interchromosomal	NA	NA	NA
XP_002309066.3	XP_024436877.2	NC_037290.2	6547400	NC_037295.2	8531133	61.40	1.41e-23	91.7	interchromosomal	NA	NA	NA
XP_002309066.3	XP_002322274.1	NC_037290.2	6547400	NC_037299.2	11932322	61.02	2.36e-23	88.2	interchromosomal	NA	NA	NA
XP_002309066.3	XP_024456867.1	NC_037290.2	6547400	NC_037289.2	5877537	35.29	2.96e-23	88.2	interchromosomal	NA	NA	NA
XP_002309066.3	XP_024437369.2	NC_037290.2	6547400	NC_037295.2	11223426	59.32	1.15e-22	90.9	interchromosomal	NA	NA	NA
XP_002309066.3	XP_002315024.1	NC_037290.2	6547400	NC_037294.2	16783136	57.63	1.87e-22	90.1	interchromosomal	NA	NA	NA
XP_002309066.3	XP_024438829.2	NC_037290.2	6547400	NC_037297.2	7868485	61.02	3.12e-22	89.7	interchromosomal	NA	NA	NA
XP_002309066.3	XP_024460429.2	NC_037290.2	6547400	NC_037290.2	19088117	36.51	4.38e-22	89.7	intrachromosomal_distant	NA	NA	NA
XP_002309066.3	XP_002319082.4	NC_037290.2	6547400	NC_037297.2	2936940	54.67	2.38e-22	89.0	interchromosomal	NA	NA	NA
XP_002309066.3	XP_006378014.1	NC_037290.2	6547400	NC_037295.2	19237430	57.63	6.33e-22	89.0	interchromosomal	NA	NA	NA
XP_002309066.3	XP_006381519.2	NC_037290.2	6547400	NC_037290.2	10930631	55.93	8.20e-22	88.2	intrachromosomal_distant	NA	NA	NA
XP_002309066.3	XP_024446053.1	NC_037290.2	6547400	NC_037302.2	12567397	53.97	9.73e-22	88.2	interchromosomal	NA	NA	NA
XP_002309066.3	XP_024443283.1	NC_037290.2	6547400	NC_037300.2	6485177	48.78	1.99e-21	87.0	interchromosomal	NA	NA	NA
XP_002309066.3	XP_052303237.1	NC_037290.2	6547400	NC_037298.2	8049826	40.78	1.37e-21	85.1	interchromosomal	NA	NA	NA
XP_002309066.3	XP_002323637.2	NC_037290.2	6547400	NC_037300.2	13149873	40.82	3.78e-21	87.4	interchromosomal	NA	NA	NA
XP_002309066.3	XP_006382812.1	NC_037290.2	6547400	NC_037289.2	3486578	53.33	1.37e-21	86.7	interchromosomal	NA	NA	NA
XP_002309066.3	XP_024461002.1	NC_037290.2	6547400	NC_037291.2	10436238	54.24	3.02e-21	82.8	interchromosomal	NA	NA	NA
XP_002309066.3	XP_006372370.1	NC_037290.2	6547400	NC_037301.2	14784916	45.45	7.77e-21	85.5	interchromosomal	NA	NA	NA
XP_002309066.3	XP_002312267.1	NC_037290.2	6547400	NC_037292.2	5739919	54.24	6.66e-21	85.5	interchromosomal	NA	NA	NA
XP_002309066.3	XP_006383530.2	NC_037290.2	6547400	NC_037289.2	11313285	63.16	7.51e-21	84.3	interchromosomal	NA	NA	NA
XP_002309066.3	XP_052301100.1	NC_037290.2	6547400	NC_037295.2	18333481	40.44	6.70e-21	85.9	interchromosomal	NA	NA	NA
XP_002309066.3	XP_002310122.1	NC_037290.2	6547400	NC_037291.2	4339587	63.16	1.18e-20	84.0	interchromosomal	NA	NA	NA
XP_002309066.3	XP_002321134.3	NC_037290.2	6547400	NC_037298.2	10916137	56.92	1.29e-20	84.7	interchromosomal	NA	NA	NA
XP_002309066.3	XP_002324382.1	NC_037290.2	6547400	NC_037302.2	615270	50.67	5.90e-21	84.7	interchromosomal	NA	NA	NA
XP_002309066.3	XP_006368768.2	NC_037290.2	6547400	NC_037285.2	7882247	58.06	1.07e-20	84.0	interchromosomal	NA	NA	NA
XP_002309066.3	XP_006375555.1	NC_037290.2	6547400	NC_037298.2	11864534	53.97	3.75e-20	84.0	interchromosomal	NA	NA	NA
XP_002309066.3	XP_002326093.4	NC_037290.2	6547400	NC_037303.2	14801942	55.93	3.88e-20	83.6	interchromosomal	NA	NA	NA
XP_002309066.3	XP_002319959.2	NC_037290.2	6547400	NC_037297.2	14908280	55.93	4.71e-20	83.2	interchromosomal	NA	NA	NA
XP_002309066.3	XP_024458563.1	NC_037290.2	6547400	NC_037285.2	48605799	40.58	2.80e-20	84.0	interchromosomal	NA	NA	NA
XP_002309066.3	XP_002325248.3	NC_037290.2	6547400	NC_037302.2	14435429	49.33	5.19e-20	81.3	interchromosomal	NA	NA	NA
XP_002309066.3	XP_002323839.4	NC_037290.2	6547400	NC_037301.2	8849889	55.38	1.02e-19	82.8	interchromosomal	NA	NA	NA
XP_002309066.3	XP_024455846.2	NC_037290.2	6547400	NC_037288.2	463543	58.33	9.83e-20	82.4	interchromosomal	NA	NA	NA
XP_002309066.3	XP_052303325.1	NC_037290.2	6547400	NC_037299.2	8984460	55.38	2.12e-19	82.4	interchromosomal	NA	NA	NA
XP_002309066.3	XP_024441317.1	NC_037290.2	6547400	NC_037298.2	1460990	48.15	9.77e-20	81.6	interchromosomal	NA	NA	NA
XP_002309066.3	XP_024466667.1	NC_037290.2	6547400	NC_037285.2	21315533	48.05	2.13e-19	81.3	interchromosomal	NA	NA	NA
XP_002309066.3	XP_006389578.1	NC_037290.2	6547400	NC_037295.2	587221	52.94	4.16e-19	81.3	interchromosomal	NA	NA	NA
XP_002309066.3	XP_024450700.1	NC_037290.2	6547400	NC_037286.2	21787634	55.38	3.49e-19	80.5	interchromosomal	NA	NA	NA
XP_002309066.3	XP_024440069.1	NC_037290.2	6547400	NC_037298.2	7538137	56.67	3.60e-19	80.5	interchromosomal	NA	NA	NA
XP_002309066.3	XP_024452726.1	NC_037290.2	6547400	NC_037287.2	13432844	52.00	2.76e-19	79.3	interchromosomal	NA	NA	NA
XP_002309066.3	XP_006371762.1	NC_037290.2	6547400	NC_037302.2	1349083	52.38	3.53e-19	79.3	interchromosomal	NA	NA	NA
XP_002309066.3	XP_002317397.1	NC_037290.2	6547400	NC_037295.2	6182166	36.53	4.20e-20	80.9	interchromosomal	NA	NA	NA
XP_002309066.3	XP_002324328.1	NC_037290.2	6547400	NC_037302.2	1335139	53.33	1.46e-18	76.6	interchromosomal	NA	NA	NA
XP_002309066.3	XP_006382109.3	NC_037290.2	6547400	NC_037290.2	26029137	45.35	3.80e-18	77.8	intrachromosomal_distant	NA	NA	NA
XP_002309066.3	XP_024446284.2	NC_037290.2	6547400	NC_037302.2	1292205	52.46	7.41e-18	77.0	interchromosomal	NA	NA	NA
XP_002309066.3	XP_002318373.2	NC_037290.2	6547400	NC_037296.2	911247	53.23	8.40e-18	75.9	interchromosomal	NA	NA	NA
XP_002309066.3	XP_006375351.1	NC_037290.2	6547400	NC_037298.2	5870811	35.34	3.71e-18	77.0	interchromosomal	NA	NA	NA
XP_002309066.3	XP_006386616.2	NC_037290.2	6547400	NC_037286.2	12590323	40.57	4.12e-18	76.6	interchromosomal	NA	NA	NA
XP_002309066.3	XP_052305286.1	NC_037290.2	6547400	NC_037303.2	9848168	35.91	1.09e-16	72.8	interchromosomal	NA	NA	NA
XP_002309066.3	XP_002320852.4	NC_037290.2	6547400	NC_037298.2	6296630	47.37	1.83e-16	72.0	interchromosomal	NA	NA	NA
XP_002309066.3	XP_006368511.1	NC_037290.2	6547400	NC_037285.2	3207145	50.00	1.91e-16	71.2	interchromosomal	NA	NA	NA
XP_002309066.3	XP_024439297.1	NC_037290.2	6547400	NC_037297.2	9163560	53.45	2.67e-16	71.2	interchromosomal	NA	NA	NA
XP_002309066.3	XP_006368530.1	NC_037290.2	6547400	NC_037285.2	159614	47.46	2.03e-14	62.4	interchromosomal	NA	NA	NA
XP_002309066.3	XP_024452203.2	NC_037290.2	6547400	NC_037287.2	21584780	49.12	2.08e-13	59.3	interchromosomal	NA	NA	NA
XP_002309066.3	XP_002323675.2	NC_037290.2	6547400	NC_037300.2	14139186	50.00	1.13e-14	66.2	interchromosomal	NA	NA	NA
XP_002309066.3	XP_002319879.4	NC_037290.2	6547400	NC_037297.2	9153347	45.31	4.38e-13	61.6	interchromosomal	NA	NA	NA
XP_024458700.1	XP_024460429.2	NC_037290.2	8094569	NC_037290.2	19088117	40.57	3.52e-49	171.0	intrachromosomal_distant	NA	NA	NA
XP_024458700.1	XP_052308647.1	NC_037290.2	8094569	NC_037289.2	5998576	60.53	7.89e-30	110.0	interchromosomal	NA	NA	NA
XP_024458700.1	XP_024461002.1	NC_037290.2	8094569	NC_037291.2	10436238	53.75	1.38e-28	105.0	interchromosomal	NA	NA	NA
XP_024458700.1	XP_024466901.1	NC_037290.2	8094569	NC_037294.2	16611764	39.58	2.56e-27	104.0	interchromosomal	NA	NA	NA
XP_024458700.1	XP_024466667.1	NC_037290.2	8094569	NC_037285.2	21315533	51.90	1.34e-24	100.0	interchromosomal	NA	NA	NA
XP_024458700.1	XP_052303325.1	NC_037290.2	8094569	NC_037299.2	8984460	50.00	3.12e-24	99.8	interchromosomal	NA	NA	NA
XP_024458700.1	XP_052303237.1	NC_037290.2	8094569	NC_037298.2	8049826	45.45	1.88e-16	72.4	interchromosomal	NA	NA	NA
XP_024458700.1	XP_052301100.1	NC_037290.2	8094569	NC_037295.2	18333481	41.98	3.30e-16	73.6	interchromosomal	NA	NA	NA
XP_024458700.1	XP_052305286.1	NC_037290.2	8094569	NC_037303.2	9848168	50.00	1.09e-12	62.4	interchromosomal	NA	NA	NA
XP_002309186.4	XP_002323675.2	NC_037290.2	8482325	NC_037300.2	14139186	66.57	1.60e-153	427.0	interchromosomal	NA	NA	NA
XP_002309186.4	XP_002319879.4	NC_037290.2	8482325	NC_037297.2	9153347	39.76	1.96e-61	192.0	interchromosomal	NA	NA	NA
XP_002309186.4	XP_002320852.4	NC_037290.2	8482325	NC_037298.2	6296630	39.36	3.32e-33	119.0	interchromosomal	NA	NA	NA
XP_002309186.4	XP_002318373.2	NC_037290.2	8482325	NC_037296.2	911247	36.00	1.64e-31	115.0	interchromosomal	NA	NA	NA
XP_002309186.4	XP_006368868.2	NC_037290.2	8482325	NC_037285.2	4486450	38.74	2.87e-21	82.4	interchromosomal	NA	NA	NA
XP_002309186.4	XP_024439297.1	NC_037290.2	8482325	NC_037297.2	9163560	42.16	7.53e-21	85.1	interchromosomal	NA	NA	NA
XP_002309186.4	XP_052305286.1	NC_037290.2	8482325	NC_037303.2	9848168	41.58	2.52e-20	84.0	interchromosomal	NA	NA	NA
XP_002309186.4	XP_002311329.2	NC_037290.2	8482325	NC_037292.2	5865817	28.51	4.37e-20	82.0	interchromosomal	NA	NA	NA
XP_002309186.4	XP_006373216.1	NC_037290.2	8482325	NC_037301.2	5566257	39.22	2.68e-19	77.0	interchromosomal	NA	NA	NA
XP_002309186.4	XP_002310044.1	NC_037290.2	8482325	NC_037291.2	10243688	40.66	1.66e-17	73.6	interchromosomal	NA	NA	NA
XP_002309186.4	XP_052308647.1	NC_037290.2	8482325	NC_037289.2	5998576	40.66	2.51e-17	73.2	interchromosomal	NA	NA	NA
XP_002309186.4	XP_002320160.2	NC_037290.2	8482325	NC_037298.2	5891006	44.00	3.05e-17	72.0	interchromosomal	NA	NA	NA
XP_002309186.4	XP_002318747.1	NC_037290.2	8482325	NC_037296.2	12395944	42.55	2.43e-17	71.6	interchromosomal	NA	NA	NA
XP_002309186.4	XP_006375168.1	NC_037290.2	8482325	NC_037298.2	3234387	38.95	1.69e-16	70.9	interchromosomal	NA	NA	NA
XP_002309186.4	XP_024466901.1	NC_037290.2	8482325	NC_037294.2	16611764	39.00	3.65e-16	70.9	interchromosomal	NA	NA	NA
XP_002309186.4	XP_024436877.2	NC_037290.2	8482325	NC_037295.2	8531133	35.06	5.42e-17	73.2	interchromosomal	NA	NA	NA
XP_002309186.4	XP_002322274.1	NC_037290.2	8482325	NC_037299.2	11932322	50.00	1.80e-15	65.9	interchromosomal	NA	NA	NA
XP_002309186.4	XP_006369893.1	NC_037290.2	8482325	NC_037285.2	36641635	34.29	7.82e-17	72.8	interchromosomal	NA	NA	NA
XP_002309186.4	XP_002312318.2	NC_037290.2	8482325	NC_037292.2	6517252	48.28	1.28e-14	67.0	interchromosomal	NA	NA	NA
XP_002309186.4	XP_024450700.1	NC_037290.2	8482325	NC_037286.2	21787634	38.89	1.55e-14	67.0	interchromosomal	NA	NA	NA
XP_002309186.4	XP_006381519.2	NC_037290.2	8482325	NC_037290.2	10930631	39.74	1.56e-14	67.0	intrachromosomal_distant	NA	NA	NA
XP_002309186.4	XP_002320967.3	NC_037290.2	8482325	NC_037298.2	7968052	30.07	1.77e-16	72.0	interchromosomal	NA	NA	NA
XP_002309186.4	XP_002323509.1	NC_037290.2	8482325	NC_037300.2	10100937	50.00	1.32e-14	66.2	interchromosomal	NA	NA	NA
XP_002309186.4	XP_024443283.1	NC_037290.2	8482325	NC_037300.2	6485177	39.74	3.50e-14	65.9	interchromosomal	NA	NA	NA
XP_002309186.4	XP_024455846.2	NC_037290.2	8482325	NC_037288.2	463543	34.21	5.32e-14	66.2	interchromosomal	NA	NA	NA
XP_002309186.4	XP_006372370.1	NC_037290.2	8482325	NC_037301.2	14784916	47.54	7.43e-14	64.7	interchromosomal	NA	NA	NA
XP_002309186.4	XP_002312267.1	NC_037290.2	8482325	NC_037292.2	5739919	33.65	1.10e-13	64.3	interchromosomal	NA	NA	NA
XP_002309186.4	XP_024452726.1	NC_037290.2	8482325	NC_037287.2	13432844	33.33	1.33e-13	63.2	interchromosomal	NA	NA	NA
XP_002309186.4	XP_002315024.1	NC_037290.2	8482325	NC_037294.2	16783136	45.00	4.00e-13	62.8	interchromosomal	NA	NA	NA
XP_002309186.4	XP_002314962.2	NC_037290.2	8482325	NC_037294.2	15857170	46.55	4.18e-13	62.4	interchromosomal	NA	NA	NA
XP_002309186.4	XP_006371762.1	NC_037290.2	8482325	NC_037302.2	1349083	35.92	2.99e-13	62.4	interchromosomal	NA	NA	NA
XP_002309186.4	XP_024440069.1	NC_037290.2	8482325	NC_037298.2	7538137	48.39	1.03e-12	62.0	interchromosomal	NA	NA	NA
XP_002309186.4	XP_052303325.1	NC_037290.2	8482325	NC_037299.2	8984460	36.84	1.13e-12	62.4	interchromosomal	NA	NA	NA
XP_002309186.4	XP_006389578.1	NC_037290.2	8482325	NC_037295.2	587221	37.74	7.14e-13	62.8	interchromosomal	NA	NA	NA
XP_002309186.4	XP_006382812.1	NC_037290.2	8482325	NC_037289.2	3486578	36.36	9.67e-13	60.8	interchromosomal	NA	NA	NA
XP_002309186.4	XP_002323839.4	NC_037290.2	8482325	NC_037301.2	8849889	32.31	1.07e-12	61.2	interchromosomal	NA	NA	NA
XP_002309186.4	XP_002317397.1	NC_037290.2	8482325	NC_037295.2	6182166	35.56	2.10e-12	59.3	interchromosomal	NA	NA	NA
XP_002309186.4	XP_002319082.4	NC_037290.2	8482325	NC_037297.2	2936940	27.27	1.23e-12	60.8	interchromosomal	NA	NA	NA
XP_002309186.4	XP_002321134.3	NC_037290.2	8482325	NC_037298.2	10916137	34.91	4.77e-12	60.5	interchromosomal	NA	NA	NA
XP_002309186.4	XP_024454278.1	NC_037290.2	8482325	NC_037288.2	11508039	45.00	5.11e-12	60.1	interchromosomal	NA	NA	NA
XP_002309186.4	XP_006368768.2	NC_037290.2	8482325	NC_037285.2	7882247	44.26	4.32e-12	58.9	interchromosomal	NA	NA	NA
XP_002309186.4	XP_024437369.2	NC_037290.2	8482325	NC_037295.2	11223426	43.33	4.51e-12	59.3	interchromosomal	NA	NA	NA
XP_002309186.4	XP_024444415.2	NC_037290.2	8482325	NC_037301.2	10127356	45.00	6.48e-12	59.7	interchromosomal	NA	NA	NA
XP_002309186.4	XP_052301100.1	NC_037290.2	8482325	NC_037295.2	18333481	40.00	4.98e-12	59.3	interchromosomal	NA	NA	NA
XP_002309186.4	XP_002324382.1	NC_037290.2	8482325	NC_037302.2	615270	32.93	4.16e-12	58.9	interchromosomal	NA	NA	NA
XP_002309186.4	XP_002325248.3	NC_037290.2	8482325	NC_037302.2	14435429	35.71	4.62e-12	58.5	interchromosomal	NA	NA	NA
XP_002309186.4	XP_024458563.1	NC_037290.2	8482325	NC_037285.2	48605799	40.00	7.78e-12	58.9	interchromosomal	NA	NA	NA
XP_002309186.4	XP_006386616.2	NC_037290.2	8482325	NC_037286.2	12590323	45.00	5.22e-12	58.9	interchromosomal	NA	NA	NA
XP_002309186.4	XP_006383530.2	NC_037290.2	8482325	NC_037289.2	11313285	33.98	8.18e-12	58.2	interchromosomal	NA	NA	NA
XP_002309186.4	XP_006375555.1	NC_037290.2	8482325	NC_037298.2	11864534	41.67	9.08e-12	58.5	interchromosomal	NA	NA	NA
XP_002309186.4	XP_006375351.1	NC_037290.2	8482325	NC_037298.2	5870811	45.00	6.34e-12	58.5	interchromosomal	NA	NA	NA
XP_002309186.4	XP_002326093.4	NC_037290.2	8482325	NC_037303.2	14801942	43.33	4.04e-11	57.4	interchromosomal	NA	NA	NA
XP_002309186.4	XP_006378014.1	NC_037290.2	8482325	NC_037295.2	19237430	31.58	3.14e-11	57.0	interchromosomal	NA	NA	NA
XP_002309186.4	XP_024466667.1	NC_037290.2	8482325	NC_037285.2	21315533	48.28	3.41e-11	57.4	interchromosomal	NA	NA	NA
XP_002309186.4	XP_002310122.1	NC_037290.2	8482325	NC_037291.2	4339587	35.37	3.98e-11	55.8	interchromosomal	NA	NA	NA
XP_002309186.4	XP_002319959.2	NC_037290.2	8482325	NC_037297.2	14908280	43.33	7.80e-11	56.6	interchromosomal	NA	NA	NA
XP_002309186.4	XP_024456867.1	NC_037290.2	8482325	NC_037289.2	5877537	31.34	1.69e-12	58.2	interchromosomal	NA	NA	NA
XP_002309186.4	XP_002324328.1	NC_037290.2	8482325	NC_037302.2	1335139	38.23	2.55e-11	55.8	interchromosomal	NA	NA	NA
XP_002309186.4	XP_006382109.3	NC_037290.2	8482325	NC_037290.2	26029137	43.48	6.59e-11	56.2	intrachromosomal_distant	NA	NA	NA
XP_002309186.4	XP_024461002.1	NC_037290.2	8482325	NC_037291.2	10436238	29.38	2.27e-11	54.7	interchromosomal	NA	NA	NA
XP_006381519.2	XP_024443283.1	NC_037290.2	10930631	NC_037300.2	6485177	81.97	0.00e+00	787.0	interchromosomal	NA	NA	NA
XP_006381519.2	XP_024444415.2	NC_037290.2	10930631	NC_037301.2	10127356	36.80	2.14e-85	266.0	interchromosomal	NA	NA	NA
XP_006381519.2	XP_024454278.1	NC_037290.2	10930631	NC_037288.2	11508039	40.34	3.72e-79	250.0	interchromosomal	NA	NA	NA
XP_006381519.2	XP_024438829.2	NC_037290.2	10930631	NC_037297.2	7868485	46.85	7.42e-75	242.0	interchromosomal	NA	NA	NA
XP_006381519.2	XP_024437369.2	NC_037290.2	10930631	NC_037295.2	11223426	46.99	1.09e-72	233.0	interchromosomal	NA	NA	NA
XP_006381519.2	XP_024458700.1	NC_037290.2	10930631	NC_037290.2	8094569	47.92	2.02e-70	227.0	intrachromosomal_distant	NA	NA	NA
XP_006381519.2	XP_024460429.2	NC_037290.2	10930631	NC_037290.2	19088117	39.16	1.38e-46	162.0	intrachromosomal_distant	NA	NA	NA
XP_006381519.2	XP_024446053.1	NC_037290.2	10930631	NC_037302.2	12567397	37.50	7.57e-46	160.0	interchromosomal	NA	NA	NA
XP_006381519.2	XP_024446284.2	NC_037290.2	10930631	NC_037302.2	1292205	31.23	1.24e-44	155.0	interchromosomal	NA	NA	NA
XP_006381519.2	XP_006382109.3	NC_037290.2	10930631	NC_037290.2	26029137	32.87	1.67e-42	150.0	intrachromosomal_distant	NA	NA	NA
XP_006381519.2	XP_052308647.1	NC_037290.2	10930631	NC_037289.2	5998576	56.76	6.81e-29	106.0	interchromosomal	NA	NA	NA
XP_006381519.2	XP_024436877.2	NC_037290.2	10930631	NC_037295.2	8531133	59.21	2.37e-28	107.0	interchromosomal	NA	NA	NA
XP_006381519.2	XP_024466901.1	NC_037290.2	10930631	NC_037294.2	16611764	52.87	4.46e-27	103.0	interchromosomal	NA	NA	NA
XP_006381519.2	XP_024440069.1	NC_037290.2	10930631	NC_037298.2	7538137	39.71	2.54e-26	104.0	interchromosomal	NA	NA	NA
XP_006381519.2	XP_024461002.1	NC_037290.2	10930631	NC_037291.2	10436238	35.98	4.30e-26	97.1	interchromosomal	NA	NA	NA
XP_006381519.2	XP_006389578.1	NC_037290.2	10930631	NC_037295.2	587221	45.37	1.33e-25	103.0	interchromosomal	NA	NA	NA
XP_006381519.2	XP_024455846.2	NC_037290.2	10930631	NC_037288.2	463543	44.86	1.39e-25	103.0	interchromosomal	NA	NA	NA
XP_006381519.2	XP_024456867.1	NC_037290.2	10930631	NC_037289.2	5877537	42.34	1.74e-24	93.2	interchromosomal	NA	NA	NA
XP_006381519.2	XP_052303325.1	NC_037290.2	10930631	NC_037299.2	8984460	50.00	8.05e-25	100.0	interchromosomal	NA	NA	NA
XP_006381519.2	XP_024450700.1	NC_037290.2	10930631	NC_037286.2	21787634	46.51	9.96e-23	94.4	interchromosomal	NA	NA	NA
XP_006381519.2	XP_024466667.1	NC_037290.2	10930631	NC_037285.2	21315533	53.66	3.55e-24	98.2	interchromosomal	NA	NA	NA
XP_006381519.2	XP_024441317.1	NC_037290.2	10930631	NC_037298.2	1460990	45.92	8.95e-23	92.0	interchromosomal	NA	NA	NA
XP_006381519.2	XP_006383530.2	NC_037290.2	10930631	NC_037289.2	11313285	48.81	2.28e-22	90.9	interchromosomal	NA	NA	NA
XP_006381519.2	XP_006386616.2	NC_037290.2	10930631	NC_037286.2	12590323	42.73	1.54e-21	88.2	interchromosomal	NA	NA	NA
XP_006381519.2	XP_024452726.1	NC_037290.2	10930631	NC_037287.2	13432844	44.23	7.22e-21	85.9	interchromosomal	NA	NA	NA
XP_006381519.2	XP_006382812.1	NC_037290.2	10930631	NC_037289.2	3486578	39.47	8.20e-21	86.7	interchromosomal	NA	NA	NA
XP_006381519.2	XP_052301100.1	NC_037290.2	10930631	NC_037295.2	18333481	53.73	1.71e-19	83.6	interchromosomal	NA	NA	NA
XP_006381519.2	XP_024458563.1	NC_037290.2	10930631	NC_037285.2	48605799	53.73	4.70e-19	82.0	interchromosomal	NA	NA	NA
XP_006381519.2	XP_052303237.1	NC_037290.2	10930631	NC_037298.2	8049826	45.12	5.08e-17	73.9	interchromosomal	NA	NA	NA
XP_006381519.2	XP_052305286.1	NC_037290.2	10930631	NC_037303.2	9848168	51.56	6.63e-17	74.7	interchromosomal	NA	NA	NA
XP_006381519.2	XP_024439297.1	NC_037290.2	10930631	NC_037297.2	9163560	48.61	3.46e-16	72.8	interchromosomal	NA	NA	NA
XP_006381519.2	XP_024452203.2	NC_037290.2	10930631	NC_037287.2	21584780	41.46	4.57e-12	56.2	interchromosomal	NA	NA	NA
XP_024460429.2	XP_024466667.1	NC_037290.2	19088117	NC_037285.2	21315533	33.71	1.75e-21	90.5	interchromosomal	NA	NA	NA
XP_024460429.2	XP_052303325.1	NC_037290.2	19088117	NC_037299.2	8984460	47.50	2.49e-21	90.5	interchromosomal	NA	NA	NA
XP_024460429.2	XP_052308647.1	NC_037290.2	19088117	NC_037289.2	5998576	48.57	9.36e-21	84.3	interchromosomal	NA	NA	NA
XP_024460429.2	XP_024461002.1	NC_037290.2	19088117	NC_037291.2	10436238	50.00	5.95e-20	80.9	interchromosomal	NA	NA	NA
XP_024460429.2	XP_024466901.1	NC_037290.2	19088117	NC_037294.2	16611764	46.58	2.69e-19	81.3	interchromosomal	NA	NA	NA
XP_024460429.2	XP_052301100.1	NC_037290.2	19088117	NC_037295.2	18333481	38.18	1.64e-17	77.8	interchromosomal	NA	NA	NA
XP_024460429.2	XP_052303237.1	NC_037290.2	19088117	NC_037298.2	8049826	39.13	5.49e-16	70.9	interchromosomal	NA	NA	NA
XP_024460429.2	XP_052305286.1	NC_037290.2	19088117	NC_037303.2	9848168	42.10	5.26e-12	60.1	interchromosomal	NA	NA	NA
XP_002308538.1	XP_024461002.1	NC_037290.2	22894958	NC_037291.2	10436238	50.73	8.44e-43	134.0	interchromosomal	NA	NA	NA
XP_002308538.1	XP_024456867.1	NC_037290.2	22894958	NC_037289.2	5877537	44.51	3.30e-39	126.0	interchromosomal	NA	NA	NA
XP_002308538.1	XP_002312318.2	NC_037290.2	22894958	NC_037292.2	6517252	65.43	1.82e-33	114.0	interchromosomal	NA	NA	NA
XP_002308538.1	XP_002310044.1	NC_037290.2	22894958	NC_037291.2	10243688	53.12	1.32e-32	109.0	interchromosomal	NA	NA	NA
XP_002308538.1	XP_002320967.3	NC_037290.2	22894958	NC_037298.2	7968052	62.02	3.08e-32	110.0	interchromosomal	NA	NA	NA
XP_002308538.1	XP_052308647.1	NC_037290.2	22894958	NC_037289.2	5998576	61.84	4.71e-32	108.0	interchromosomal	NA	NA	NA
XP_002308538.1	XP_002318747.1	NC_037290.2	22894958	NC_037296.2	12395944	55.17	1.22e-31	105.0	interchromosomal	NA	NA	NA
XP_002308538.1	XP_006368868.2	NC_037290.2	22894958	NC_037285.2	4486450	58.97	1.42e-31	105.0	interchromosomal	NA	NA	NA
XP_002308538.1	XP_002314962.2	NC_037290.2	22894958	NC_037294.2	15857170	62.34	2.06e-31	109.0	interchromosomal	NA	NA	NA
XP_002308538.1	XP_006375168.1	NC_037290.2	22894958	NC_037298.2	3234387	61.84	3.73e-31	105.0	interchromosomal	NA	NA	NA
XP_002308538.1	XP_024436877.2	NC_037290.2	22894958	NC_037295.2	8531133	61.04	5.89e-31	107.0	interchromosomal	NA	NA	NA
XP_002308538.1	XP_006375555.1	NC_037290.2	22894958	NC_037298.2	11864534	64.29	7.35e-31	109.0	interchromosomal	NA	NA	NA
XP_002308538.1	XP_002311329.2	NC_037290.2	22894958	NC_037292.2	5865817	52.00	8.50e-31	106.0	interchromosomal	NA	NA	NA
XP_002308538.1	XP_024437369.2	NC_037290.2	22894958	NC_037295.2	11223426	62.86	9.68e-31	109.0	interchromosomal	NA	NA	NA
XP_002308538.1	XP_024466901.1	NC_037290.2	22894958	NC_037294.2	16611764	60.00	1.17e-30	106.0	interchromosomal	NA	NA	NA
XP_002308538.1	XP_006369893.1	NC_037290.2	22894958	NC_037285.2	36641635	67.14	1.31e-30	106.0	interchromosomal	NA	NA	NA
XP_002308538.1	XP_002319959.2	NC_037290.2	22894958	NC_037297.2	14908280	64.29	1.61e-30	108.0	interchromosomal	NA	NA	NA
XP_002308538.1	XP_002326093.4	NC_037290.2	22894958	NC_037303.2	14801942	58.33	1.84e-30	108.0	interchromosomal	NA	NA	NA
XP_002308538.1	XP_002320160.2	NC_037290.2	22894958	NC_037298.2	5891006	44.44	1.90e-30	102.0	interchromosomal	NA	NA	NA
XP_002308538.1	XP_006373216.1	NC_037290.2	22894958	NC_037301.2	5566257	59.72	1.73e-30	103.0	interchromosomal	NA	NA	NA
XP_002308538.1	XP_002322274.1	NC_037290.2	22894958	NC_037299.2	11932322	54.12	4.42e-30	101.0	interchromosomal	NA	NA	NA
XP_002308538.1	XP_002323637.2	NC_037290.2	22894958	NC_037300.2	13149873	62.86	2.02e-29	107.0	interchromosomal	NA	NA	NA
XP_002308538.1	XP_024458700.1	NC_037290.2	22894958	NC_037290.2	8094569	57.50	2.90e-29	105.0	intrachromosomal_distant	NA	NA	NA
XP_002308538.1	XP_006378014.1	NC_037290.2	22894958	NC_037295.2	19237430	50.00	6.24e-29	104.0	interchromosomal	NA	NA	NA
XP_002308538.1	XP_024438829.2	NC_037290.2	22894958	NC_037297.2	7868485	59.16	2.06e-28	103.0	interchromosomal	NA	NA	NA
XP_002308538.1	XP_024454278.1	NC_037290.2	22894958	NC_037288.2	11508039	57.14	2.48e-28	102.0	interchromosomal	NA	NA	NA
XP_002308538.1	XP_002315024.1	NC_037290.2	22894958	NC_037294.2	16783136	58.57	3.24e-28	102.0	interchromosomal	NA	NA	NA
XP_002308538.1	XP_024444415.2	NC_037290.2	22894958	NC_037301.2	10127356	52.63	4.59e-28	102.0	interchromosomal	NA	NA	NA
XP_002308538.1	XP_002312267.1	NC_037290.2	22894958	NC_037292.2	5739919	58.57	1.02e-27	102.0	interchromosomal	NA	NA	NA
XP_002308538.1	XP_006381519.2	NC_037290.2	22894958	NC_037290.2	10930631	51.16	2.90e-25	93.6	intrachromosomal_distant	NA	NA	NA
XP_002308538.1	XP_024443283.1	NC_037290.2	22894958	NC_037300.2	6485177	53.52	1.39e-24	91.7	interchromosomal	NA	NA	NA
XP_002308538.1	XP_024455846.2	NC_037290.2	22894958	NC_037288.2	463543	48.78	1.52e-24	92.0	interchromosomal	NA	NA	NA
XP_002308538.1	XP_024460429.2	NC_037290.2	22894958	NC_037290.2	19088117	43.00	4.80e-24	90.5	intrachromosomal_distant	NA	NA	NA
XP_002308538.1	XP_006389578.1	NC_037290.2	22894958	NC_037295.2	587221	48.78	4.96e-24	90.5	interchromosomal	NA	NA	NA
XP_002308538.1	XP_002323839.4	NC_037290.2	22894958	NC_037301.2	8849889	46.51	1.09e-23	89.4	interchromosomal	NA	NA	NA
XP_002308538.1	XP_002309066.3	NC_037290.2	22894958	NC_037290.2	6547400	56.45	1.25e-23	87.8	intrachromosomal_distant	NA	NA	NA
XP_002308538.1	XP_024446053.1	NC_037290.2	22894958	NC_037302.2	12567397	43.48	1.28e-23	89.4	interchromosomal	NA	NA	NA
XP_002308538.1	XP_052303325.1	NC_037290.2	22894958	NC_037299.2	8984460	39.60	3.64e-23	88.2	interchromosomal	NA	NA	NA
XP_002308538.1	XP_024466667.1	NC_037290.2	22894958	NC_037285.2	21315533	44.56	3.85e-23	87.8	interchromosomal	NA	NA	NA
XP_002308538.1	XP_006368511.1	NC_037290.2	22894958	NC_037285.2	3207145	44.21	1.99e-22	84.7	interchromosomal	NA	NA	NA
XP_002308538.1	XP_006371762.1	NC_037290.2	22894958	NC_037302.2	1349083	33.54	3.32e-22	84.0	interchromosomal	NA	NA	NA
XP_002308538.1	XP_024440069.1	NC_037290.2	22894958	NC_037298.2	7538137	50.69	3.28e-23	89.4	interchromosomal	NA	NA	NA
XP_002308538.1	XP_006383530.2	NC_037290.2	22894958	NC_037289.2	11313285	42.16	1.52e-21	82.4	interchromosomal	NA	NA	NA
XP_002308538.1	XP_002321134.3	NC_037290.2	22894958	NC_037298.2	10916137	42.27	2.46e-21	82.8	interchromosomal	NA	NA	NA
XP_002308538.1	XP_002310122.1	NC_037290.2	22894958	NC_037291.2	4339587	43.16	2.57e-21	81.6	interchromosomal	NA	NA	NA
XP_002308538.1	XP_002323509.1	NC_037290.2	22894958	NC_037300.2	10100937	55.93	2.13e-21	82.4	interchromosomal	NA	NA	NA
XP_002308538.1	XP_002324382.1	NC_037290.2	22894958	NC_037302.2	615270	57.38	2.22e-20	80.1	interchromosomal	NA	NA	NA
XP_002308538.1	XP_024441317.1	NC_037290.2	22894958	NC_037298.2	1460990	52.11	2.72e-20	80.1	interchromosomal	NA	NA	NA
XP_002308538.1	XP_024450700.1	NC_037290.2	22894958	NC_037286.2	21787634	50.69	2.17e-20	80.1	interchromosomal	NA	NA	NA
XP_002308538.1	XP_002308704.1	NC_037290.2	22894958	NC_037290.2	25986082	46.88	3.80e-20	79.3	intrachromosomal_distant	NA	NA	NA
XP_002308538.1	XP_002325248.3	NC_037290.2	22894958	NC_037302.2	14435429	52.11	2.90e-20	78.6	interchromosomal	NA	NA	NA
XP_002308538.1	XP_006372370.1	NC_037290.2	22894958	NC_037301.2	14784916	45.57	3.22e-20	79.3	interchromosomal	NA	NA	NA
XP_002308538.1	XP_002308998.1	NC_037290.2	22894958	NC_037290.2	5266321	44.79	8.11e-20	77.4	intrachromosomal_distant	NA	NA	NA
XP_002308538.1	XP_002319082.4	NC_037290.2	22894958	NC_037297.2	2936940	55.74	2.16e-19	77.4	interchromosomal	NA	NA	NA
XP_002308538.1	XP_024446284.2	NC_037290.2	22894958	NC_037302.2	1292205	44.90	2.14e-19	77.0	interchromosomal	NA	NA	NA
XP_002308538.1	XP_006382812.1	NC_037290.2	22894958	NC_037289.2	3486578	43.33	3.05e-19	76.3	interchromosomal	NA	NA	NA
XP_002308538.1	XP_002324328.1	NC_037290.2	22894958	NC_037302.2	1335139	49.18	2.99e-19	75.9	interchromosomal	NA	NA	NA
XP_002308538.1	XP_024452726.1	NC_037290.2	22894958	NC_037287.2	13432844	43.33	1.39e-18	73.9	interchromosomal	NA	NA	NA
XP_002308538.1	XP_052301100.1	NC_037290.2	22894958	NC_037295.2	18333481	44.19	1.66e-18	74.7	interchromosomal	NA	NA	NA
XP_002308538.1	XP_006386616.2	NC_037290.2	22894958	NC_037286.2	12590323	39.42	1.28e-17	71.6	interchromosomal	NA	NA	NA
XP_002308538.1	XP_002317397.1	NC_037290.2	22894958	NC_037295.2	6182166	37.27	1.66e-17	70.5	interchromosomal	NA	NA	NA
XP_002308538.1	XP_024458563.1	NC_037290.2	22894958	NC_037285.2	48605799	40.70	2.55e-17	71.2	interchromosomal	NA	NA	NA
XP_002308538.1	XP_006382109.3	NC_037290.2	22894958	NC_037290.2	26029137	40.20	2.77e-17	71.2	intrachromosomal_distant	NA	NA	NA
XP_002308538.1	XP_002309186.4	NC_037290.2	22894958	NC_037290.2	8482325	33.87	3.50e-17	70.5	intrachromosomal_distant	NA	NA	NA
XP_002308538.1	XP_006375351.1	NC_037290.2	22894958	NC_037298.2	5870811	51.67	8.17e-17	70.5	interchromosomal	NA	NA	NA
XP_002308538.1	XP_006368768.2	NC_037290.2	22894958	NC_037285.2	7882247	41.03	1.08e-16	68.9	interchromosomal	NA	NA	NA
XP_002308538.1	XP_002318373.2	NC_037290.2	22894958	NC_037296.2	911247	48.33	2.12e-15	66.6	interchromosomal	NA	NA	NA
XP_002308538.1	XP_052303237.1	NC_037290.2	22894958	NC_037298.2	8049826	54.39	1.16e-15	65.5	interchromosomal	NA	NA	NA
XP_002308538.1	XP_052305286.1	NC_037290.2	22894958	NC_037303.2	9848168	47.46	8.16e-14	62.0	interchromosomal	NA	NA	NA
XP_002308538.1	XP_006368530.1	NC_037290.2	22894958	NC_037285.2	159614	35.00	8.63e-14	58.2	interchromosomal	NA	NA	NA
XP_002308538.1	XP_002320852.4	NC_037290.2	22894958	NC_037298.2	6296630	37.62	1.03e-13	60.5	interchromosomal	NA	NA	NA
XP_002308538.1	XP_024452203.2	NC_037290.2	22894958	NC_037287.2	21584780	34.94	1.11e-13	57.8	interchromosomal	NA	NA	NA
XP_002308538.1	XP_002319879.4	NC_037290.2	22894958	NC_037297.2	9153347	45.00	2.64e-13	59.3	interchromosomal	NA	NA	NA
XP_002308538.1	XP_024439297.1	NC_037290.2	22894958	NC_037297.2	9163560	45.76	2.54e-12	56.6	interchromosomal	NA	NA	NA
XP_002308538.1	XP_002323675.2	NC_037290.2	22894958	NC_037300.2	14139186	41.18	9.07e-14	61.6	interchromosomal	NA	NA	NA
XP_002308704.1	XP_006371762.1	NC_037290.2	25986082	NC_037302.2	1349083	78.82	0.00e+00	498.0	interchromosomal	NA	NA	NA
XP_002308704.1	XP_006368511.1	NC_037290.2	25986082	NC_037285.2	3207145	54.52	6.63e-105	303.0	interchromosomal	NA	NA	NA
XP_002308704.1	XP_002324328.1	NC_037290.2	25986082	NC_037302.2	1335139	35.90	1.99e-44	146.0	interchromosomal	NA	NA	NA
XP_002308704.1	XP_002321134.3	NC_037290.2	25986082	NC_037298.2	10916137	28.41	9.74e-30	112.0	interchromosomal	NA	NA	NA
XP_002308704.1	XP_024440069.1	NC_037290.2	25986082	NC_037298.2	7538137	28.30	1.21e-28	108.0	interchromosomal	NA	NA	NA
XP_002308704.1	XP_002323839.4	NC_037290.2	25986082	NC_037301.2	8849889	61.67	1.14e-25	100.0	interchromosomal	NA	NA	NA
XP_002308704.1	XP_024450700.1	NC_037290.2	25986082	NC_037286.2	21787634	30.61	1.19e-25	100.0	interchromosomal	NA	NA	NA
XP_002308704.1	XP_052303325.1	NC_037290.2	25986082	NC_037299.2	8984460	63.33	2.68e-25	100.0	interchromosomal	NA	NA	NA
XP_002308704.1	XP_024466667.1	NC_037290.2	25986082	NC_037285.2	21315533	58.33	1.40e-24	96.7	interchromosomal	NA	NA	NA
XP_002308704.1	XP_024455846.2	NC_037290.2	25986082	NC_037288.2	463543	43.68	2.02e-24	96.7	interchromosomal	NA	NA	NA
XP_002308704.1	XP_006389578.1	NC_037290.2	25986082	NC_037295.2	587221	49.33	3.36e-24	95.9	interchromosomal	NA	NA	NA
XP_002308704.1	XP_006375555.1	NC_037290.2	25986082	NC_037298.2	11864534	51.67	2.62e-22	90.1	interchromosomal	NA	NA	NA
XP_002308704.1	XP_002319082.4	NC_037290.2	25986082	NC_037297.2	2936940	43.00	3.74e-22	88.6	interchromosomal	NA	NA	NA
XP_002308704.1	XP_006383530.2	NC_037290.2	25986082	NC_037289.2	11313285	40.34	4.29e-22	88.2	interchromosomal	NA	NA	NA
XP_002308704.1	XP_024437369.2	NC_037290.2	25986082	NC_037295.2	11223426	55.00	4.87e-22	89.4	interchromosomal	NA	NA	NA
XP_002308704.1	XP_002310122.1	NC_037290.2	25986082	NC_037291.2	4339587	39.50	1.61e-21	86.3	interchromosomal	NA	NA	NA
XP_002308704.1	XP_002320967.3	NC_037290.2	25986082	NC_037298.2	7968052	47.44	2.68e-21	85.5	interchromosomal	NA	NA	NA
XP_002308704.1	XP_002314962.2	NC_037290.2	25986082	NC_037294.2	15857170	48.10	3.87e-21	85.9	interchromosomal	NA	NA	NA
XP_002308704.1	XP_024441317.1	NC_037290.2	25986082	NC_037298.2	1460990	37.81	5.32e-21	85.1	interchromosomal	NA	NA	NA
XP_002308704.1	XP_002312318.2	NC_037290.2	25986082	NC_037292.2	6517252	55.93	1.02e-20	84.7	interchromosomal	NA	NA	NA
XP_002308704.1	XP_002319959.2	NC_037290.2	25986082	NC_037297.2	14908280	51.67	1.07e-20	85.5	interchromosomal	NA	NA	NA
XP_002308704.1	XP_024436877.2	NC_037290.2	25986082	NC_037295.2	8531133	54.24	1.24e-20	83.6	interchromosomal	NA	NA	NA
XP_002308704.1	XP_024458700.1	NC_037290.2	25986082	NC_037290.2	8094569	43.62	1.38e-20	85.1	intrachromosomal_distant	NA	NA	NA
XP_002308704.1	XP_006382812.1	NC_037290.2	25986082	NC_037289.2	3486578	40.00	1.54e-20	84.0	interchromosomal	NA	NA	NA
XP_002308704.1	XP_024452726.1	NC_037290.2	25986082	NC_037287.2	13432844	38.66	1.75e-20	83.2	interchromosomal	NA	NA	NA
XP_002308704.1	XP_002310044.1	NC_037290.2	25986082	NC_037291.2	10243688	34.38	2.00e-20	81.6	interchromosomal	NA	NA	NA
XP_002308704.1	XP_002320160.2	NC_037290.2	25986082	NC_037298.2	5891006	42.10	2.23e-20	80.5	interchromosomal	NA	NA	NA
XP_002308704.1	XP_002324382.1	NC_037290.2	25986082	NC_037302.2	615270	34.40	2.28e-20	83.2	interchromosomal	NA	NA	NA
XP_002308704.1	XP_002325248.3	NC_037290.2	25986082	NC_037302.2	14435429	39.53	2.42e-20	82.8	interchromosomal	NA	NA	NA
XP_002308704.1	XP_002315024.1	NC_037290.2	25986082	NC_037294.2	16783136	53.33	2.55e-20	84.0	interchromosomal	NA	NA	NA
XP_002308704.1	XP_024444415.2	NC_037290.2	25986082	NC_037301.2	10127356	55.00	2.90e-20	84.0	interchromosomal	NA	NA	NA
XP_002308704.1	XP_002312267.1	NC_037290.2	25986082	NC_037292.2	5739919	51.67	3.08e-20	84.0	interchromosomal	NA	NA	NA
XP_002308704.1	XP_002326093.4	NC_037290.2	25986082	NC_037303.2	14801942	50.00	3.42e-20	84.0	interchromosomal	NA	NA	NA
XP_002308704.1	XP_024454278.1	NC_037290.2	25986082	NC_037288.2	11508039	53.33	3.52e-20	84.0	interchromosomal	NA	NA	NA
XP_002308704.1	XP_006369893.1	NC_037290.2	25986082	NC_037285.2	36641635	52.54	4.25e-20	82.0	interchromosomal	NA	NA	NA
XP_002308704.1	XP_024438829.2	NC_037290.2	25986082	NC_037297.2	7868485	35.53	5.83e-20	83.6	interchromosomal	NA	NA	NA
XP_002308704.1	XP_024466901.1	NC_037290.2	25986082	NC_037294.2	16611764	50.85	1.01e-19	80.9	interchromosomal	NA	NA	NA
XP_002308704.1	XP_002323637.2	NC_037290.2	25986082	NC_037300.2	13149873	50.00	1.07e-19	82.4	interchromosomal	NA	NA	NA
XP_002308704.1	XP_002311329.2	NC_037290.2	25986082	NC_037292.2	5865817	42.67	1.16e-19	80.5	interchromosomal	NA	NA	NA
XP_002308704.1	XP_006375168.1	NC_037290.2	25986082	NC_037298.2	3234387	38.32	1.56e-19	79.0	interchromosomal	NA	NA	NA
XP_002308704.1	XP_052308647.1	NC_037290.2	25986082	NC_037289.2	5998576	44.87	2.73e-19	78.6	interchromosomal	NA	NA	NA
XP_002308704.1	XP_002308998.1	NC_037290.2	25986082	NC_037290.2	5266321	38.95	3.48e-19	79.3	intrachromosomal_distant	NA	NA	NA
XP_002308704.1	XP_024443283.1	NC_037290.2	25986082	NC_037300.2	6485177	45.45	3.74e-19	80.5	interchromosomal	NA	NA	NA
XP_002308704.1	XP_006381519.2	NC_037290.2	25986082	NC_037290.2	10930631	39.53	8.29e-19	79.7	intrachromosomal_distant	NA	NA	NA
XP_002308704.1	XP_006378014.1	NC_037290.2	25986082	NC_037295.2	19237430	50.00	1.06e-18	79.7	interchromosomal	NA	NA	NA
XP_002308704.1	XP_006368868.2	NC_037290.2	25986082	NC_037285.2	4486450	48.33	1.18e-18	75.1	interchromosomal	NA	NA	NA
XP_002308704.1	XP_006373216.1	NC_037290.2	25986082	NC_037301.2	5566257	46.67	1.59e-18	75.5	interchromosomal	NA	NA	NA
XP_002308704.1	XP_024446053.1	NC_037290.2	25986082	NC_037302.2	12567397	36.73	2.03e-18	78.6	interchromosomal	NA	NA	NA
XP_002308704.1	XP_002322274.1	NC_037290.2	25986082	NC_037299.2	11932322	48.33	2.98e-18	74.3	interchromosomal	NA	NA	NA
XP_002308704.1	XP_002309066.3	NC_037290.2	25986082	NC_037290.2	6547400	47.62	7.85e-18	75.5	intrachromosomal_distant	NA	NA	NA
XP_002308704.1	XP_024460429.2	NC_037290.2	25986082	NC_037290.2	19088117	41.43	8.55e-18	76.6	intrachromosomal_distant	NA	NA	NA
XP_002308704.1	XP_002317397.1	NC_037290.2	25986082	NC_037295.2	6182166	49.12	1.17e-17	74.3	interchromosomal	NA	NA	NA
XP_002308704.1	XP_024456867.1	NC_037290.2	25986082	NC_037289.2	5877537	46.77	6.06e-18	73.6	interchromosomal	NA	NA	NA
XP_002308704.1	XP_002323509.1	NC_037290.2	25986082	NC_037300.2	10100937	50.79	1.54e-17	74.7	interchromosomal	NA	NA	NA
XP_002308704.1	XP_052301100.1	NC_037290.2	25986082	NC_037295.2	18333481	42.10	3.54e-17	74.7	interchromosomal	NA	NA	NA
XP_002308704.1	XP_002318747.1	NC_037290.2	25986082	NC_037296.2	12395944	46.67	5.73e-17	70.9	interchromosomal	NA	NA	NA
XP_002308704.1	XP_024458563.1	NC_037290.2	25986082	NC_037285.2	48605799	42.10	8.03e-17	73.6	interchromosomal	NA	NA	NA
XP_002308704.1	XP_006368768.2	NC_037290.2	25986082	NC_037285.2	7882247	46.55	1.24e-16	72.4	interchromosomal	NA	NA	NA
XP_002308704.1	XP_024461002.1	NC_037290.2	25986082	NC_037291.2	10436238	43.55	2.74e-16	69.3	interchromosomal	NA	NA	NA
XP_002308704.1	XP_006386616.2	NC_037290.2	25986082	NC_037286.2	12590323	35.64	4.69e-15	67.8	interchromosomal	NA	NA	NA
XP_002308704.1	XP_006375351.1	NC_037290.2	25986082	NC_037298.2	5870811	36.36	8.37e-15	67.0	interchromosomal	NA	NA	NA
XP_002308704.1	XP_006372370.1	NC_037290.2	25986082	NC_037301.2	14784916	30.85	1.13e-14	67.0	interchromosomal	NA	NA	NA
XP_002308704.1	XP_052303237.1	NC_037290.2	25986082	NC_037298.2	8049826	43.10	1.43e-14	65.5	interchromosomal	NA	NA	NA
XP_002308704.1	XP_024446284.2	NC_037290.2	25986082	NC_037302.2	1292205	45.61	2.19e-14	66.2	interchromosomal	NA	NA	NA
XP_002308704.1	XP_024452203.2	NC_037290.2	25986082	NC_037287.2	21584780	38.38	2.61e-13	59.3	interchromosomal	NA	NA	NA
XP_002308704.1	XP_002309186.4	NC_037290.2	25986082	NC_037290.2	8482325	34.34	6.07e-13	61.2	intrachromosomal_distant	NA	NA	NA
XP_002308704.1	XP_052305286.1	NC_037290.2	25986082	NC_037303.2	9848168	41.54	1.06e-12	60.8	interchromosomal	NA	NA	NA
XP_002308704.1	XP_002318373.2	NC_037290.2	25986082	NC_037296.2	911247	43.86	1.21e-12	60.5	interchromosomal	NA	NA	NA
XP_002308704.1	XP_002319879.4	NC_037290.2	25986082	NC_037297.2	9153347	29.69	2.23e-12	59.7	interchromosomal	NA	NA	NA
XP_002308704.1	XP_002320852.4	NC_037290.2	25986082	NC_037298.2	6296630	45.76	1.08e-11	57.8	interchromosomal	NA	NA	NA
XP_002308704.1	XP_024439297.1	NC_037290.2	25986082	NC_037297.2	9163560	33.00	1.12e-11	57.8	interchromosomal	NA	NA	NA
XP_002308704.1	XP_002323675.2	NC_037290.2	25986082	NC_037300.2	14139186	35.56	2.14e-12	59.7	interchromosomal	NA	NA	NA
XP_002308704.1	XP_006368530.1	NC_037290.2	25986082	NC_037285.2	159614	43.55	1.47e-12	56.2	interchromosomal	NA	NA	NA
XP_006382109.3	XP_024446284.2	NC_037290.2	26029137	NC_037302.2	1292205	74.89	0.00e+00	671.0	interchromosomal	NA	NA	NA
XP_006382109.3	XP_024446053.1	NC_037290.2	26029137	NC_037302.2	12567397	40.05	3.94e-71	228.0	interchromosomal	NA	NA	NA
XP_006382109.3	XP_024460429.2	NC_037290.2	26029137	NC_037290.2	19088117	39.73	7.48e-67	217.0	intrachromosomal_distant	NA	NA	NA
XP_006382109.3	XP_024444415.2	NC_037290.2	26029137	NC_037301.2	10127356	38.29	1.18e-51	176.0	interchromosomal	NA	NA	NA
XP_006382109.3	XP_024454278.1	NC_037290.2	26029137	NC_037288.2	11508039	36.88	4.87e-50	172.0	interchromosomal	NA	NA	NA
XP_006382109.3	XP_024458700.1	NC_037290.2	26029137	NC_037290.2	8094569	37.97	8.13e-44	155.0	intrachromosomal_distant	NA	NA	NA
XP_006382109.3	XP_024438829.2	NC_037290.2	26029137	NC_037297.2	7868485	30.90	2.46e-43	155.0	interchromosomal	NA	NA	NA
XP_006382109.3	XP_024437369.2	NC_037290.2	26029137	NC_037295.2	11223426	31.99	1.41e-41	149.0	interchromosomal	NA	NA	NA
XP_006382109.3	XP_024443283.1	NC_037290.2	26029137	NC_037300.2	6485177	35.59	1.25e-41	147.0	interchromosomal	NA	NA	NA
XP_006382109.3	XP_024436877.2	NC_037290.2	26029137	NC_037295.2	8531133	40.20	4.10e-20	83.2	interchromosomal	NA	NA	NA
XP_006382109.3	XP_024466901.1	NC_037290.2	26029137	NC_037294.2	16611764	49.31	4.53e-19	80.5	interchromosomal	NA	NA	NA
XP_006382109.3	XP_052308647.1	NC_037290.2	26029137	NC_037289.2	5998576	42.70	7.35e-19	78.6	interchromosomal	NA	NA	NA
XP_006382109.3	XP_024450700.1	NC_037290.2	26029137	NC_037286.2	21787634	48.05	1.23e-18	81.3	interchromosomal	NA	NA	NA
XP_006382109.3	XP_052303325.1	NC_037290.2	26029137	NC_037299.2	8984460	48.05	3.61e-18	80.1	interchromosomal	NA	NA	NA
XP_006382109.3	XP_024441317.1	NC_037290.2	26029137	NC_037298.2	1460990	56.67	2.55e-18	79.0	interchromosomal	NA	NA	NA
XP_006382109.3	XP_024466667.1	NC_037290.2	26029137	NC_037285.2	21315533	41.86	1.41e-17	77.8	interchromosomal	NA	NA	NA
XP_006382109.3	XP_006383530.2	NC_037290.2	26029137	NC_037289.2	11313285	55.93	1.43e-17	76.6	interchromosomal	NA	NA	NA
XP_006382109.3	XP_024455846.2	NC_037290.2	26029137	NC_037288.2	463543	35.40	1.61e-17	77.8	interchromosomal	NA	NA	NA
XP_006382109.3	XP_024440069.1	NC_037290.2	26029137	NC_037298.2	7538137	56.67	1.72e-17	77.4	interchromosomal	NA	NA	NA
XP_006382109.3	XP_006389578.1	NC_037290.2	26029137	NC_037295.2	587221	56.67	3.10e-17	77.0	interchromosomal	NA	NA	NA
XP_006382109.3	XP_024452726.1	NC_037290.2	26029137	NC_037287.2	13432844	53.45	6.16e-17	74.3	interchromosomal	NA	NA	NA
XP_006382109.3	XP_006382812.1	NC_037290.2	26029137	NC_037289.2	3486578	56.14	2.85e-16	72.8	interchromosomal	NA	NA	NA
XP_006382109.3	XP_006386616.2	NC_037290.2	26029137	NC_037286.2	12590323	32.22	1.34e-15	70.5	interchromosomal	NA	NA	NA
XP_006382109.3	XP_052303237.1	NC_037290.2	26029137	NC_037298.2	8049826	46.97	3.30e-15	68.2	interchromosomal	NA	NA	NA
XP_006382109.3	XP_052301100.1	NC_037290.2	26029137	NC_037295.2	18333481	48.48	1.28e-14	68.6	interchromosomal	NA	NA	NA
XP_006382109.3	XP_024461002.1	NC_037290.2	26029137	NC_037291.2	10436238	27.33	4.95e-15	65.5	interchromosomal	NA	NA	NA
XP_006382109.3	XP_024458563.1	NC_037290.2	26029137	NC_037285.2	48605799	48.48	3.18e-14	67.0	interchromosomal	NA	NA	NA
XP_006382109.3	XP_024456867.1	NC_037290.2	26029137	NC_037289.2	5877537	30.15	1.18e-14	64.7	interchromosomal	NA	NA	NA
XP_006382109.3	XP_052305286.1	NC_037290.2	26029137	NC_037303.2	9848168	47.37	2.23e-13	64.3	interchromosomal	NA	NA	NA
XP_006382109.3	XP_024439297.1	NC_037290.2	26029137	NC_037297.2	9163560	44.44	9.54e-13	62.0	interchromosomal	NA	NA	NA
XP_002310122.1	XP_006383530.2	NC_037291.2	4339587	NC_037289.2	11313285	87.46	0.00e+00	588.0	interchromosomal	NA	NA	NA
XP_002310122.1	XP_024441317.1	NC_037291.2	4339587	NC_037298.2	1460990	57.18	3.13e-127	362.0	interchromosomal	NA	NA	NA
XP_002310122.1	XP_002324382.1	NC_037291.2	4339587	NC_037302.2	615270	44.77	1.04e-84	253.0	interchromosomal	NA	NA	NA
XP_002310122.1	XP_002325248.3	NC_037291.2	4339587	NC_037302.2	14435429	46.83	1.64e-83	248.0	interchromosomal	NA	NA	NA
XP_002310122.1	XP_002319082.4	NC_037291.2	4339587	NC_037297.2	2936940	36.34	7.56e-63	197.0	interchromosomal	NA	NA	NA
XP_002310122.1	XP_006382812.1	NC_037291.2	4339587	NC_037289.2	3486578	56.25	7.15e-61	192.0	interchromosomal	NA	NA	NA
XP_002310122.1	XP_024452726.1	NC_037291.2	4339587	NC_037287.2	13432844	60.90	7.06e-56	177.0	interchromosomal	NA	NA	NA
XP_002310122.1	XP_002317397.1	NC_037291.2	4339587	NC_037295.2	6182166	58.89	6.06e-32	114.0	interchromosomal	NA	NA	NA
XP_002310122.1	XP_052301100.1	NC_037291.2	4339587	NC_037295.2	18333481	57.47	1.97e-30	114.0	interchromosomal	NA	NA	NA
XP_002310122.1	XP_006386616.2	NC_037291.2	4339587	NC_037286.2	12590323	57.73	7.15e-32	115.0	interchromosomal	NA	NA	NA
XP_002310122.1	XP_006375351.1	NC_037291.2	4339587	NC_037298.2	5870811	61.45	8.25e-31	112.0	interchromosomal	NA	NA	NA
XP_002310122.1	XP_024458563.1	NC_037291.2	4339587	NC_037285.2	48605799	57.47	1.58e-29	111.0	interchromosomal	NA	NA	NA
XP_002310122.1	XP_052303237.1	NC_037291.2	4339587	NC_037298.2	8049826	59.77	5.68e-29	105.0	interchromosomal	NA	NA	NA
XP_002310122.1	XP_006372370.1	NC_037291.2	4339587	NC_037301.2	14784916	51.81	2.45e-26	101.0	interchromosomal	NA	NA	NA
XP_002310122.1	XP_006368768.2	NC_037291.2	4339587	NC_037285.2	7882247	53.01	1.35e-26	100.0	interchromosomal	NA	NA	NA
XP_002310122.1	XP_002323637.2	NC_037291.2	4339587	NC_037300.2	13149873	53.41	1.59e-25	100.0	interchromosomal	NA	NA	NA
XP_002310122.1	XP_002319959.2	NC_037291.2	4339587	NC_037297.2	14908280	51.77	5.25e-24	95.5	interchromosomal	NA	NA	NA
XP_002310122.1	XP_024454278.1	NC_037291.2	4339587	NC_037288.2	11508039	59.42	9.78e-24	95.5	interchromosomal	NA	NA	NA
XP_002310122.1	XP_024444415.2	NC_037291.2	4339587	NC_037301.2	10127356	60.87	7.78e-24	95.1	interchromosomal	NA	NA	NA
XP_002310122.1	XP_006378014.1	NC_037291.2	4339587	NC_037295.2	19237430	45.71	1.36e-23	95.5	interchromosomal	NA	NA	NA
XP_002310122.1	XP_024437369.2	NC_037291.2	4339587	NC_037295.2	11223426	50.60	8.19e-24	94.7	interchromosomal	NA	NA	NA
XP_002310122.1	XP_002315024.1	NC_037291.2	4339587	NC_037294.2	16783136	50.59	1.05e-23	94.4	interchromosomal	NA	NA	NA
XP_002310122.1	XP_002326093.4	NC_037291.2	4339587	NC_037303.2	14801942	51.22	2.54e-23	93.6	interchromosomal	NA	NA	NA
XP_002310122.1	XP_024438829.2	NC_037291.2	4339587	NC_037297.2	7868485	46.32	8.68e-24	95.1	interchromosomal	NA	NA	NA
XP_002310122.1	XP_006381519.2	NC_037291.2	4339587	NC_037290.2	10930631	50.00	4.19e-23	92.4	interchromosomal	NA	NA	NA
XP_002310122.1	XP_024443283.1	NC_037291.2	4339587	NC_037300.2	6485177	50.63	1.16e-22	91.3	interchromosomal	NA	NA	NA
XP_002310122.1	XP_024458700.1	NC_037291.2	4339587	NC_037290.2	8094569	50.00	2.21e-22	90.9	interchromosomal	NA	NA	NA
XP_002310122.1	XP_002312267.1	NC_037291.2	4339587	NC_037292.2	5739919	54.17	2.15e-22	90.9	interchromosomal	NA	NA	NA
XP_002310122.1	XP_024446053.1	NC_037291.2	4339587	NC_037302.2	12567397	56.25	2.65e-22	90.5	interchromosomal	NA	NA	NA
XP_002310122.1	XP_006375555.1	NC_037291.2	4339587	NC_037298.2	11864534	58.73	3.76e-22	89.7	interchromosomal	NA	NA	NA
XP_002310122.1	XP_052305286.1	NC_037291.2	4339587	NC_037303.2	9848168	53.95	4.14e-22	89.0	interchromosomal	NA	NA	NA
XP_002310122.1	XP_006371762.1	NC_037291.2	4339587	NC_037302.2	1349083	42.86	1.13e-22	89.7	interchromosomal	NA	NA	NA
XP_002310122.1	XP_024460429.2	NC_037291.2	4339587	NC_037290.2	19088117	54.69	6.42e-22	89.4	interchromosomal	NA	NA	NA
XP_002310122.1	XP_006368511.1	NC_037291.2	4339587	NC_037285.2	3207145	56.67	2.69e-21	85.9	interchromosomal	NA	NA	NA
XP_002310122.1	XP_024466667.1	NC_037291.2	4339587	NC_037285.2	21315533	46.07	1.91e-21	88.6	interchromosomal	NA	NA	NA
XP_002310122.1	XP_052308647.1	NC_037291.2	4339587	NC_037289.2	5998576	44.32	5.97e-21	82.8	interchromosomal	NA	NA	NA
XP_002310122.1	XP_002312318.2	NC_037291.2	4339587	NC_037292.2	6517252	50.00	1.97e-21	87.0	interchromosomal	NA	NA	NA
XP_002310122.1	XP_002321134.3	NC_037291.2	4339587	NC_037298.2	10916137	54.24	2.35e-20	84.7	interchromosomal	NA	NA	NA
XP_002310122.1	XP_024455846.2	NC_037291.2	4339587	NC_037288.2	463543	42.86	3.06e-20	85.1	interchromosomal	NA	NA	NA
XP_002310122.1	XP_006368868.2	NC_037291.2	4339587	NC_037285.2	4486450	38.68	1.29e-20	79.7	interchromosomal	NA	NA	NA
XP_002310122.1	XP_006375168.1	NC_037291.2	4339587	NC_037298.2	3234387	41.05	4.25e-21	83.2	interchromosomal	NA	NA	NA
XP_002310122.1	XP_024440069.1	NC_037291.2	4339587	NC_037298.2	7538137	52.31	2.50e-20	85.1	interchromosomal	NA	NA	NA
XP_002310122.1	XP_006369893.1	NC_037291.2	4339587	NC_037285.2	36641635	36.03	2.69e-22	88.6	interchromosomal	NA	NA	NA
XP_002310122.1	XP_006389578.1	NC_037291.2	4339587	NC_037295.2	587221	54.24	9.23e-20	83.6	interchromosomal	NA	NA	NA
XP_002310122.1	XP_024436877.2	NC_037291.2	4339587	NC_037295.2	8531133	34.56	1.63e-21	86.3	interchromosomal	NA	NA	NA
XP_002310122.1	XP_024439297.1	NC_037291.2	4339587	NC_037297.2	9163560	44.12	4.27e-20	83.2	interchromosomal	NA	NA	NA
XP_002310122.1	XP_024450700.1	NC_037291.2	4339587	NC_037286.2	21787634	50.77	2.61e-19	81.6	interchromosomal	NA	NA	NA
XP_002310122.1	XP_002324328.1	NC_037291.2	4339587	NC_037302.2	1335139	51.67	1.59e-19	79.7	interchromosomal	NA	NA	NA
XP_002310122.1	XP_002323839.4	NC_037291.2	4339587	NC_037301.2	8849889	42.39	1.36e-19	82.8	interchromosomal	NA	NA	NA
XP_002310122.1	XP_002323509.1	NC_037291.2	4339587	NC_037300.2	10100937	54.29	4.27e-19	79.3	interchromosomal	NA	NA	NA
XP_002310122.1	XP_002314962.2	NC_037291.2	4339587	NC_037294.2	15857170	46.34	4.68e-20	83.2	interchromosomal	NA	NA	NA
XP_002310122.1	XP_002320967.3	NC_037291.2	4339587	NC_037298.2	7968052	42.39	1.45e-19	80.9	interchromosomal	NA	NA	NA
XP_002310122.1	XP_024456867.1	NC_037291.2	4339587	NC_037289.2	5877537	37.93	2.09e-19	77.8	interchromosomal	NA	NA	NA
XP_002310122.1	XP_052303325.1	NC_037291.2	4339587	NC_037299.2	8984460	50.77	5.13e-19	81.6	interchromosomal	NA	NA	NA
XP_002310122.1	XP_002318373.2	NC_037291.2	4339587	NC_037296.2	911247	43.88	7.06e-19	79.7	interchromosomal	NA	NA	NA
XP_002310122.1	XP_024446284.2	NC_037291.2	4339587	NC_037302.2	1292205	61.02	2.79e-18	79.0	interchromosomal	NA	NA	NA
XP_002310122.1	XP_002322274.1	NC_037291.2	4339587	NC_037299.2	11932322	54.10	3.11e-18	74.3	interchromosomal	NA	NA	NA
XP_002310122.1	XP_002320160.2	NC_037291.2	4339587	NC_037298.2	5891006	39.22	4.51e-18	74.3	interchromosomal	NA	NA	NA
XP_002310122.1	XP_002311329.2	NC_037291.2	4339587	NC_037292.2	5865817	38.89	2.45e-19	79.7	interchromosomal	NA	NA	NA
XP_002310122.1	XP_024466901.1	NC_037291.2	4339587	NC_037294.2	16611764	34.30	1.05e-18	77.8	interchromosomal	NA	NA	NA
XP_002310122.1	XP_006382109.3	NC_037291.2	4339587	NC_037290.2	26029137	55.93	1.42e-17	76.6	interchromosomal	NA	NA	NA
XP_002310122.1	XP_006373216.1	NC_037291.2	4339587	NC_037301.2	5566257	34.21	3.08e-20	79.3	interchromosomal	NA	NA	NA
XP_002310122.1	XP_002318747.1	NC_037291.2	4339587	NC_037296.2	12395944	50.00	3.98e-17	71.6	interchromosomal	NA	NA	NA
XP_002310122.1	XP_024461002.1	NC_037291.2	4339587	NC_037291.2	10436238	39.00	3.18e-17	71.2	intrachromosomal_distant	NA	NA	NA
XP_002310122.1	XP_002320852.4	NC_037291.2	4339587	NC_037298.2	6296630	46.99	9.14e-17	73.2	interchromosomal	NA	NA	NA
XP_002310122.1	XP_024452203.2	NC_037291.2	4339587	NC_037287.2	21584780	42.65	3.04e-13	59.3	interchromosomal	NA	NA	NA
XP_002310122.1	XP_006368530.1	NC_037291.2	4339587	NC_037285.2	159614	41.18	8.25e-14	59.7	interchromosomal	NA	NA	NA
XP_002310122.1	XP_002319879.4	NC_037291.2	4339587	NC_037297.2	9153347	36.47	7.86e-13	61.2	interchromosomal	NA	NA	NA
XP_002310044.1	XP_052308647.1	NC_037291.2	10243688	NC_037289.2	5998576	88.84	5.22e-160	436.0	interchromosomal	NA	NA	NA
XP_002310044.1	XP_006375168.1	NC_037291.2	10243688	NC_037298.2	3234387	76.29	1.88e-52	163.0	interchromosomal	NA	NA	NA
XP_002310044.1	XP_002311329.2	NC_037291.2	10243688	NC_037292.2	5865817	60.61	8.83e-39	130.0	interchromosomal	NA	NA	NA
XP_002310044.1	XP_006368868.2	NC_037291.2	10243688	NC_037285.2	4486450	57.14	1.17e-36	120.0	interchromosomal	NA	NA	NA
XP_002310044.1	XP_024466901.1	NC_037291.2	10243688	NC_037294.2	16611764	65.43	3.01e-36	123.0	interchromosomal	NA	NA	NA
XP_002310044.1	XP_002312318.2	NC_037291.2	10243688	NC_037292.2	6517252	64.20	2.40e-36	125.0	interchromosomal	NA	NA	NA
XP_002310044.1	XP_002320967.3	NC_037291.2	10243688	NC_037298.2	7968052	41.76	1.48e-35	122.0	interchromosomal	NA	NA	NA
XP_002310044.1	XP_024454278.1	NC_037291.2	10243688	NC_037288.2	11508039	38.98	7.20e-34	120.0	interchromosomal	NA	NA	NA
XP_002310044.1	XP_002314962.2	NC_037291.2	10243688	NC_037294.2	15857170	51.85	9.50e-35	121.0	interchromosomal	NA	NA	NA
XP_002310044.1	XP_002320160.2	NC_037291.2	10243688	NC_037298.2	5891006	48.36	1.02e-33	113.0	interchromosomal	NA	NA	NA
XP_002310044.1	XP_024436877.2	NC_037291.2	10243688	NC_037295.2	8531133	64.20	1.12e-34	119.0	interchromosomal	NA	NA	NA
XP_002310044.1	XP_006373216.1	NC_037291.2	10243688	NC_037301.2	5566257	59.77	4.33e-37	122.0	interchromosomal	NA	NA	NA
XP_002310044.1	XP_002315024.1	NC_037291.2	10243688	NC_037294.2	16783136	62.82	8.79e-33	118.0	interchromosomal	NA	NA	NA
XP_002310044.1	XP_002323637.2	NC_037291.2	10243688	NC_037300.2	13149873	39.11	1.28e-32	118.0	interchromosomal	NA	NA	NA
XP_002310044.1	XP_006369893.1	NC_037291.2	10243688	NC_037285.2	36641635	65.43	2.27e-35	121.0	interchromosomal	NA	NA	NA
XP_002310044.1	XP_002326093.4	NC_037291.2	10243688	NC_037303.2	14801942	50.45	4.28e-32	116.0	interchromosomal	NA	NA	NA
XP_002310044.1	XP_024444415.2	NC_037291.2	10243688	NC_037301.2	10127356	61.84	6.31e-32	116.0	interchromosomal	NA	NA	NA
XP_002310044.1	XP_002319959.2	NC_037291.2	10243688	NC_037297.2	14908280	64.47	1.01e-31	116.0	interchromosomal	NA	NA	NA
XP_002310044.1	XP_006378014.1	NC_037291.2	10243688	NC_037295.2	19237430	49.07	9.15e-32	115.0	interchromosomal	NA	NA	NA
XP_002310044.1	XP_024437369.2	NC_037291.2	10243688	NC_037295.2	11223426	60.53	1.54e-31	114.0	interchromosomal	NA	NA	NA
XP_002310044.1	XP_002312267.1	NC_037291.2	10243688	NC_037292.2	5739919	61.54	2.71e-31	113.0	interchromosomal	NA	NA	NA
XP_002310044.1	XP_002318747.1	NC_037291.2	10243688	NC_037296.2	12395944	60.27	2.67e-31	107.0	interchromosomal	NA	NA	NA
XP_002310044.1	XP_024438829.2	NC_037291.2	10243688	NC_037297.2	7868485	50.51	2.34e-30	111.0	interchromosomal	NA	NA	NA
XP_002310044.1	XP_024458700.1	NC_037291.2	10243688	NC_037290.2	8094569	60.53	4.53e-30	111.0	interchromosomal	NA	NA	NA
XP_002310044.1	XP_024456867.1	NC_037291.2	10243688	NC_037289.2	5877537	46.67	9.76e-31	106.0	interchromosomal	NA	NA	NA
XP_002310044.1	XP_002322274.1	NC_037291.2	10243688	NC_037299.2	11932322	60.27	7.25e-30	103.0	interchromosomal	NA	NA	NA
XP_002310044.1	XP_006381519.2	NC_037291.2	10243688	NC_037290.2	10930631	56.76	4.43e-29	107.0	interchromosomal	NA	NA	NA
XP_002310044.1	XP_006375555.1	NC_037291.2	10243688	NC_037298.2	11864534	59.72	6.31e-29	106.0	interchromosomal	NA	NA	NA
XP_002310044.1	XP_024443283.1	NC_037291.2	10243688	NC_037300.2	6485177	54.05	1.67e-27	102.0	interchromosomal	NA	NA	NA
XP_002310044.1	XP_002323509.1	NC_037291.2	10243688	NC_037300.2	10100937	53.75	3.46e-25	94.4	interchromosomal	NA	NA	NA
XP_002310044.1	XP_006371762.1	NC_037291.2	10243688	NC_037302.2	1349083	37.65	1.43e-23	89.7	interchromosomal	NA	NA	NA
XP_002310044.1	XP_006383530.2	NC_037291.2	10243688	NC_037289.2	11313285	46.07	7.79e-22	85.9	interchromosomal	NA	NA	NA
XP_002310044.1	XP_024446053.1	NC_037291.2	10243688	NC_037302.2	12567397	40.59	5.60e-23	90.9	interchromosomal	NA	NA	NA
XP_002310044.1	XP_002319082.4	NC_037291.2	10243688	NC_037297.2	2936940	42.20	9.99e-22	85.9	interchromosomal	NA	NA	NA
XP_002310044.1	XP_002310122.1	NC_037291.2	10243688	NC_037291.2	4339587	46.15	1.38e-21	84.7	intrachromosomal_distant	NA	NA	NA
XP_002310044.1	XP_006382812.1	NC_037291.2	10243688	NC_037289.2	3486578	41.28	3.20e-21	84.0	interchromosomal	NA	NA	NA
XP_002310044.1	XP_024460429.2	NC_037291.2	10243688	NC_037290.2	19088117	48.57	5.03e-21	85.1	interchromosomal	NA	NA	NA
XP_002310044.1	XP_024440069.1	NC_037291.2	10243688	NC_037298.2	7538137	50.00	9.34e-21	84.3	interchromosomal	NA	NA	NA
XP_002310044.1	XP_002323839.4	NC_037291.2	10243688	NC_037301.2	8849889	47.37	7.61e-21	84.7	interchromosomal	NA	NA	NA
XP_002310044.1	XP_002324382.1	NC_037291.2	10243688	NC_037302.2	615270	35.97	3.98e-21	84.0	interchromosomal	NA	NA	NA
XP_002310044.1	XP_024455846.2	NC_037291.2	10243688	NC_037288.2	463543	44.32	1.64e-20	84.0	interchromosomal	NA	NA	NA
XP_002310044.1	XP_024441317.1	NC_037291.2	10243688	NC_037298.2	1460990	43.14	1.72e-20	82.0	interchromosomal	NA	NA	NA
XP_002310044.1	XP_002325248.3	NC_037291.2	10243688	NC_037302.2	14435429	33.99	9.50e-21	82.0	interchromosomal	NA	NA	NA
XP_002310044.1	XP_002321134.3	NC_037291.2	10243688	NC_037298.2	10916137	48.00	3.45e-20	81.6	interchromosomal	NA	NA	NA
XP_002310044.1	XP_006389578.1	NC_037291.2	10243688	NC_037295.2	587221	48.00	8.64e-20	81.6	interchromosomal	NA	NA	NA
XP_002310044.1	XP_002324328.1	NC_037291.2	10243688	NC_037302.2	1335139	49.21	6.51e-20	79.3	interchromosomal	NA	NA	NA
XP_002310044.1	XP_024450700.1	NC_037291.2	10243688	NC_037286.2	21787634	46.67	3.92e-19	80.1	interchromosomal	NA	NA	NA
XP_002310044.1	XP_052303325.1	NC_037291.2	10243688	NC_037299.2	8984460	41.46	5.38e-19	79.7	interchromosomal	NA	NA	NA
XP_002310044.1	XP_006382109.3	NC_037291.2	10243688	NC_037290.2	26029137	42.70	1.03e-18	78.2	interchromosomal	NA	NA	NA
XP_002310044.1	XP_024446284.2	NC_037291.2	10243688	NC_037302.2	1292205	44.74	3.08e-18	77.0	interchromosomal	NA	NA	NA
XP_002310044.1	XP_002318373.2	NC_037291.2	10243688	NC_037296.2	911247	46.25	2.16e-18	75.9	interchromosomal	NA	NA	NA
XP_002310044.1	XP_024452726.1	NC_037291.2	10243688	NC_037287.2	13432844	39.56	3.03e-18	75.1	interchromosomal	NA	NA	NA
XP_002310044.1	XP_024466667.1	NC_037291.2	10243688	NC_037285.2	21315533	45.95	3.42e-18	77.0	interchromosomal	NA	NA	NA
XP_002310044.1	XP_006368511.1	NC_037291.2	10243688	NC_037285.2	3207145	45.45	1.70e-17	73.2	interchromosomal	NA	NA	NA
XP_002310044.1	XP_006372370.1	NC_037291.2	10243688	NC_037301.2	14784916	34.83	3.57e-16	69.7	interchromosomal	NA	NA	NA
XP_002310044.1	XP_006368768.2	NC_037291.2	10243688	NC_037285.2	7882247	37.04	8.27e-16	68.2	interchromosomal	NA	NA	NA
XP_002310044.1	XP_052301100.1	NC_037291.2	10243688	NC_037295.2	18333481	39.77	1.44e-15	68.2	interchromosomal	NA	NA	NA
XP_002310044.1	XP_024458563.1	NC_037291.2	10243688	NC_037285.2	48605799	35.42	4.97e-15	67.4	interchromosomal	NA	NA	NA
XP_002310044.1	XP_052303237.1	NC_037291.2	10243688	NC_037298.2	8049826	46.48	3.93e-15	65.5	interchromosomal	NA	NA	NA
XP_002310044.1	XP_002317397.1	NC_037291.2	10243688	NC_037295.2	6182166	47.37	6.24e-15	65.1	interchromosomal	NA	NA	NA
XP_002310044.1	XP_002323675.2	NC_037291.2	10243688	NC_037300.2	14139186	35.57	9.07e-18	74.3	interchromosomal	NA	NA	NA
XP_002310044.1	XP_052305286.1	NC_037291.2	10243688	NC_037303.2	9848168	48.28	4.89e-15	67.0	interchromosomal	NA	NA	NA
XP_002310044.1	XP_002320852.4	NC_037291.2	10243688	NC_037298.2	6296630	50.00	9.34e-15	65.5	interchromosomal	NA	NA	NA
XP_002310044.1	XP_006375351.1	NC_037291.2	10243688	NC_037298.2	5870811	49.12	1.51e-14	65.5	interchromosomal	NA	NA	NA
XP_002310044.1	XP_006386616.2	NC_037291.2	10243688	NC_037286.2	12590323	49.12	1.44e-14	65.5	interchromosomal	NA	NA	NA
XP_002310044.1	XP_024452203.2	NC_037291.2	10243688	NC_037287.2	21584780	38.16	1.87e-14	61.2	interchromosomal	NA	NA	NA
XP_002310044.1	XP_024439297.1	NC_037291.2	10243688	NC_037297.2	9163560	41.77	2.38e-14	64.3	interchromosomal	NA	NA	NA
XP_002310044.1	XP_006368530.1	NC_037291.2	10243688	NC_037285.2	159614	43.66	4.83e-15	62.4	interchromosomal	NA	NA	NA
XP_002310044.1	XP_002319879.4	NC_037291.2	10243688	NC_037297.2	9153347	40.98	6.38e-14	62.8	interchromosomal	NA	NA	NA
XP_024461002.1	XP_052308647.1	NC_037291.2	10436238	NC_037289.2	5998576	45.22	1.04e-28	100.0	interchromosomal	NA	NA	NA
XP_024461002.1	XP_024466901.1	NC_037291.2	10436238	NC_037294.2	16611764	53.09	6.36e-27	97.1	interchromosomal	NA	NA	NA
XP_024461002.1	XP_024466667.1	NC_037291.2	10436238	NC_037285.2	21315533	46.67	2.63e-20	80.9	interchromosomal	NA	NA	NA
XP_024461002.1	XP_052303325.1	NC_037291.2	10436238	NC_037299.2	8984460	44.59	1.03e-18	76.3	interchromosomal	NA	NA	NA
XP_024461002.1	XP_052301100.1	NC_037291.2	10436238	NC_037295.2	18333481	40.22	4.74e-17	71.2	interchromosomal	NA	NA	NA
XP_024461002.1	XP_052303237.1	NC_037291.2	10436238	NC_037298.2	8049826	49.30	1.40e-16	68.9	interchromosomal	NA	NA	NA
XP_002312267.1	XP_002315024.1	NC_037292.2	5739919	NC_037294.2	16783136	82.22	0.00e+00	746.0	interchromosomal	NA	NA	NA
XP_002312267.1	XP_024444415.2	NC_037292.2	5739919	NC_037301.2	10127356	53.30	8.86e-163	465.0	interchromosomal	NA	NA	NA
XP_002312267.1	XP_024454278.1	NC_037292.2	5739919	NC_037288.2	11508039	51.20	1.41e-153	442.0	interchromosomal	NA	NA	NA
XP_002312267.1	XP_006378014.1	NC_037292.2	5739919	NC_037295.2	19237430	49.68	1.13e-86	274.0	interchromosomal	NA	NA	NA
XP_002312267.1	XP_002319959.2	NC_037292.2	5739919	NC_037297.2	14908280	53.06	3.02e-88	275.0	interchromosomal	NA	NA	NA
XP_002312267.1	XP_006381519.2	NC_037292.2	5739919	NC_037290.2	10930631	38.48	4.37e-84	261.0	interchromosomal	NA	NA	NA
XP_002312267.1	XP_024437369.2	NC_037292.2	5739919	NC_037295.2	11223426	52.92	1.76e-82	258.0	interchromosomal	NA	NA	NA
XP_002312267.1	XP_002323637.2	NC_037292.2	5739919	NC_037300.2	13149873	55.51	4.91e-85	267.0	interchromosomal	NA	NA	NA
XP_002312267.1	XP_002326093.4	NC_037292.2	5739919	NC_037303.2	14801942	57.32	6.26e-83	262.0	interchromosomal	NA	NA	NA
XP_002312267.1	XP_024443283.1	NC_037292.2	5739919	NC_037300.2	6485177	37.56	3.73e-81	253.0	interchromosomal	NA	NA	NA
XP_002312267.1	XP_024458700.1	NC_037292.2	5739919	NC_037290.2	8094569	54.96	1.89e-83	261.0	interchromosomal	NA	NA	NA
XP_002312267.1	XP_024438829.2	NC_037292.2	5739919	NC_037297.2	7868485	45.17	8.43e-79	253.0	interchromosomal	NA	NA	NA
XP_002312267.1	XP_006375555.1	NC_037292.2	5739919	NC_037298.2	11864534	41.16	4.44e-64	209.0	interchromosomal	NA	NA	NA
XP_002312267.1	XP_024446053.1	NC_037292.2	5739919	NC_037302.2	12567397	41.18	3.73e-51	175.0	interchromosomal	NA	NA	NA
XP_002312267.1	XP_024460429.2	NC_037292.2	5739919	NC_037290.2	19088117	42.02	6.84e-50	172.0	interchromosomal	NA	NA	NA
XP_002312267.1	XP_006382109.3	NC_037292.2	5739919	NC_037290.2	26029137	36.14	3.64e-45	158.0	interchromosomal	NA	NA	NA
XP_002312267.1	XP_006375168.1	NC_037292.2	5739919	NC_037298.2	3234387	60.00	2.30e-31	114.0	interchromosomal	NA	NA	NA
XP_002312267.1	XP_052308647.1	NC_037292.2	5739919	NC_037289.2	5998576	61.54	5.47e-31	113.0	interchromosomal	NA	NA	NA
XP_002312267.1	XP_006368868.2	NC_037292.2	5739919	NC_037285.2	4486450	49.02	1.54e-30	109.0	interchromosomal	NA	NA	NA
XP_002312267.1	XP_024436877.2	NC_037292.2	5739919	NC_037295.2	8531133	42.24	6.64e-31	114.0	interchromosomal	NA	NA	NA
XP_002312267.1	XP_006369893.1	NC_037292.2	5739919	NC_037285.2	36641635	45.32	5.55e-31	114.0	interchromosomal	NA	NA	NA
XP_002312267.1	XP_002320967.3	NC_037292.2	5739919	NC_037298.2	7968052	44.53	3.47e-30	112.0	interchromosomal	NA	NA	NA
XP_002312267.1	XP_006373216.1	NC_037292.2	5739919	NC_037301.2	5566257	53.41	1.22e-29	107.0	interchromosomal	NA	NA	NA
XP_002312267.1	XP_024461002.1	NC_037292.2	5739919	NC_037291.2	10436238	42.48	5.87e-30	107.0	interchromosomal	NA	NA	NA
XP_002312267.1	XP_002314962.2	NC_037292.2	5739919	NC_037294.2	15857170	61.33	1.28e-28	109.0	interchromosomal	NA	NA	NA
XP_002312267.1	XP_002322274.1	NC_037292.2	5739919	NC_037299.2	11932322	61.43	2.09e-28	104.0	interchromosomal	NA	NA	NA
XP_002312267.1	XP_024466901.1	NC_037292.2	5739919	NC_037294.2	16611764	52.87	1.45e-27	105.0	interchromosomal	NA	NA	NA
XP_002312267.1	XP_002318747.1	NC_037292.2	5739919	NC_037296.2	12395944	54.32	4.39e-27	100.0	interchromosomal	NA	NA	NA
XP_002312267.1	XP_006389578.1	NC_037292.2	5739919	NC_037295.2	587221	38.96	2.58e-27	108.0	interchromosomal	NA	NA	NA
XP_002312267.1	XP_002320160.2	NC_037292.2	5739919	NC_037298.2	5891006	56.58	3.54e-26	98.6	interchromosomal	NA	NA	NA
XP_002312267.1	XP_024456867.1	NC_037292.2	5739919	NC_037289.2	5877537	52.70	1.34e-26	99.0	interchromosomal	NA	NA	NA
XP_002312267.1	XP_002321134.3	NC_037292.2	5739919	NC_037298.2	10916137	42.28	9.30e-26	103.0	interchromosomal	NA	NA	NA
XP_002312267.1	XP_024455846.2	NC_037292.2	5739919	NC_037288.2	463543	47.00	1.39e-25	103.0	interchromosomal	NA	NA	NA
XP_002312267.1	XP_002323839.4	NC_037292.2	5739919	NC_037301.2	8849889	48.91	1.70e-25	102.0	interchromosomal	NA	NA	NA
XP_002312267.1	XP_024440069.1	NC_037292.2	5739919	NC_037298.2	7538137	48.39	2.71e-25	101.0	interchromosomal	NA	NA	NA
XP_002312267.1	XP_024466667.1	NC_037292.2	5739919	NC_037285.2	21315533	46.15	6.24e-24	97.8	interchromosomal	NA	NA	NA
XP_002312267.1	XP_024450700.1	NC_037292.2	5739919	NC_037286.2	21787634	46.88	2.89e-23	96.3	interchromosomal	NA	NA	NA
XP_002312267.1	XP_024452726.1	NC_037292.2	5739919	NC_037287.2	13432844	57.58	1.99e-22	90.5	interchromosomal	NA	NA	NA
XP_002312267.1	XP_052303325.1	NC_037292.2	5739919	NC_037299.2	8984460	45.16	3.35e-23	96.3	interchromosomal	NA	NA	NA
XP_002312267.1	XP_006372370.1	NC_037292.2	5739919	NC_037301.2	14784916	44.44	6.31e-22	90.5	interchromosomal	NA	NA	NA
XP_002312267.1	XP_006383530.2	NC_037292.2	5739919	NC_037289.2	11313285	52.78	6.33e-22	89.7	interchromosomal	NA	NA	NA
XP_002312267.1	XP_006371762.1	NC_037292.2	5739919	NC_037302.2	1349083	55.88	6.68e-22	89.0	interchromosomal	NA	NA	NA
XP_002312267.1	XP_002324382.1	NC_037292.2	5739919	NC_037302.2	615270	54.93	6.15e-22	89.4	interchromosomal	NA	NA	NA
XP_002312267.1	XP_002325248.3	NC_037292.2	5739919	NC_037302.2	14435429	48.28	2.75e-21	87.0	interchromosomal	NA	NA	NA
XP_002312267.1	XP_002319082.4	NC_037292.2	5739919	NC_037297.2	2936940	53.52	2.94e-21	87.8	interchromosomal	NA	NA	NA
XP_002312267.1	XP_006368768.2	NC_037292.2	5739919	NC_037285.2	7882247	41.84	4.31e-21	87.0	interchromosomal	NA	NA	NA
XP_002312267.1	XP_024441317.1	NC_037292.2	5739919	NC_037298.2	1460990	51.35	6.83e-21	87.0	interchromosomal	NA	NA	NA
XP_002312267.1	XP_006382812.1	NC_037292.2	5739919	NC_037289.2	3486578	52.11	2.48e-20	85.1	interchromosomal	NA	NA	NA
XP_002312267.1	XP_002324328.1	NC_037292.2	5739919	NC_037302.2	1335139	35.20	1.32e-20	84.0	interchromosomal	NA	NA	NA
XP_002312267.1	XP_006375351.1	NC_037292.2	5739919	NC_037298.2	5870811	44.90	2.42e-20	84.7	interchromosomal	NA	NA	NA
XP_002312267.1	XP_006368511.1	NC_037292.2	5739919	NC_037285.2	3207145	49.31	1.15e-19	82.8	interchromosomal	NA	NA	NA
XP_002312267.1	XP_006386616.2	NC_037292.2	5739919	NC_037286.2	12590323	40.71	4.85e-20	84.0	interchromosomal	NA	NA	NA
XP_002312267.1	XP_024446284.2	NC_037292.2	5739919	NC_037302.2	1292205	35.15	1.50e-42	151.0	interchromosomal	NA	NA	NA
XP_002312267.1	XP_052301100.1	NC_037292.2	5739919	NC_037295.2	18333481	49.23	1.09e-18	81.3	interchromosomal	NA	NA	NA
XP_002312267.1	XP_024458563.1	NC_037292.2	5739919	NC_037285.2	48605799	49.23	9.67e-19	81.3	interchromosomal	NA	NA	NA
XP_002312267.1	XP_002317397.1	NC_037292.2	5739919	NC_037295.2	6182166	43.53	4.41e-19	79.3	interchromosomal	NA	NA	NA
XP_002312267.1	XP_002323509.1	NC_037292.2	5739919	NC_037300.2	10100937	53.57	3.69e-18	78.2	interchromosomal	NA	NA	NA
XP_002312267.1	XP_052303237.1	NC_037292.2	5739919	NC_037298.2	8049826	48.48	2.05e-17	75.1	interchromosomal	NA	NA	NA
XP_002312267.1	XP_052305286.1	NC_037292.2	5739919	NC_037303.2	9848168	51.67	5.31e-17	75.5	interchromosomal	NA	NA	NA
XP_002312267.1	XP_002318373.2	NC_037292.2	5739919	NC_037296.2	911247	47.69	6.29e-17	75.1	interchromosomal	NA	NA	NA
XP_002312267.1	XP_002320852.4	NC_037292.2	5739919	NC_037298.2	6296630	44.87	1.15e-16	73.9	interchromosomal	NA	NA	NA
XP_002312267.1	XP_024439297.1	NC_037292.2	5739919	NC_037297.2	9163560	51.67	4.18e-16	72.4	interchromosomal	NA	NA	NA
XP_002312267.1	XP_024452203.2	NC_037292.2	5739919	NC_037287.2	21584780	48.21	2.56e-12	57.0	interchromosomal	NA	NA	NA
XP_002312267.1	XP_002319879.4	NC_037292.2	5739919	NC_037297.2	9153347	40.30	2.92e-11	57.4	interchromosomal	NA	NA	NA
XP_002312267.1	XP_002323675.2	NC_037292.2	5739919	NC_037300.2	14139186	36.79	7.75e-14	64.7	interchromosomal	NA	NA	NA
XP_002312267.1	XP_006368530.1	NC_037292.2	5739919	NC_037285.2	159614	41.07	2.35e-11	53.1	interchromosomal	NA	NA	NA
XP_002311329.2	XP_024466901.1	NC_037292.2	5865817	NC_037294.2	16611764	85.42	6.61e-178	486.0	interchromosomal	NA	NA	NA
XP_002311329.2	XP_024436877.2	NC_037292.2	5865817	NC_037295.2	8531133	56.02	8.17e-51	163.0	interchromosomal	NA	NA	NA
XP_002311329.2	XP_002314962.2	NC_037292.2	5865817	NC_037294.2	15857170	53.07	1.60e-50	164.0	interchromosomal	NA	NA	NA
XP_002311329.2	XP_002320967.3	NC_037292.2	5865817	NC_037298.2	7968052	48.91	2.09e-49	160.0	interchromosomal	NA	NA	NA
XP_002311329.2	XP_006369893.1	NC_037292.2	5865817	NC_037285.2	36641635	55.62	5.08e-50	161.0	interchromosomal	NA	NA	NA
XP_002311329.2	XP_006368868.2	NC_037292.2	5865817	NC_037285.2	4486450	65.85	1.49e-39	129.0	interchromosomal	NA	NA	NA
XP_002311329.2	XP_052308647.1	NC_037292.2	5865817	NC_037289.2	5998576	60.61	2.01e-39	131.0	interchromosomal	NA	NA	NA
XP_002311329.2	XP_006375168.1	NC_037292.2	5865817	NC_037298.2	3234387	67.47	1.26e-36	124.0	interchromosomal	NA	NA	NA
XP_002311329.2	XP_006373216.1	NC_037292.2	5865817	NC_037301.2	5566257	63.04	1.03e-40	133.0	interchromosomal	NA	NA	NA
XP_002311329.2	XP_002318747.1	NC_037292.2	5865817	NC_037296.2	12395944	67.57	1.88e-34	117.0	interchromosomal	NA	NA	NA
XP_002311329.2	XP_002320160.2	NC_037292.2	5865817	NC_037298.2	5891006	51.67	2.89e-34	117.0	interchromosomal	NA	NA	NA
XP_002311329.2	XP_002322274.1	NC_037292.2	5865817	NC_037299.2	11932322	66.22	3.24e-33	114.0	interchromosomal	NA	NA	NA
XP_002311329.2	XP_024437369.2	NC_037292.2	5865817	NC_037295.2	11223426	65.79	6.94e-31	114.0	interchromosomal	NA	NA	NA
XP_002311329.2	XP_002315024.1	NC_037292.2	5865817	NC_037294.2	16783136	50.47	3.90e-30	112.0	interchromosomal	NA	NA	NA
XP_002311329.2	XP_024454278.1	NC_037292.2	5865817	NC_037288.2	11508039	61.04	5.59e-30	111.0	interchromosomal	NA	NA	NA
XP_002311329.2	XP_006378014.1	NC_037292.2	5865817	NC_037295.2	19237430	64.47	6.30e-30	112.0	interchromosomal	NA	NA	NA
XP_002311329.2	XP_024444415.2	NC_037292.2	5865817	NC_037301.2	10127356	58.44	2.07e-29	110.0	interchromosomal	NA	NA	NA
XP_002311329.2	XP_006375555.1	NC_037292.2	5865817	NC_037298.2	11864534	66.67	2.93e-29	109.0	interchromosomal	NA	NA	NA
XP_002311329.2	XP_002323637.2	NC_037292.2	5865817	NC_037300.2	13149873	58.97	1.27e-28	108.0	interchromosomal	NA	NA	NA
XP_002311329.2	XP_002326093.4	NC_037292.2	5865817	NC_037303.2	14801942	60.26	1.68e-28	107.0	interchromosomal	NA	NA	NA
XP_002311329.2	XP_024438829.2	NC_037292.2	5865817	NC_037297.2	7868485	62.16	2.81e-28	107.0	interchromosomal	NA	NA	NA
XP_002311329.2	XP_002319959.2	NC_037292.2	5865817	NC_037297.2	14908280	41.56	3.01e-28	107.0	interchromosomal	NA	NA	NA
XP_002311329.2	XP_024456867.1	NC_037292.2	5865817	NC_037289.2	5877537	50.49	5.85e-29	103.0	interchromosomal	NA	NA	NA
XP_002311329.2	XP_024461002.1	NC_037292.2	5865817	NC_037291.2	10436238	49.51	5.22e-28	100.0	interchromosomal	NA	NA	NA
XP_002311329.2	XP_006381519.2	NC_037292.2	5865817	NC_037290.2	10930631	43.61	5.73e-28	105.0	interchromosomal	NA	NA	NA
XP_002311329.2	XP_024458700.1	NC_037292.2	5865817	NC_037290.2	8094569	48.08	1.63e-27	104.0	interchromosomal	NA	NA	NA
XP_002311329.2	XP_024443283.1	NC_037292.2	5865817	NC_037300.2	6485177	55.41	1.51e-26	101.0	interchromosomal	NA	NA	NA
XP_002311329.2	XP_002323509.1	NC_037292.2	5865817	NC_037300.2	10100937	33.95	5.54e-26	97.8	interchromosomal	NA	NA	NA
XP_002311329.2	XP_024450700.1	NC_037292.2	5865817	NC_037286.2	21787634	45.19	7.96e-24	95.1	interchromosomal	NA	NA	NA
XP_002311329.2	XP_006389578.1	NC_037292.2	5865817	NC_037295.2	587221	34.12	2.08e-23	92.8	interchromosomal	NA	NA	NA
XP_002311329.2	XP_002321134.3	NC_037292.2	5865817	NC_037298.2	10916137	44.23	2.97e-23	92.4	interchromosomal	NA	NA	NA
XP_002311329.2	XP_002324382.1	NC_037292.2	5865817	NC_037302.2	615270	37.88	3.67e-23	90.5	interchromosomal	NA	NA	NA
XP_002311329.2	XP_024455846.2	NC_037292.2	5865817	NC_037288.2	463543	42.86	3.09e-22	90.5	interchromosomal	NA	NA	NA
XP_002311329.2	XP_006371762.1	NC_037292.2	5865817	NC_037302.2	1349083	55.93	4.09e-21	84.7	interchromosomal	NA	NA	NA
XP_002311329.2	XP_024440069.1	NC_037292.2	5865817	NC_037298.2	7538137	41.82	4.44e-21	85.9	interchromosomal	NA	NA	NA
XP_002311329.2	XP_002323839.4	NC_037292.2	5865817	NC_037301.2	8849889	48.72	1.08e-20	84.7	interchromosomal	NA	NA	NA
XP_002311329.2	XP_024452726.1	NC_037292.2	5865817	NC_037287.2	13432844	40.16	3.96e-20	81.6	interchromosomal	NA	NA	NA
XP_002311329.2	XP_024466667.1	NC_037292.2	5865817	NC_037285.2	21315533	50.00	6.51e-20	83.2	interchromosomal	NA	NA	NA
XP_002311329.2	XP_024446053.1	NC_037292.2	5865817	NC_037302.2	12567397	46.58	9.84e-20	82.0	interchromosomal	NA	NA	NA
XP_002311329.2	XP_006372370.1	NC_037292.2	5865817	NC_037301.2	14784916	42.70	1.82e-19	80.9	interchromosomal	NA	NA	NA
XP_002311329.2	XP_006383530.2	NC_037292.2	5865817	NC_037289.2	11313285	37.30	2.04e-19	80.1	interchromosomal	NA	NA	NA
XP_002311329.2	XP_006368768.2	NC_037292.2	5865817	NC_037285.2	7882247	59.65	2.28e-19	79.7	interchromosomal	NA	NA	NA
XP_002311329.2	XP_024460429.2	NC_037292.2	5865817	NC_037290.2	19088117	46.58	5.08e-19	80.5	interchromosomal	NA	NA	NA
XP_002311329.2	XP_002325248.3	NC_037292.2	5865817	NC_037302.2	14435429	40.91	9.02e-19	77.8	interchromosomal	NA	NA	NA
XP_002311329.2	XP_052303325.1	NC_037292.2	5865817	NC_037299.2	8984460	44.87	1.60e-18	79.3	interchromosomal	NA	NA	NA
XP_002311329.2	XP_006382109.3	NC_037292.2	5865817	NC_037290.2	26029137	47.95	2.12e-18	78.6	interchromosomal	NA	NA	NA
XP_002311329.2	XP_006368511.1	NC_037292.2	5865817	NC_037285.2	3207145	49.15	1.86e-18	77.0	interchromosomal	NA	NA	NA
XP_002311329.2	XP_024446284.2	NC_037292.2	5865817	NC_037302.2	1292205	46.05	3.07e-18	77.8	interchromosomal	NA	NA	NA
XP_002311329.2	XP_002324328.1	NC_037292.2	5865817	NC_037302.2	1335139	49.15	2.82e-18	75.9	interchromosomal	NA	NA	NA
XP_002311329.2	XP_002317397.1	NC_037292.2	5865817	NC_037295.2	6182166	54.39	5.15e-18	75.1	interchromosomal	NA	NA	NA
XP_002311329.2	XP_052301100.1	NC_037292.2	5865817	NC_037295.2	18333481	54.39	5.84e-18	76.6	interchromosomal	NA	NA	NA
XP_002311329.2	XP_024458563.1	NC_037292.2	5865817	NC_037285.2	48605799	54.39	8.63e-18	75.9	interchromosomal	NA	NA	NA
XP_002311329.2	XP_002319082.4	NC_037292.2	5865817	NC_037297.2	2936940	56.14	1.02e-17	75.1	interchromosomal	NA	NA	NA
XP_002311329.2	XP_024441317.1	NC_037292.2	5865817	NC_037298.2	1460990	41.49	1.73e-17	74.7	interchromosomal	NA	NA	NA
XP_002311329.2	XP_052303237.1	NC_037292.2	5865817	NC_037298.2	8049826	44.09	1.64e-17	73.6	interchromosomal	NA	NA	NA
XP_002311329.2	XP_006386616.2	NC_037292.2	5865817	NC_037286.2	12590323	54.39	2.49e-17	74.3	interchromosomal	NA	NA	NA
XP_002311329.2	XP_006375351.1	NC_037292.2	5865817	NC_037298.2	5870811	54.39	3.01e-17	73.9	interchromosomal	NA	NA	NA
XP_002311329.2	XP_002318373.2	NC_037292.2	5865817	NC_037296.2	911247	51.67	3.50e-17	73.9	interchromosomal	NA	NA	NA
XP_002311329.2	XP_024439297.1	NC_037292.2	5865817	NC_037297.2	9163560	49.25	4.31e-17	73.6	interchromosomal	NA	NA	NA
XP_002311329.2	XP_006382812.1	NC_037292.2	5865817	NC_037289.2	3486578	54.39	7.45e-17	72.8	interchromosomal	NA	NA	NA
XP_002311329.2	XP_052305286.1	NC_037292.2	5865817	NC_037303.2	9848168	49.25	6.44e-17	73.6	interchromosomal	NA	NA	NA
XP_002311329.2	XP_002320852.4	NC_037292.2	5865817	NC_037298.2	6296630	52.54	6.48e-16	70.1	interchromosomal	NA	NA	NA
XP_002311329.2	XP_002319879.4	NC_037292.2	5865817	NC_037297.2	9153347	29.60	6.08e-14	63.9	interchromosomal	NA	NA	NA
XP_002311329.2	XP_002323675.2	NC_037292.2	5865817	NC_037300.2	14139186	46.55	2.64e-14	65.1	interchromosomal	NA	NA	NA
XP_002311329.2	XP_006368530.1	NC_037292.2	5865817	NC_037285.2	159614	47.37	1.35e-13	58.9	interchromosomal	NA	NA	NA
XP_002311329.2	XP_024452203.2	NC_037292.2	5865817	NC_037287.2	21584780	47.37	8.41e-13	57.4	interchromosomal	NA	NA	NA
XP_002312318.2	XP_002314962.2	NC_037292.2	6517252	NC_037294.2	15857170	80.21	0.00e+00	540.0	interchromosomal	NA	NA	NA
XP_002312318.2	XP_002320967.3	NC_037292.2	6517252	NC_037298.2	7968052	46.36	3.68e-67	208.0	interchromosomal	NA	NA	NA
XP_002312318.2	XP_024436877.2	NC_037292.2	6517252	NC_037295.2	8531133	43.40	1.88e-50	164.0	interchromosomal	NA	NA	NA
XP_002312318.2	XP_024466901.1	NC_037292.2	6517252	NC_037294.2	16611764	52.54	3.72e-49	160.0	interchromosomal	NA	NA	NA
XP_002312318.2	XP_006369893.1	NC_037292.2	6517252	NC_037285.2	36641635	43.31	3.09e-51	166.0	interchromosomal	NA	NA	NA
XP_002312318.2	XP_006368868.2	NC_037292.2	6517252	NC_037285.2	4486450	67.90	2.22e-39	131.0	interchromosomal	NA	NA	NA
XP_002312318.2	XP_006375168.1	NC_037292.2	6517252	NC_037298.2	3234387	64.44	2.83e-37	127.0	interchromosomal	NA	NA	NA
XP_002312318.2	XP_024444415.2	NC_037292.2	6517252	NC_037301.2	10127356	50.00	7.77e-37	133.0	interchromosomal	NA	NA	NA
XP_002312318.2	XP_002322274.1	NC_037292.2	6517252	NC_037299.2	11932322	64.05	2.61e-36	124.0	interchromosomal	NA	NA	NA
XP_002312318.2	XP_002320160.2	NC_037292.2	6517252	NC_037298.2	5891006	57.80	2.85e-36	124.0	interchromosomal	NA	NA	NA
XP_002312318.2	XP_052308647.1	NC_037292.2	6517252	NC_037289.2	5998576	64.20	4.56e-36	124.0	interchromosomal	NA	NA	NA
XP_002312318.2	XP_024454278.1	NC_037292.2	6517252	NC_037288.2	11508039	51.26	5.36e-36	131.0	interchromosomal	NA	NA	NA
XP_002312318.2	XP_002318747.1	NC_037292.2	6517252	NC_037296.2	12395944	69.33	9.12e-36	122.0	interchromosomal	NA	NA	NA
XP_002312318.2	XP_006373216.1	NC_037292.2	6517252	NC_037301.2	5566257	66.25	6.56e-38	127.0	interchromosomal	NA	NA	NA
XP_002312318.2	XP_002323637.2	NC_037292.2	6517252	NC_037300.2	13149873	49.62	2.88e-34	126.0	interchromosomal	NA	NA	NA
XP_002312318.2	XP_002315024.1	NC_037292.2	6517252	NC_037294.2	16783136	46.72	3.57e-34	125.0	interchromosomal	NA	NA	NA
XP_002312318.2	XP_006378014.1	NC_037292.2	6517252	NC_037295.2	19237430	39.71	2.48e-33	124.0	interchromosomal	NA	NA	NA
XP_002312318.2	XP_024437369.2	NC_037292.2	6517252	NC_037295.2	11223426	64.63	7.06e-33	121.0	interchromosomal	NA	NA	NA
XP_002312318.2	XP_024438829.2	NC_037292.2	6517252	NC_037297.2	7868485	45.00	2.10e-32	121.0	interchromosomal	NA	NA	NA
XP_002312318.2	XP_002326093.4	NC_037292.2	6517252	NC_037303.2	14801942	41.82	3.29e-32	120.0	interchromosomal	NA	NA	NA
XP_002312318.2	XP_002319959.2	NC_037292.2	6517252	NC_037297.2	14908280	40.36	6.91e-32	119.0	interchromosomal	NA	NA	NA
XP_002312318.2	XP_006375555.1	NC_037292.2	6517252	NC_037298.2	11864534	56.70	2.93e-32	120.0	interchromosomal	NA	NA	NA
XP_002312318.2	XP_024456867.1	NC_037292.2	6517252	NC_037289.2	5877537	61.33	7.82e-32	112.0	interchromosomal	NA	NA	NA
XP_002312318.2	XP_024458700.1	NC_037292.2	6517252	NC_037290.2	8094569	50.00	3.90e-31	117.0	interchromosomal	NA	NA	NA
XP_002312318.2	XP_024461002.1	NC_037292.2	6517252	NC_037291.2	10436238	52.69	1.48e-30	108.0	interchromosomal	NA	NA	NA
XP_002312318.2	XP_006381519.2	NC_037292.2	6517252	NC_037290.2	10930631	40.15	1.40e-29	112.0	interchromosomal	NA	NA	NA
XP_002312318.2	XP_024443283.1	NC_037292.2	6517252	NC_037300.2	6485177	38.36	3.25e-29	110.0	interchromosomal	NA	NA	NA
XP_002312318.2	XP_024446053.1	NC_037292.2	6517252	NC_037302.2	12567397	40.68	1.88e-25	100.0	interchromosomal	NA	NA	NA
XP_002312318.2	XP_024460429.2	NC_037292.2	6517252	NC_037290.2	19088117	41.09	2.33e-25	100.0	interchromosomal	NA	NA	NA
XP_002312318.2	XP_002323509.1	NC_037292.2	6517252	NC_037300.2	10100937	69.64	2.42e-25	97.8	interchromosomal	NA	NA	NA
XP_002312318.2	XP_024450700.1	NC_037292.2	6517252	NC_037286.2	21787634	43.65	2.63e-25	100.0	interchromosomal	NA	NA	NA
XP_002312318.2	XP_002321134.3	NC_037292.2	6517252	NC_037298.2	10916137	40.77	4.24e-25	99.8	interchromosomal	NA	NA	NA
XP_002312318.2	XP_024455846.2	NC_037292.2	6517252	NC_037288.2	463543	48.78	1.81e-24	98.2	interchromosomal	NA	NA	NA
XP_002312318.2	XP_006389578.1	NC_037292.2	6517252	NC_037295.2	587221	48.78	5.22e-24	97.1	interchromosomal	NA	NA	NA
XP_002312318.2	XP_024440069.1	NC_037292.2	6517252	NC_037298.2	7538137	50.00	2.14e-23	94.4	interchromosomal	NA	NA	NA
XP_002312318.2	XP_002323839.4	NC_037292.2	6517252	NC_037301.2	8849889	48.78	2.72e-23	94.4	interchromosomal	NA	NA	NA
XP_002312318.2	XP_052303325.1	NC_037292.2	6517252	NC_037299.2	8984460	38.46	3.65e-23	94.0	interchromosomal	NA	NA	NA
XP_002312318.2	XP_024466667.1	NC_037292.2	6517252	NC_037285.2	21315533	43.56	2.49e-23	94.4	interchromosomal	NA	NA	NA
XP_002312318.2	XP_006372370.1	NC_037292.2	6517252	NC_037301.2	14784916	43.01	7.23e-23	92.0	interchromosomal	NA	NA	NA
XP_002312318.2	XP_002324382.1	NC_037292.2	6517252	NC_037302.2	615270	41.28	1.71e-22	90.1	interchromosomal	NA	NA	NA
XP_002312318.2	XP_006368768.2	NC_037292.2	6517252	NC_037285.2	7882247	58.21	2.20e-22	89.7	interchromosomal	NA	NA	NA
XP_002312318.2	XP_006368511.1	NC_037292.2	6517252	NC_037285.2	3207145	52.17	2.62e-22	89.4	interchromosomal	NA	NA	NA
XP_002312318.2	XP_006371762.1	NC_037292.2	6517252	NC_037302.2	1349083	59.02	5.35e-22	88.6	interchromosomal	NA	NA	NA
XP_002312318.2	XP_006383530.2	NC_037292.2	6517252	NC_037289.2	11313285	50.00	9.17e-22	87.8	interchromosomal	NA	NA	NA
XP_002312318.2	XP_002325248.3	NC_037292.2	6517252	NC_037302.2	14435429	46.34	1.97e-21	86.3	interchromosomal	NA	NA	NA
XP_002312318.2	XP_052301100.1	NC_037292.2	6517252	NC_037295.2	18333481	53.73	2.56e-21	87.8	interchromosomal	NA	NA	NA
XP_002312318.2	XP_024441317.1	NC_037292.2	6517252	NC_037298.2	1460990	42.86	3.46e-21	86.7	interchromosomal	NA	NA	NA
XP_002312318.2	XP_024458563.1	NC_037292.2	6517252	NC_037285.2	48605799	54.55	6.93e-21	86.3	interchromosomal	NA	NA	NA
XP_002312318.2	XP_002317397.1	NC_037292.2	6517252	NC_037295.2	6182166	58.33	1.01e-20	84.0	interchromosomal	NA	NA	NA
XP_002312318.2	XP_024446284.2	NC_037292.2	6517252	NC_037302.2	1292205	40.91	5.43e-21	86.3	interchromosomal	NA	NA	NA
XP_002312318.2	XP_006382109.3	NC_037292.2	6517252	NC_037290.2	26029137	39.81	1.24e-20	85.9	interchromosomal	NA	NA	NA
XP_002312318.2	XP_052303237.1	NC_037292.2	6517252	NC_037298.2	8049826	55.38	1.68e-20	83.2	interchromosomal	NA	NA	NA
XP_002312318.2	XP_006386616.2	NC_037292.2	6517252	NC_037286.2	12590323	52.24	5.96e-21	85.9	interchromosomal	NA	NA	NA
XP_002312318.2	XP_006375351.1	NC_037292.2	6517252	NC_037298.2	5870811	52.24	6.85e-21	85.5	interchromosomal	NA	NA	NA
XP_002312318.2	XP_024452726.1	NC_037292.2	6517252	NC_037287.2	13432844	59.65	3.27e-20	83.2	interchromosomal	NA	NA	NA
XP_002312318.2	XP_002319082.4	NC_037292.2	6517252	NC_037297.2	2936940	45.12	1.36e-19	82.0	interchromosomal	NA	NA	NA
XP_002312318.2	XP_002324328.1	NC_037292.2	6517252	NC_037302.2	1335139	52.54	3.01e-19	79.3	interchromosomal	NA	NA	NA
XP_002312318.2	XP_006382812.1	NC_037292.2	6517252	NC_037289.2	3486578	43.90	8.87e-19	79.3	interchromosomal	NA	NA	NA
XP_002312318.2	XP_002318373.2	NC_037292.2	6517252	NC_037296.2	911247	55.93	9.75e-19	79.3	interchromosomal	NA	NA	NA
XP_002312318.2	XP_002320852.4	NC_037292.2	6517252	NC_037298.2	6296630	42.71	1.12e-17	76.3	interchromosomal	NA	NA	NA
XP_002312318.2	XP_002319879.4	NC_037292.2	6517252	NC_037297.2	9153347	30.95	2.30e-15	68.9	interchromosomal	NA	NA	NA
XP_002312318.2	XP_052305286.1	NC_037292.2	6517252	NC_037303.2	9848168	48.28	3.54e-15	68.9	interchromosomal	NA	NA	NA
XP_002312318.2	XP_024439297.1	NC_037292.2	6517252	NC_037297.2	9163560	48.28	1.31e-14	67.0	interchromosomal	NA	NA	NA
XP_002312318.2	XP_024452203.2	NC_037292.2	6517252	NC_037287.2	21584780	45.90	3.49e-13	59.3	interchromosomal	NA	NA	NA
XP_002312318.2	XP_002323675.2	NC_037292.2	6517252	NC_037300.2	14139186	48.28	3.77e-14	65.1	interchromosomal	NA	NA	NA
XP_002312318.2	XP_006368530.1	NC_037292.2	6517252	NC_037285.2	159614	45.76	2.13e-13	58.5	interchromosomal	NA	NA	NA
XP_002314962.2	XP_002320967.3	NC_037294.2	15857170	NC_037298.2	7968052	47.14	3.03e-70	216.0	interchromosomal	NA	NA	NA
XP_002314962.2	XP_024436877.2	NC_037294.2	15857170	NC_037295.2	8531133	41.18	2.94e-50	164.0	interchromosomal	NA	NA	NA
XP_002314962.2	XP_006369893.1	NC_037294.2	15857170	NC_037285.2	36641635	41.64	2.64e-51	167.0	interchromosomal	NA	NA	NA
XP_002314962.2	XP_006368868.2	NC_037294.2	15857170	NC_037285.2	4486450	65.43	1.63e-37	126.0	interchromosomal	NA	NA	NA
XP_002314962.2	XP_006375168.1	NC_037294.2	15857170	NC_037298.2	3234387	50.41	1.53e-36	126.0	interchromosomal	NA	NA	NA
XP_002314962.2	XP_002320160.2	NC_037294.2	15857170	NC_037298.2	5891006	57.80	6.38e-36	123.0	interchromosomal	NA	NA	NA
XP_002314962.2	XP_002318747.1	NC_037294.2	15857170	NC_037296.2	12395944	68.92	3.63e-35	121.0	interchromosomal	NA	NA	NA
XP_002314962.2	XP_002322274.1	NC_037294.2	15857170	NC_037299.2	11932322	69.33	3.86e-35	120.0	interchromosomal	NA	NA	NA
XP_002314962.2	XP_006373216.1	NC_037294.2	15857170	NC_037301.2	5566257	68.92	5.42e-36	122.0	interchromosomal	NA	NA	NA
XP_002314962.2	XP_024444415.2	NC_037294.2	15857170	NC_037301.2	10127356	44.38	4.89e-34	125.0	interchromosomal	NA	NA	NA
XP_002314962.2	XP_052308647.1	NC_037294.2	15857170	NC_037289.2	5998576	62.96	6.73e-34	119.0	interchromosomal	NA	NA	NA
XP_002314962.2	XP_024454278.1	NC_037294.2	15857170	NC_037288.2	11508039	50.42	1.21e-33	124.0	interchromosomal	NA	NA	NA
XP_002314962.2	XP_024456867.1	NC_037294.2	15857170	NC_037289.2	5877537	57.30	9.25e-33	115.0	interchromosomal	NA	NA	NA
XP_002314962.2	XP_024461002.1	NC_037294.2	15857170	NC_037291.2	10436238	60.24	1.67e-32	114.0	interchromosomal	NA	NA	NA
XP_002314962.2	XP_006378014.1	NC_037294.2	15857170	NC_037295.2	19237430	41.57	1.21e-31	119.0	interchromosomal	NA	NA	NA
XP_002314962.2	XP_002323637.2	NC_037294.2	15857170	NC_037300.2	13149873	40.94	2.14e-31	118.0	interchromosomal	NA	NA	NA
XP_002314962.2	XP_024438829.2	NC_037294.2	15857170	NC_037297.2	7868485	34.76	3.00e-31	118.0	interchromosomal	NA	NA	NA
XP_002314962.2	XP_002326093.4	NC_037294.2	15857170	NC_037303.2	14801942	41.88	1.90e-30	115.0	interchromosomal	NA	NA	NA
XP_002314962.2	XP_024437369.2	NC_037294.2	15857170	NC_037295.2	11223426	64.47	2.52e-30	114.0	interchromosomal	NA	NA	NA
XP_002314962.2	XP_006375555.1	NC_037294.2	15857170	NC_037298.2	11864534	55.10	9.08e-31	115.0	interchromosomal	NA	NA	NA
XP_002314962.2	XP_002319959.2	NC_037294.2	15857170	NC_037297.2	14908280	45.83	1.15e-29	113.0	interchromosomal	NA	NA	NA
XP_002314962.2	XP_024458700.1	NC_037294.2	15857170	NC_037290.2	8094569	57.47	9.24e-29	110.0	interchromosomal	NA	NA	NA
XP_002314962.2	XP_024443283.1	NC_037294.2	15857170	NC_037300.2	6485177	41.79	2.83e-28	108.0	interchromosomal	NA	NA	NA
XP_002314962.2	XP_006381519.2	NC_037294.2	15857170	NC_037290.2	10930631	42.97	3.70e-28	108.0	interchromosomal	NA	NA	NA
XP_002314962.2	XP_024446053.1	NC_037294.2	15857170	NC_037302.2	12567397	40.83	8.19e-25	98.6	interchromosomal	NA	NA	NA
XP_002314962.2	XP_024450700.1	NC_037294.2	15857170	NC_037286.2	21787634	39.84	1.16e-24	98.6	interchromosomal	NA	NA	NA
XP_002314962.2	XP_002321134.3	NC_037294.2	15857170	NC_037298.2	10916137	51.95	1.67e-24	97.8	interchromosomal	NA	NA	NA
XP_002314962.2	XP_024460429.2	NC_037294.2	15857170	NC_037290.2	19088117	40.80	2.45e-24	97.1	interchromosomal	NA	NA	NA
XP_002314962.2	XP_024455846.2	NC_037294.2	15857170	NC_037288.2	463543	51.95	1.77e-24	98.6	interchromosomal	NA	NA	NA
XP_002314962.2	XP_002323839.4	NC_037294.2	15857170	NC_037301.2	8849889	45.36	3.27e-24	97.1	interchromosomal	NA	NA	NA
XP_002314962.2	XP_006389578.1	NC_037294.2	15857170	NC_037295.2	587221	51.95	3.95e-24	97.4	interchromosomal	NA	NA	NA
XP_002314962.2	XP_002323509.1	NC_037294.2	15857170	NC_037300.2	10100937	66.07	8.62e-24	93.2	interchromosomal	NA	NA	NA
XP_002314962.2	XP_024440069.1	NC_037294.2	15857170	NC_037298.2	7538137	38.80	2.71e-25	100.0	interchromosomal	NA	NA	NA
XP_002314962.2	XP_024466667.1	NC_037294.2	15857170	NC_037285.2	21315533	43.14	2.45e-23	94.7	interchromosomal	NA	NA	NA
XP_002314962.2	XP_052303325.1	NC_037294.2	15857170	NC_037299.2	8984460	40.74	2.98e-22	92.0	interchromosomal	NA	NA	NA
XP_002314962.2	XP_006368511.1	NC_037294.2	15857170	NC_037285.2	3207145	54.84	1.82e-21	87.0	interchromosomal	NA	NA	NA
XP_002314962.2	XP_024441317.1	NC_037294.2	15857170	NC_037298.2	1460990	44.19	2.36e-21	87.0	interchromosomal	NA	NA	NA
XP_002314962.2	XP_002324382.1	NC_037294.2	15857170	NC_037302.2	615270	38.84	5.23e-21	85.9	interchromosomal	NA	NA	NA
XP_002314962.2	XP_002325248.3	NC_037294.2	15857170	NC_037302.2	14435429	45.12	5.59e-21	85.1	interchromosomal	NA	NA	NA
XP_002314962.2	XP_006372370.1	NC_037294.2	15857170	NC_037301.2	14784916	39.60	9.65e-21	85.9	interchromosomal	NA	NA	NA
XP_002314962.2	XP_052303237.1	NC_037294.2	15857170	NC_037298.2	8049826	58.33	1.68e-20	83.2	interchromosomal	NA	NA	NA
XP_002314962.2	XP_006368768.2	NC_037294.2	15857170	NC_037285.2	7882247	46.15	1.64e-20	84.3	interchromosomal	NA	NA	NA
XP_002314962.2	XP_006383530.2	NC_037294.2	15857170	NC_037289.2	11313285	46.34	1.94e-20	84.0	interchromosomal	NA	NA	NA
XP_002314962.2	XP_006371762.1	NC_037294.2	15857170	NC_037302.2	1349083	49.37	1.31e-20	84.3	interchromosomal	NA	NA	NA
XP_002314962.2	XP_006382109.3	NC_037294.2	15857170	NC_037290.2	26029137	46.75	4.52e-20	84.7	interchromosomal	NA	NA	NA
XP_002314962.2	XP_002317397.1	NC_037294.2	15857170	NC_037295.2	6182166	56.67	1.01e-19	81.3	interchromosomal	NA	NA	NA
XP_002314962.2	XP_024446284.2	NC_037294.2	15857170	NC_037302.2	1292205	48.10	1.07e-19	83.2	interchromosomal	NA	NA	NA
XP_002314962.2	XP_052301100.1	NC_037294.2	15857170	NC_037295.2	18333481	56.67	1.88e-19	82.4	interchromosomal	NA	NA	NA
XP_002314962.2	XP_002324328.1	NC_037294.2	15857170	NC_037302.2	1335139	48.57	1.43e-19	80.5	interchromosomal	NA	NA	NA
XP_002314962.2	XP_024458563.1	NC_037294.2	15857170	NC_037285.2	48605799	56.67	5.47e-19	80.9	interchromosomal	NA	NA	NA
XP_002314962.2	XP_024452726.1	NC_037294.2	15857170	NC_037287.2	13432844	57.90	7.10e-19	79.0	interchromosomal	NA	NA	NA
XP_002314962.2	XP_006386616.2	NC_037294.2	15857170	NC_037286.2	12590323	35.76	1.10e-19	82.0	interchromosomal	NA	NA	NA
XP_002314962.2	XP_006375351.1	NC_037294.2	15857170	NC_037298.2	5870811	51.47	1.04e-18	79.3	interchromosomal	NA	NA	NA
XP_002314962.2	XP_002319082.4	NC_037294.2	15857170	NC_037297.2	2936940	41.46	2.80e-18	78.2	interchromosomal	NA	NA	NA
XP_002314962.2	XP_002318373.2	NC_037294.2	15857170	NC_037296.2	911247	55.93	3.63e-18	77.8	interchromosomal	NA	NA	NA
XP_002314962.2	XP_002320852.4	NC_037294.2	15857170	NC_037298.2	6296630	41.67	1.84e-17	75.9	interchromosomal	NA	NA	NA
XP_002314962.2	XP_006382812.1	NC_037294.2	15857170	NC_037289.2	3486578	40.24	2.05e-17	75.5	interchromosomal	NA	NA	NA
XP_002314962.2	XP_052305286.1	NC_037294.2	15857170	NC_037303.2	9848168	48.28	1.29e-14	67.4	interchromosomal	NA	NA	NA
XP_002314962.2	XP_024439297.1	NC_037294.2	15857170	NC_037297.2	9163560	46.27	3.14e-14	65.9	interchromosomal	NA	NA	NA
XP_002314962.2	XP_002319879.4	NC_037294.2	15857170	NC_037297.2	9153347	29.07	4.06e-14	65.5	interchromosomal	NA	NA	NA
XP_002314962.2	XP_006368530.1	NC_037294.2	15857170	NC_037285.2	159614	47.46	7.23e-14	60.1	interchromosomal	NA	NA	NA
XP_002314962.2	XP_024452203.2	NC_037294.2	15857170	NC_037287.2	21584780	44.26	5.33e-12	55.8	interchromosomal	NA	NA	NA
XP_002314962.2	XP_002323675.2	NC_037294.2	15857170	NC_037300.2	14139186	46.55	9.40e-13	60.8	interchromosomal	NA	NA	NA
XP_024466901.1	XP_052308647.1	NC_037294.2	16611764	NC_037289.2	5998576	65.43	6.22e-36	122.0	interchromosomal	NA	NA	NA
XP_024466901.1	XP_052303325.1	NC_037294.2	16611764	NC_037299.2	8984460	40.20	9.18e-19	80.1	interchromosomal	NA	NA	NA
XP_024466901.1	XP_052301100.1	NC_037294.2	16611764	NC_037295.2	18333481	54.39	3.63e-18	77.0	interchromosomal	NA	NA	NA
XP_024466901.1	XP_052303237.1	NC_037294.2	16611764	NC_037298.2	8049826	54.39	4.29e-17	72.4	interchromosomal	NA	NA	NA
XP_024466901.1	XP_052305286.1	NC_037294.2	16611764	NC_037303.2	9848168	49.25	4.72e-17	73.9	interchromosomal	NA	NA	NA
XP_002315024.1	XP_024444415.2	NC_037294.2	16783136	NC_037301.2	10127356	54.56	1.89e-176	500.0	interchromosomal	NA	NA	NA
XP_002315024.1	XP_024454278.1	NC_037294.2	16783136	NC_037288.2	11508039	51.18	8.81e-166	473.0	interchromosomal	NA	NA	NA
XP_002315024.1	XP_006378014.1	NC_037294.2	16783136	NC_037295.2	19237430	50.48	1.06e-90	285.0	interchromosomal	NA	NA	NA
XP_002315024.1	XP_002319959.2	NC_037294.2	16783136	NC_037297.2	14908280	54.15	9.69e-95	293.0	interchromosomal	NA	NA	NA
XP_002315024.1	XP_006381519.2	NC_037294.2	16783136	NC_037290.2	10930631	39.82	1.73e-88	273.0	interchromosomal	NA	NA	NA
XP_002315024.1	XP_024437369.2	NC_037294.2	16783136	NC_037295.2	11223426	53.16	1.70e-85	267.0	interchromosomal	NA	NA	NA
XP_002315024.1	XP_002326093.4	NC_037294.2	16783136	NC_037303.2	14801942	50.16	5.23e-87	273.0	interchromosomal	NA	NA	NA
XP_002315024.1	XP_024443283.1	NC_037294.2	16783136	NC_037300.2	6485177	37.95	8.05e-85	263.0	interchromosomal	NA	NA	NA
XP_002315024.1	XP_002323637.2	NC_037294.2	16783136	NC_037300.2	13149873	51.25	2.18e-87	273.0	interchromosomal	NA	NA	NA
XP_002315024.1	XP_024458700.1	NC_037294.2	16783136	NC_037290.2	8094569	54.18	2.67e-84	264.0	interchromosomal	NA	NA	NA
XP_002315024.1	XP_024438829.2	NC_037294.2	16783136	NC_037297.2	7868485	50.00	1.07e-80	259.0	interchromosomal	NA	NA	NA
XP_002315024.1	XP_006375555.1	NC_037294.2	16783136	NC_037298.2	11864534	45.52	1.35e-64	210.0	interchromosomal	NA	NA	NA
XP_002315024.1	XP_024446053.1	NC_037294.2	16783136	NC_037302.2	12567397	34.91	1.77e-51	176.0	interchromosomal	NA	NA	NA
XP_002315024.1	XP_024460429.2	NC_037294.2	16783136	NC_037290.2	19088117	34.51	1.23e-50	174.0	interchromosomal	NA	NA	NA
XP_002315024.1	XP_006382109.3	NC_037294.2	16783136	NC_037290.2	26029137	35.26	2.96e-48	166.0	interchromosomal	NA	NA	NA
XP_002315024.1	XP_024446284.2	NC_037294.2	16783136	NC_037302.2	1292205	36.36	7.07e-46	160.0	interchromosomal	NA	NA	NA
XP_002315024.1	XP_006375168.1	NC_037294.2	16783136	NC_037298.2	3234387	61.18	4.04e-33	119.0	interchromosomal	NA	NA	NA
XP_002315024.1	XP_024436877.2	NC_037294.2	16783136	NC_037295.2	8531133	45.03	4.58e-34	123.0	interchromosomal	NA	NA	NA
XP_002315024.1	XP_052308647.1	NC_037294.2	16783136	NC_037289.2	5998576	62.82	1.46e-32	117.0	interchromosomal	NA	NA	NA
XP_002315024.1	XP_006369893.1	NC_037294.2	16783136	NC_037285.2	36641635	44.37	7.34e-35	125.0	interchromosomal	NA	NA	NA
XP_002315024.1	XP_002320967.3	NC_037294.2	16783136	NC_037298.2	7968052	46.88	7.03e-33	120.0	interchromosomal	NA	NA	NA
XP_002315024.1	XP_006368868.2	NC_037294.2	16783136	NC_037285.2	4486450	53.57	4.90e-31	111.0	interchromosomal	NA	NA	NA
XP_002315024.1	XP_006373216.1	NC_037294.2	16783136	NC_037301.2	5566257	58.97	3.16e-31	111.0	interchromosomal	NA	NA	NA
XP_002315024.1	XP_002322274.1	NC_037294.2	16783136	NC_037299.2	11932322	62.86	2.87e-29	106.0	interchromosomal	NA	NA	NA
XP_002315024.1	XP_024461002.1	NC_037294.2	16783136	NC_037291.2	10436238	41.03	3.75e-30	108.0	interchromosomal	NA	NA	NA
XP_002315024.1	XP_002320160.2	NC_037294.2	16783136	NC_037298.2	5891006	59.21	4.44e-28	103.0	interchromosomal	NA	NA	NA
XP_002315024.1	XP_002318747.1	NC_037294.2	16783136	NC_037296.2	12395944	60.87	7.08e-28	103.0	interchromosomal	NA	NA	NA
XP_002315024.1	XP_006389578.1	NC_037294.2	16783136	NC_037295.2	587221	28.98	5.28e-29	113.0	interchromosomal	NA	NA	NA
XP_002315024.1	XP_002321134.3	NC_037294.2	16783136	NC_037298.2	10916137	38.41	5.98e-27	107.0	interchromosomal	NA	NA	NA
XP_002315024.1	XP_024456867.1	NC_037294.2	16783136	NC_037289.2	5877537	54.05	1.51e-27	101.0	interchromosomal	NA	NA	NA
XP_002315024.1	XP_024455846.2	NC_037294.2	16783136	NC_037288.2	463543	49.00	2.25e-27	108.0	interchromosomal	NA	NA	NA
XP_002315024.1	XP_024440069.1	NC_037294.2	16783136	NC_037298.2	7538137	51.65	4.02e-27	107.0	interchromosomal	NA	NA	NA
XP_002315024.1	XP_002323839.4	NC_037294.2	16783136	NC_037301.2	8849889	50.55	1.78e-26	105.0	interchromosomal	NA	NA	NA
XP_002315024.1	XP_024450700.1	NC_037294.2	16783136	NC_037286.2	21787634	48.96	9.02e-25	100.0	interchromosomal	NA	NA	NA
XP_002315024.1	XP_002324382.1	NC_037294.2	16783136	NC_037302.2	615270	43.90	2.68e-24	96.3	interchromosomal	NA	NA	NA
XP_002315024.1	XP_002325248.3	NC_037294.2	16783136	NC_037302.2	14435429	43.36	2.33e-23	93.2	interchromosomal	NA	NA	NA
XP_002315024.1	XP_024466667.1	NC_037294.2	16783136	NC_037285.2	21315533	47.19	3.43e-24	98.6	interchromosomal	NA	NA	NA
XP_002315024.1	XP_006383530.2	NC_037294.2	16783136	NC_037289.2	11313285	49.41	2.76e-23	93.2	interchromosomal	NA	NA	NA
XP_002315024.1	XP_052303325.1	NC_037294.2	16783136	NC_037299.2	8984460	47.25	4.65e-24	99.0	interchromosomal	NA	NA	NA
XP_002315024.1	XP_002319082.4	NC_037294.2	16783136	NC_037297.2	2936940	44.66	9.17e-23	92.0	interchromosomal	NA	NA	NA
XP_002315024.1	XP_006372370.1	NC_037294.2	16783136	NC_037301.2	14784916	41.84	5.12e-22	90.9	interchromosomal	NA	NA	NA
XP_002315024.1	XP_024452726.1	NC_037294.2	16783136	NC_037287.2	13432844	56.06	7.25e-22	89.0	interchromosomal	NA	NA	NA
XP_002315024.1	XP_024441317.1	NC_037294.2	16783136	NC_037298.2	1460990	52.50	3.37e-22	90.5	interchromosomal	NA	NA	NA
XP_002315024.1	XP_006368768.2	NC_037294.2	16783136	NC_037285.2	7882247	41.91	8.02e-22	89.4	interchromosomal	NA	NA	NA
XP_002315024.1	XP_006371762.1	NC_037294.2	16783136	NC_037302.2	1349083	57.35	5.92e-22	89.0	interchromosomal	NA	NA	NA
XP_002315024.1	XP_006382812.1	NC_037294.2	16783136	NC_037289.2	3486578	43.69	5.68e-22	89.7	interchromosomal	NA	NA	NA
XP_002315024.1	XP_006375351.1	NC_037294.2	16783136	NC_037298.2	5870811	44.90	2.74e-21	87.4	interchromosomal	NA	NA	NA
XP_002315024.1	XP_006386616.2	NC_037294.2	16783136	NC_037286.2	12590323	41.18	5.67e-21	86.7	interchromosomal	NA	NA	NA
XP_002315024.1	XP_002324328.1	NC_037294.2	16783136	NC_037302.2	1335139	35.37	1.92e-20	84.3	interchromosomal	NA	NA	NA
XP_002315024.1	XP_002317397.1	NC_037294.2	16783136	NC_037295.2	6182166	44.71	1.51e-20	83.6	interchromosomal	NA	NA	NA
XP_002315024.1	XP_024458563.1	NC_037294.2	16783136	NC_037285.2	48605799	50.77	1.04e-19	84.3	interchromosomal	NA	NA	NA
XP_002315024.1	XP_006368511.1	NC_037294.2	16783136	NC_037285.2	3207145	50.69	1.05e-19	82.8	interchromosomal	NA	NA	NA
XP_002315024.1	XP_052301100.1	NC_037294.2	16783136	NC_037295.2	18333481	50.77	1.14e-19	84.3	interchromosomal	NA	NA	NA
XP_002315024.1	XP_002323509.1	NC_037294.2	16783136	NC_037300.2	10100937	55.36	3.78e-19	80.9	interchromosomal	NA	NA	NA
XP_002315024.1	XP_052303237.1	NC_037294.2	16783136	NC_037298.2	8049826	50.00	6.96e-19	79.3	interchromosomal	NA	NA	NA
XP_002315024.1	XP_002318373.2	NC_037294.2	16783136	NC_037296.2	911247	47.69	5.16e-17	75.5	interchromosomal	NA	NA	NA
XP_002315024.1	XP_052305286.1	NC_037294.2	16783136	NC_037303.2	9848168	50.00	1.65e-16	73.9	interchromosomal	NA	NA	NA
XP_002315024.1	XP_002320852.4	NC_037294.2	16783136	NC_037298.2	6296630	41.89	3.48e-16	72.8	interchromosomal	NA	NA	NA
XP_002315024.1	XP_024439297.1	NC_037294.2	16783136	NC_037297.2	9163560	50.00	1.25e-15	71.2	interchromosomal	NA	NA	NA
XP_002315024.1	XP_024452203.2	NC_037294.2	16783136	NC_037287.2	21584780	49.09	2.87e-12	57.0	interchromosomal	NA	NA	NA
XP_002315024.1	XP_002319879.4	NC_037294.2	16783136	NC_037297.2	9153347	41.79	4.64e-12	59.7	interchromosomal	NA	NA	NA
XP_002315024.1	XP_002323675.2	NC_037294.2	16783136	NC_037300.2	14139186	43.28	4.76e-13	62.4	interchromosomal	NA	NA	NA
XP_002315024.1	XP_006368530.1	NC_037294.2	16783136	NC_037285.2	159614	37.29	1.32e-11	53.5	interchromosomal	NA	NA	NA
XP_006389578.1	XP_024455846.2	NC_037295.2	587221	NC_037288.2	463543	83.25	0.00e+00	908.0	interchromosomal	NA	NA	NA
XP_006389578.1	XP_024450700.1	NC_037295.2	587221	NC_037286.2	21787634	53.19	1.70e-167	484.0	interchromosomal	NA	NA	NA
XP_006389578.1	XP_024440069.1	NC_037295.2	587221	NC_037298.2	7538137	42.37	1.60e-104	318.0	interchromosomal	NA	NA	NA
XP_006389578.1	XP_052303325.1	NC_037295.2	587221	NC_037299.2	8984460	37.42	8.37e-56	192.0	interchromosomal	NA	NA	NA
XP_006389578.1	XP_024466667.1	NC_037295.2	587221	NC_037285.2	21315533	46.77	1.09e-53	184.0	interchromosomal	NA	NA	NA
XP_006389578.1	XP_024458700.1	NC_037295.2	587221	NC_037290.2	8094569	50.55	4.86e-27	108.0	interchromosomal	NA	NA	NA
XP_006389578.1	XP_024438829.2	NC_037295.2	587221	NC_037297.2	7868485	43.80	2.25e-26	106.0	interchromosomal	NA	NA	NA
XP_006389578.1	XP_024437369.2	NC_037295.2	587221	NC_037295.2	11223426	56.25	4.32e-26	105.0	intrachromosomal_distant	NA	NA	NA
XP_006389578.1	XP_024454278.1	NC_037295.2	587221	NC_037288.2	11508039	55.56	1.08e-25	103.0	interchromosomal	NA	NA	NA
XP_006389578.1	XP_024444415.2	NC_037295.2	587221	NC_037301.2	10127356	48.96	1.16e-25	103.0	interchromosomal	NA	NA	NA
XP_006389578.1	XP_024436877.2	NC_037295.2	587221	NC_037295.2	8531133	39.23	8.17e-24	95.1	intrachromosomal_distant	NA	NA	NA
XP_006389578.1	XP_024443283.1	NC_037295.2	587221	NC_037300.2	6485177	50.00	3.37e-23	95.5	interchromosomal	NA	NA	NA
XP_006389578.1	XP_052303237.1	NC_037295.2	587221	NC_037298.2	8049826	47.06	7.67e-23	91.3	interchromosomal	NA	NA	NA
XP_006389578.1	XP_024466901.1	NC_037295.2	587221	NC_037294.2	16611764	46.99	4.57e-22	89.7	interchromosomal	NA	NA	NA
XP_006389578.1	XP_024446053.1	NC_037295.2	587221	NC_037302.2	12567397	39.23	8.61e-22	91.7	interchromosomal	NA	NA	NA
XP_006389578.1	XP_024460429.2	NC_037295.2	587221	NC_037290.2	19088117	49.35	4.74e-21	89.4	interchromosomal	NA	NA	NA
XP_006389578.1	XP_052301100.1	NC_037295.2	587221	NC_037295.2	18333481	40.74	7.14e-21	88.6	intrachromosomal_distant	NA	NA	NA
XP_006389578.1	XP_024456867.1	NC_037295.2	587221	NC_037289.2	5877537	50.00	1.22e-21	85.1	interchromosomal	NA	NA	NA
XP_006389578.1	XP_024441317.1	NC_037295.2	587221	NC_037298.2	1460990	45.56	1.13e-20	86.7	interchromosomal	NA	NA	NA
XP_006389578.1	XP_024458563.1	NC_037295.2	587221	NC_037285.2	48605799	38.17	1.89e-20	87.0	interchromosomal	NA	NA	NA
XP_006389578.1	XP_024452726.1	NC_037295.2	587221	NC_037287.2	13432844	57.90	6.00e-20	83.6	interchromosomal	NA	NA	NA
XP_006389578.1	XP_024461002.1	NC_037295.2	587221	NC_037291.2	10436238	47.30	6.21e-20	81.3	interchromosomal	NA	NA	NA
XP_006389578.1	XP_052308647.1	NC_037295.2	587221	NC_037289.2	5998576	48.00	8.08e-20	82.0	interchromosomal	NA	NA	NA
XP_006389578.1	XP_024446284.2	NC_037295.2	587221	NC_037302.2	1292205	43.04	4.44e-16	73.6	interchromosomal	NA	NA	NA
XP_006389578.1	XP_052305286.1	NC_037295.2	587221	NC_037303.2	9848168	50.82	3.41e-13	63.9	interchromosomal	NA	NA	NA
XP_006389578.1	XP_024439297.1	NC_037295.2	587221	NC_037297.2	9163560	41.67	1.94e-12	61.6	interchromosomal	NA	NA	NA
XP_002317397.1	XP_052301100.1	NC_037295.2	6182166	NC_037295.2	18333481	38.06	3.96e-42	143.0	intrachromosomal_distant	NA	NA	NA
XP_002317397.1	XP_024458563.1	NC_037295.2	6182166	NC_037285.2	48605799	54.13	8.94e-42	142.0	interchromosomal	NA	NA	NA
XP_002317397.1	XP_052303237.1	NC_037295.2	6182166	NC_037298.2	8049826	36.13	3.17e-37	125.0	interchromosomal	NA	NA	NA
XP_002317397.1	XP_006386616.2	NC_037295.2	6182166	NC_037286.2	12590323	59.78	2.68e-34	120.0	interchromosomal	NA	NA	NA
XP_002317397.1	XP_006375351.1	NC_037295.2	6182166	NC_037298.2	5870811	50.00	2.37e-34	120.0	interchromosomal	NA	NA	NA
XP_002317397.1	XP_006372370.1	NC_037295.2	6182166	NC_037301.2	14784916	44.74	2.41e-32	116.0	interchromosomal	NA	NA	NA
XP_002317397.1	XP_006383530.2	NC_037295.2	6182166	NC_037289.2	11313285	58.89	1.36e-31	113.0	interchromosomal	NA	NA	NA
XP_002317397.1	XP_006368768.2	NC_037295.2	6182166	NC_037285.2	7882247	51.26	2.41e-31	112.0	interchromosomal	NA	NA	NA
XP_002317397.1	XP_002325248.3	NC_037295.2	6182166	NC_037302.2	14435429	52.69	8.08e-31	110.0	interchromosomal	NA	NA	NA
XP_002317397.1	XP_024441317.1	NC_037295.2	6182166	NC_037298.2	1460990	55.91	6.96e-31	111.0	interchromosomal	NA	NA	NA
XP_002317397.1	XP_024452726.1	NC_037295.2	6182166	NC_037287.2	13432844	56.18	8.52e-30	107.0	interchromosomal	NA	NA	NA
XP_002317397.1	XP_002319082.4	NC_037295.2	6182166	NC_037297.2	2936940	53.93	1.32e-28	105.0	interchromosomal	NA	NA	NA
XP_002317397.1	XP_002324382.1	NC_037295.2	6182166	NC_037302.2	615270	52.81	3.05e-28	104.0	interchromosomal	NA	NA	NA
XP_002317397.1	XP_006382812.1	NC_037295.2	6182166	NC_037289.2	3486578	51.69	1.93e-27	102.0	interchromosomal	NA	NA	NA
XP_002317397.1	XP_002321134.3	NC_037295.2	6182166	NC_037298.2	10916137	43.27	7.10e-24	93.6	interchromosomal	NA	NA	NA
XP_002317397.1	XP_024440069.1	NC_037295.2	6182166	NC_037298.2	7538137	37.98	1.11e-23	93.6	interchromosomal	NA	NA	NA
XP_002317397.1	XP_024455846.2	NC_037295.2	6182166	NC_037288.2	463543	57.81	3.04e-23	92.8	interchromosomal	NA	NA	NA
XP_002317397.1	XP_024450700.1	NC_037295.2	6182166	NC_037286.2	21787634	43.27	4.07e-23	91.3	interchromosomal	NA	NA	NA
XP_002317397.1	XP_006389578.1	NC_037295.2	6182166	NC_037295.2	587221	56.25	1.74e-22	90.5	intrachromosomal_distant	NA	NA	NA
XP_002317397.1	XP_024466667.1	NC_037295.2	6182166	NC_037285.2	21315533	55.38	2.01e-21	86.3	interchromosomal	NA	NA	NA
XP_002317397.1	XP_006369893.1	NC_037295.2	6182166	NC_037285.2	36641635	56.67	6.20e-21	83.6	interchromosomal	NA	NA	NA
XP_002317397.1	XP_024436877.2	NC_037295.2	6182166	NC_037295.2	8531133	55.00	1.93e-20	82.0	intrachromosomal_distant	NA	NA	NA
XP_002317397.1	XP_006375555.1	NC_037295.2	6182166	NC_037298.2	11864534	52.86	2.92e-20	82.8	interchromosomal	NA	NA	NA
XP_002317397.1	XP_002318373.2	NC_037295.2	6182166	NC_037296.2	911247	46.24	1.18e-19	80.5	interchromosomal	NA	NA	NA
XP_002317397.1	XP_024454278.1	NC_037295.2	6182166	NC_037288.2	11508039	46.05	1.24e-19	80.9	interchromosomal	NA	NA	NA
XP_002317397.1	XP_002323839.4	NC_037295.2	6182166	NC_037301.2	8849889	55.00	2.28e-19	81.3	interchromosomal	NA	NA	NA
XP_002317397.1	XP_024446053.1	NC_037295.2	6182166	NC_037302.2	12567397	50.00	1.54e-19	80.9	interchromosomal	NA	NA	NA
XP_002317397.1	XP_052303325.1	NC_037295.2	6182166	NC_037299.2	8984460	55.00	3.50e-19	80.9	interchromosomal	NA	NA	NA
XP_002317397.1	XP_024437369.2	NC_037295.2	6182166	NC_037295.2	11223426	38.52	2.19e-19	80.1	intrachromosomal_distant	NA	NA	NA
XP_002317397.1	XP_024438829.2	NC_037295.2	6182166	NC_037297.2	7868485	39.81	3.06e-19	80.1	interchromosomal	NA	NA	NA
XP_002317397.1	XP_024444415.2	NC_037295.2	6182166	NC_037301.2	10127356	55.00	2.86e-19	80.9	interchromosomal	NA	NA	NA
XP_002317397.1	XP_006371762.1	NC_037295.2	6182166	NC_037302.2	1349083	49.27	3.78e-19	78.6	interchromosomal	NA	NA	NA
XP_002317397.1	XP_024460429.2	NC_037295.2	6182166	NC_037290.2	19088117	48.48	4.23e-19	79.3	interchromosomal	NA	NA	NA
XP_002317397.1	XP_002320967.3	NC_037295.2	6182166	NC_037298.2	7968052	53.33	3.77e-19	78.6	interchromosomal	NA	NA	NA
XP_002317397.1	XP_052305286.1	NC_037295.2	6182166	NC_037303.2	9848168	45.78	7.77e-19	78.2	interchromosomal	NA	NA	NA
XP_002317397.1	XP_006382109.3	NC_037295.2	6182166	NC_037290.2	26029137	50.73	8.47e-19	78.6	interchromosomal	NA	NA	NA
XP_002317397.1	XP_002323509.1	NC_037295.2	6182166	NC_037300.2	10100937	39.39	1.01e-18	77.0	interchromosomal	NA	NA	NA
XP_002317397.1	XP_024443283.1	NC_037295.2	6182166	NC_037300.2	6485177	55.00	1.47e-18	78.6	interchromosomal	NA	NA	NA
XP_002317397.1	XP_006381519.2	NC_037295.2	6182166	NC_037290.2	10930631	56.67	1.74e-18	78.2	interchromosomal	NA	NA	NA
XP_002317397.1	XP_006368511.1	NC_037295.2	6182166	NC_037285.2	3207145	47.06	1.11e-18	77.4	interchromosomal	NA	NA	NA
XP_002317397.1	XP_024466901.1	NC_037295.2	6182166	NC_037294.2	16611764	56.14	1.15e-18	77.0	interchromosomal	NA	NA	NA
XP_002317397.1	XP_006378014.1	NC_037295.2	6182166	NC_037295.2	19237430	29.69	3.15e-18	78.2	intrachromosomal_distant	NA	NA	NA
XP_002317397.1	XP_002320852.4	NC_037295.2	6182166	NC_037298.2	6296630	48.00	1.91e-18	77.0	interchromosomal	NA	NA	NA
XP_002317397.1	XP_002322274.1	NC_037295.2	6182166	NC_037299.2	11932322	53.45	2.26e-18	73.9	interchromosomal	NA	NA	NA
XP_002317397.1	XP_002323637.2	NC_037295.2	6182166	NC_037300.2	13149873	53.33	9.91e-18	76.6	interchromosomal	NA	NA	NA
XP_002317397.1	XP_002324328.1	NC_037295.2	6182166	NC_037302.2	1335139	32.52	1.03e-17	73.9	interchromosomal	NA	NA	NA
XP_002317397.1	XP_024458700.1	NC_037295.2	6182166	NC_037290.2	8094569	40.86	1.55e-17	74.7	interchromosomal	NA	NA	NA
XP_002317397.1	XP_002326093.4	NC_037295.2	6182166	NC_037303.2	14801942	51.67	2.97e-17	75.1	interchromosomal	NA	NA	NA
XP_002317397.1	XP_002319959.2	NC_037295.2	6182166	NC_037297.2	14908280	51.67	4.04e-17	74.7	interchromosomal	NA	NA	NA
XP_002317397.1	XP_002318747.1	NC_037295.2	6182166	NC_037296.2	12395944	50.00	4.53e-17	70.5	interchromosomal	NA	NA	NA
XP_002317397.1	XP_024439297.1	NC_037295.2	6182166	NC_037297.2	9163560	42.10	7.23e-19	78.6	interchromosomal	NA	NA	NA
XP_002317397.1	XP_006373216.1	NC_037295.2	6182166	NC_037301.2	5566257	48.28	9.26e-17	69.3	interchromosomal	NA	NA	NA
XP_002317397.1	XP_002320160.2	NC_037295.2	6182166	NC_037298.2	5891006	51.72	1.95e-16	68.9	interchromosomal	NA	NA	NA
XP_002317397.1	XP_024446284.2	NC_037295.2	6182166	NC_037302.2	1292205	49.23	2.99e-16	71.6	interchromosomal	NA	NA	NA
XP_002317397.1	XP_006368868.2	NC_037295.2	6182166	NC_037285.2	4486450	41.18	3.43e-16	67.4	interchromosomal	NA	NA	NA
XP_002317397.1	XP_024456867.1	NC_037295.2	6182166	NC_037289.2	5877537	50.00	1.83e-16	68.9	interchromosomal	NA	NA	NA
XP_002317397.1	XP_006375168.1	NC_037295.2	6182166	NC_037298.2	3234387	49.12	1.35e-15	67.0	interchromosomal	NA	NA	NA
XP_002317397.1	XP_024461002.1	NC_037295.2	6182166	NC_037291.2	10436238	32.76	2.79e-15	65.5	interchromosomal	NA	NA	NA
XP_002317397.1	XP_052308647.1	NC_037295.2	6182166	NC_037289.2	5998576	47.37	4.71e-15	65.5	interchromosomal	NA	NA	NA
XP_002317397.1	XP_002319879.4	NC_037295.2	6182166	NC_037297.2	9153347	50.88	7.48e-13	60.5	interchromosomal	NA	NA	NA
XP_002317397.1	XP_002323675.2	NC_037295.2	6182166	NC_037300.2	14139186	45.61	2.69e-11	55.8	interchromosomal	NA	NA	NA
XP_002317397.1	XP_006368530.1	NC_037295.2	6182166	NC_037285.2	159614	43.33	8.50e-11	51.2	interchromosomal	NA	NA	NA
XP_024436877.2	XP_024466901.1	NC_037295.2	8531133	NC_037294.2	16611764	42.52	4.16e-48	156.0	interchromosomal	NA	NA	NA
XP_024436877.2	XP_052308647.1	NC_037295.2	8531133	NC_037289.2	5998576	64.20	2.10e-34	119.0	interchromosomal	NA	NA	NA
XP_024436877.2	XP_024437369.2	NC_037295.2	8531133	NC_037295.2	11223426	64.94	6.08e-32	117.0	intrachromosomal_distant	NA	NA	NA
XP_024436877.2	XP_024444415.2	NC_037295.2	8531133	NC_037301.2	10127356	34.95	2.19e-31	115.0	interchromosomal	NA	NA	NA
XP_024436877.2	XP_024454278.1	NC_037295.2	8531133	NC_037288.2	11508039	62.67	3.95e-31	115.0	interchromosomal	NA	NA	NA
XP_024436877.2	XP_024458700.1	NC_037295.2	8531133	NC_037290.2	8094569	37.91	3.45e-29	109.0	interchromosomal	NA	NA	NA
XP_024436877.2	XP_024456867.1	NC_037295.2	8531133	NC_037289.2	5877537	56.58	1.41e-29	105.0	interchromosomal	NA	NA	NA
XP_024436877.2	XP_024438829.2	NC_037295.2	8531133	NC_037297.2	7868485	42.74	5.33e-29	109.0	interchromosomal	NA	NA	NA
XP_024436877.2	XP_024443283.1	NC_037295.2	8531133	NC_037300.2	6485177	59.21	7.49e-29	108.0	interchromosomal	NA	NA	NA
XP_024436877.2	XP_024461002.1	NC_037295.2	8531133	NC_037291.2	10436238	50.59	2.31e-28	101.0	interchromosomal	NA	NA	NA
XP_024436877.2	XP_024455846.2	NC_037295.2	8531133	NC_037288.2	463543	39.32	5.57e-26	100.0	interchromosomal	NA	NA	NA
XP_024436877.2	XP_024466667.1	NC_037295.2	8531133	NC_037285.2	21315533	43.81	2.20e-24	96.7	interchromosomal	NA	NA	NA
XP_024436877.2	XP_024440069.1	NC_037295.2	8531133	NC_037298.2	7538137	43.56	5.30e-23	92.4	interchromosomal	NA	NA	NA
XP_024436877.2	XP_024450700.1	NC_037295.2	8531133	NC_037286.2	21787634	39.45	3.27e-22	89.7	interchromosomal	NA	NA	NA
XP_024436877.2	XP_052303325.1	NC_037295.2	8531133	NC_037299.2	8984460	41.59	4.51e-24	96.3	interchromosomal	NA	NA	NA
XP_024436877.2	XP_024446053.1	NC_037295.2	8531133	NC_037302.2	12567397	40.18	2.13e-22	90.9	interchromosomal	NA	NA	NA
XP_024436877.2	XP_024460429.2	NC_037295.2	8531133	NC_037290.2	19088117	34.04	2.06e-22	90.9	interchromosomal	NA	NA	NA
XP_024436877.2	XP_024452726.1	NC_037295.2	8531133	NC_037287.2	13432844	35.46	2.33e-21	85.1	interchromosomal	NA	NA	NA
XP_024436877.2	XP_052301100.1	NC_037295.2	8531133	NC_037295.2	18333481	55.74	3.34e-21	86.3	intrachromosomal_distant	NA	NA	NA
XP_024436877.2	XP_024458563.1	NC_037295.2	8531133	NC_037285.2	48605799	55.74	5.41e-21	85.5	interchromosomal	NA	NA	NA
XP_024436877.2	XP_052303237.1	NC_037295.2	8531133	NC_037298.2	8049826	58.33	7.24e-20	80.5	interchromosomal	NA	NA	NA
XP_024436877.2	XP_024441317.1	NC_037295.2	8531133	NC_037298.2	1460990	40.00	6.74e-20	82.0	interchromosomal	NA	NA	NA
XP_024436877.2	XP_024446284.2	NC_037295.2	8531133	NC_037302.2	1292205	46.75	7.09e-19	79.3	interchromosomal	NA	NA	NA
XP_024436877.2	XP_024452203.2	NC_037295.2	8531133	NC_037287.2	21584780	43.48	1.90e-15	65.1	interchromosomal	NA	NA	NA
XP_024436877.2	XP_024439297.1	NC_037295.2	8531133	NC_037297.2	9163560	50.85	5.18e-15	67.4	interchromosomal	NA	NA	NA
XP_024436877.2	XP_052305286.1	NC_037295.2	8531133	NC_037303.2	9848168	46.15	9.70e-15	67.0	interchromosomal	NA	NA	NA
XP_024437369.2	XP_024438829.2	NC_037295.2	11223426	NC_037297.2	7868485	41.22	9.32e-97	303.0	interchromosomal	NA	NA	NA
XP_024437369.2	XP_024444415.2	NC_037295.2	11223426	NC_037301.2	10127356	41.12	4.20e-89	276.0	interchromosomal	NA	NA	NA
XP_024437369.2	XP_024454278.1	NC_037295.2	11223426	NC_037288.2	11508039	42.42	1.65e-89	278.0	interchromosomal	NA	NA	NA
XP_024437369.2	XP_024458700.1	NC_037295.2	11223426	NC_037290.2	8094569	41.61	2.02e-86	271.0	interchromosomal	NA	NA	NA
XP_024437369.2	XP_024443283.1	NC_037295.2	11223426	NC_037300.2	6485177	40.98	2.15e-74	238.0	interchromosomal	NA	NA	NA
XP_024437369.2	XP_024460429.2	NC_037295.2	11223426	NC_037290.2	19088117	38.53	5.25e-52	179.0	interchromosomal	NA	NA	NA
XP_024437369.2	XP_024446053.1	NC_037295.2	11223426	NC_037302.2	12567397	40.22	3.63e-51	177.0	interchromosomal	NA	NA	NA
XP_024437369.2	XP_024446284.2	NC_037295.2	11223426	NC_037302.2	1292205	32.55	6.80e-42	149.0	interchromosomal	NA	NA	NA
XP_024437369.2	XP_052308647.1	NC_037295.2	11223426	NC_037289.2	5998576	60.53	8.72e-31	113.0	interchromosomal	NA	NA	NA
XP_024437369.2	XP_024466901.1	NC_037295.2	11223426	NC_037294.2	16611764	65.79	1.59e-30	114.0	interchromosomal	NA	NA	NA
XP_024437369.2	XP_024461002.1	NC_037295.2	11223426	NC_037291.2	10436238	54.67	3.89e-28	103.0	interchromosomal	NA	NA	NA
XP_024437369.2	XP_024440069.1	NC_037295.2	11223426	NC_037298.2	7538137	51.06	1.76e-27	108.0	interchromosomal	NA	NA	NA
XP_024437369.2	XP_024456867.1	NC_037295.2	11223426	NC_037289.2	5877537	54.80	2.81e-27	101.0	interchromosomal	NA	NA	NA
XP_024437369.2	XP_024455846.2	NC_037295.2	11223426	NC_037288.2	463543	56.25	1.39e-26	106.0	interchromosomal	NA	NA	NA
XP_024437369.2	XP_052303325.1	NC_037295.2	11223426	NC_037299.2	8984460	37.58	1.63e-26	106.0	interchromosomal	NA	NA	NA
XP_024437369.2	XP_024450700.1	NC_037295.2	11223426	NC_037286.2	21787634	54.88	9.19e-25	101.0	interchromosomal	NA	NA	NA
XP_024437369.2	XP_024466667.1	NC_037295.2	11223426	NC_037285.2	21315533	45.45	5.21e-26	104.0	interchromosomal	NA	NA	NA
XP_024437369.2	XP_024441317.1	NC_037295.2	11223426	NC_037298.2	1460990	54.55	2.01e-22	91.3	interchromosomal	NA	NA	NA
XP_024437369.2	XP_024452726.1	NC_037295.2	11223426	NC_037287.2	13432844	58.06	4.72e-21	86.3	interchromosomal	NA	NA	NA
XP_024437369.2	XP_052301100.1	NC_037295.2	11223426	NC_037295.2	18333481	36.94	5.97e-20	85.1	intrachromosomal_distant	NA	NA	NA
XP_024437369.2	XP_024458563.1	NC_037295.2	11223426	NC_037285.2	48605799	42.22	9.56e-19	81.3	interchromosomal	NA	NA	NA
XP_024437369.2	XP_052303237.1	NC_037295.2	11223426	NC_037298.2	8049826	35.92	1.03e-15	70.5	interchromosomal	NA	NA	NA
XP_024437369.2	XP_052305286.1	NC_037295.2	11223426	NC_037303.2	9848168	46.55	3.96e-14	67.0	interchromosomal	NA	NA	NA
XP_024437369.2	XP_024439297.1	NC_037295.2	11223426	NC_037297.2	9163560	42.86	6.28e-13	63.2	interchromosomal	NA	NA	NA
XP_024437369.2	XP_024452203.2	NC_037295.2	11223426	NC_037287.2	21584780	42.10	5.47e-12	56.2	interchromosomal	NA	NA	NA
XP_052301100.1	XP_052303237.1	NC_037295.2	18333481	NC_037298.2	8049826	64.44	1.23e-34	123.0	interchromosomal	NA	NA	NA
XP_052301100.1	XP_052303325.1	NC_037295.2	18333481	NC_037299.2	8984460	43.82	4.15e-19	83.2	interchromosomal	NA	NA	NA
XP_052301100.1	XP_052305286.1	NC_037295.2	18333481	NC_037303.2	9848168	45.00	3.65e-17	75.9	interchromosomal	NA	NA	NA
XP_052301100.1	XP_052308647.1	NC_037295.2	18333481	NC_037289.2	5998576	39.77	1.20e-15	68.2	interchromosomal	NA	NA	NA
XP_006378014.1	XP_024438829.2	NC_037295.2	19237430	NC_037297.2	7868485	43.34	4.91e-128	390.0	interchromosomal	NA	NA	NA
XP_006378014.1	XP_024437369.2	NC_037295.2	19237430	NC_037295.2	11223426	42.26	1.39e-96	302.0	intrachromosomal_distant	NA	NA	NA
XP_006378014.1	XP_024444415.2	NC_037295.2	19237430	NC_037301.2	10127356	51.02	1.12e-87	279.0	interchromosomal	NA	NA	NA
XP_006378014.1	XP_024454278.1	NC_037295.2	19237430	NC_037288.2	11508039	49.01	7.82e-85	271.0	interchromosomal	NA	NA	NA
XP_006378014.1	XP_006381519.2	NC_037295.2	19237430	NC_037290.2	10930631	48.63	2.40e-80	258.0	interchromosomal	NA	NA	NA
XP_006378014.1	XP_024443283.1	NC_037295.2	19237430	NC_037300.2	6485177	48.08	6.43e-79	254.0	interchromosomal	NA	NA	NA
XP_006378014.1	XP_024458700.1	NC_037295.2	19237430	NC_037290.2	8094569	40.10	1.01e-93	295.0	interchromosomal	NA	NA	NA
XP_006378014.1	XP_024446284.2	NC_037295.2	19237430	NC_037302.2	1292205	35.38	4.76e-45	161.0	interchromosomal	NA	NA	NA
XP_006378014.1	XP_006382109.3	NC_037295.2	19237430	NC_037290.2	26029137	36.17	3.45e-45	161.0	interchromosomal	NA	NA	NA
XP_006378014.1	XP_024460429.2	NC_037295.2	19237430	NC_037290.2	19088117	36.40	8.78e-46	164.0	interchromosomal	NA	NA	NA
XP_006378014.1	XP_024446053.1	NC_037295.2	19237430	NC_037302.2	12567397	36.50	1.90e-44	160.0	interchromosomal	NA	NA	NA
XP_006378014.1	XP_052308647.1	NC_037295.2	19237430	NC_037289.2	5998576	56.82	1.57e-31	116.0	interchromosomal	NA	NA	NA
XP_006378014.1	XP_024436877.2	NC_037295.2	19237430	NC_037295.2	8531133	48.76	1.92e-30	114.0	intrachromosomal_distant	NA	NA	NA
XP_006378014.1	XP_024466901.1	NC_037295.2	19237430	NC_037294.2	16611764	64.47	6.70e-30	112.0	interchromosomal	NA	NA	NA
XP_006378014.1	XP_024461002.1	NC_037295.2	19237430	NC_037291.2	10436238	46.09	1.88e-29	107.0	interchromosomal	NA	NA	NA
XP_006378014.1	XP_024456867.1	NC_037295.2	19237430	NC_037289.2	5877537	44.95	4.77e-28	103.0	interchromosomal	NA	NA	NA
XP_006378014.1	XP_006389578.1	NC_037295.2	19237430	NC_037295.2	587221	41.04	5.54e-27	108.0	intrachromosomal_distant	NA	NA	NA
XP_006378014.1	XP_024466667.1	NC_037295.2	19237430	NC_037285.2	21315533	54.22	9.73e-26	103.0	interchromosomal	NA	NA	NA
XP_006378014.1	XP_024455846.2	NC_037295.2	19237430	NC_037288.2	463543	54.76	1.06e-25	104.0	interchromosomal	NA	NA	NA
XP_006378014.1	XP_024440069.1	NC_037295.2	19237430	NC_037298.2	7538137	55.00	2.98e-25	102.0	interchromosomal	NA	NA	NA
XP_006378014.1	XP_024450700.1	NC_037295.2	19237430	NC_037286.2	21787634	55.00	5.52e-24	99.4	interchromosomal	NA	NA	NA
XP_006378014.1	XP_006383530.2	NC_037295.2	19237430	NC_037289.2	11313285	42.48	2.55e-23	94.7	interchromosomal	NA	NA	NA
XP_006378014.1	XP_024441317.1	NC_037295.2	19237430	NC_037298.2	1460990	50.00	2.02e-23	94.7	interchromosomal	NA	NA	NA
XP_006378014.1	XP_052303325.1	NC_037295.2	19237430	NC_037299.2	8984460	50.65	5.76e-23	96.3	interchromosomal	NA	NA	NA
XP_006378014.1	XP_006382812.1	NC_037295.2	19237430	NC_037289.2	3486578	44.04	2.43e-21	88.2	interchromosomal	NA	NA	NA
XP_006378014.1	XP_024452726.1	NC_037295.2	19237430	NC_037287.2	13432844	45.63	8.96e-20	83.6	interchromosomal	NA	NA	NA
XP_006378014.1	XP_006386616.2	NC_037295.2	19237430	NC_037286.2	12590323	39.10	1.25e-19	83.2	interchromosomal	NA	NA	NA
XP_006378014.1	XP_052303237.1	NC_037295.2	19237430	NC_037298.2	8049826	36.61	2.20e-18	78.6	interchromosomal	NA	NA	NA
XP_006378014.1	XP_024458563.1	NC_037295.2	19237430	NC_037285.2	48605799	50.77	7.08e-18	79.0	interchromosomal	NA	NA	NA
XP_006378014.1	XP_052305286.1	NC_037295.2	19237430	NC_037303.2	9848168	48.33	6.16e-16	72.0	interchromosomal	NA	NA	NA
XP_006378014.1	XP_024439297.1	NC_037295.2	19237430	NC_037297.2	9163560	48.33	8.64e-15	68.6	interchromosomal	NA	NA	NA
XP_006378014.1	XP_024452203.2	NC_037295.2	19237430	NC_037287.2	21584780	42.10	2.52e-13	60.5	interchromosomal	NA	NA	NA
XP_002318373.2	XP_002320852.4	NC_037296.2	911247	NC_037298.2	6296630	52.55	5.32e-113	327.0	interchromosomal	NA	NA	NA
XP_002318373.2	XP_002319879.4	NC_037296.2	911247	NC_037297.2	9153347	37.76	2.01e-30	112.0	interchromosomal	NA	NA	NA
XP_002318373.2	XP_002323675.2	NC_037296.2	911247	NC_037300.2	14139186	33.75	1.85e-33	120.0	interchromosomal	NA	NA	NA
XP_002318373.2	XP_024439297.1	NC_037296.2	911247	NC_037297.2	9163560	65.62	2.13e-28	107.0	interchromosomal	NA	NA	NA
XP_002318373.2	XP_052305286.1	NC_037296.2	911247	NC_037303.2	9848168	65.62	1.57e-26	102.0	interchromosomal	NA	NA	NA
XP_002318373.2	XP_006368768.2	NC_037296.2	911247	NC_037285.2	7882247	38.81	1.59e-22	90.1	interchromosomal	NA	NA	NA
XP_002318373.2	XP_006368868.2	NC_037296.2	911247	NC_037285.2	4486450	39.02	2.46e-20	80.1	interchromosomal	NA	NA	NA
XP_002318373.2	XP_052303237.1	NC_037296.2	911247	NC_037298.2	8049826	37.69	1.40e-19	80.5	interchromosomal	NA	NA	NA
XP_002318373.2	XP_002320160.2	NC_037296.2	911247	NC_037298.2	5891006	40.57	6.82e-20	79.0	interchromosomal	NA	NA	NA
XP_002318373.2	XP_006383530.2	NC_037296.2	911247	NC_037289.2	11313285	44.90	2.12e-19	81.3	interchromosomal	NA	NA	NA
XP_002318373.2	XP_006373216.1	NC_037296.2	911247	NC_037301.2	5566257	47.44	2.21e-19	78.2	interchromosomal	NA	NA	NA
XP_002318373.2	XP_024454278.1	NC_037296.2	911247	NC_037288.2	11508039	52.86	3.90e-19	82.0	interchromosomal	NA	NA	NA
XP_002318373.2	XP_002325248.3	NC_037296.2	911247	NC_037302.2	14435429	43.96	6.21e-19	79.0	interchromosomal	NA	NA	NA
XP_002318373.2	XP_002324382.1	NC_037296.2	911247	NC_037302.2	615270	42.86	6.42e-19	79.7	interchromosomal	NA	NA	NA
XP_002318373.2	XP_002318747.1	NC_037296.2	911247	NC_037296.2	12395944	55.00	1.42e-18	75.1	intrachromosomal_distant	NA	NA	NA
XP_002318373.2	XP_006372370.1	NC_037296.2	911247	NC_037301.2	14784916	54.24	6.33e-18	77.4	interchromosomal	NA	NA	NA
XP_002318373.2	XP_024444415.2	NC_037296.2	911247	NC_037301.2	10127356	48.57	8.76e-18	77.8	interchromosomal	NA	NA	NA
XP_002318373.2	XP_052308647.1	NC_037296.2	911247	NC_037289.2	5998576	46.25	4.77e-18	75.1	interchromosomal	NA	NA	NA
XP_002318373.2	XP_002323509.1	NC_037296.2	911247	NC_037300.2	10100937	55.74	7.09e-18	76.3	interchromosomal	NA	NA	NA
XP_002318373.2	XP_024466901.1	NC_037296.2	911247	NC_037294.2	16611764	54.24	8.77e-18	75.5	interchromosomal	NA	NA	NA
XP_002318373.2	XP_006369893.1	NC_037296.2	911247	NC_037285.2	36641635	54.24	9.43e-18	75.9	interchromosomal	NA	NA	NA
XP_002318373.2	XP_006386616.2	NC_037296.2	911247	NC_037286.2	12590323	49.31	8.69e-18	76.6	interchromosomal	NA	NA	NA
XP_002318373.2	XP_006375351.1	NC_037296.2	911247	NC_037298.2	5870811	49.31	7.46e-18	76.6	interchromosomal	NA	NA	NA
XP_002318373.2	XP_024436877.2	NC_037296.2	911247	NC_037295.2	8531133	36.03	9.92e-19	78.6	interchromosomal	NA	NA	NA
XP_002318373.2	XP_006375168.1	NC_037296.2	911247	NC_037298.2	3234387	45.45	1.21e-17	73.6	interchromosomal	NA	NA	NA
XP_002318373.2	XP_002322274.1	NC_037296.2	911247	NC_037299.2	11932322	54.24	1.84e-17	71.6	interchromosomal	NA	NA	NA
XP_002318373.2	XP_024452726.1	NC_037296.2	911247	NC_037287.2	13432844	46.07	6.33e-17	73.6	interchromosomal	NA	NA	NA
XP_002318373.2	XP_002319082.4	NC_037296.2	911247	NC_037297.2	2936940	52.63	8.10e-17	73.6	interchromosomal	NA	NA	NA
XP_002318373.2	XP_052301100.1	NC_037296.2	911247	NC_037295.2	18333481	56.14	8.73e-17	74.3	interchromosomal	NA	NA	NA
XP_002318373.2	XP_024458563.1	NC_037296.2	911247	NC_037285.2	48605799	56.14	1.37e-16	73.9	interchromosomal	NA	NA	NA
XP_002318373.2	XP_024455846.2	NC_037296.2	911247	NC_037288.2	463543	39.45	7.31e-17	75.5	interchromosomal	NA	NA	NA
XP_002318373.2	XP_024441317.1	NC_037296.2	911247	NC_037298.2	1460990	40.38	1.86e-16	72.8	interchromosomal	NA	NA	NA
XP_002318373.2	XP_002320967.3	NC_037296.2	911247	NC_037298.2	7968052	50.00	1.19e-16	72.8	interchromosomal	NA	NA	NA
XP_002318373.2	XP_006389578.1	NC_037296.2	911247	NC_037295.2	587221	36.98	2.35e-16	73.9	interchromosomal	NA	NA	NA
XP_002318373.2	XP_024443283.1	NC_037296.2	911247	NC_037300.2	6485177	46.58	4.51e-16	72.0	interchromosomal	NA	NA	NA
XP_002318373.2	XP_006382812.1	NC_037296.2	911247	NC_037289.2	3486578	50.88	6.20e-16	70.9	interchromosomal	NA	NA	NA
XP_002318373.2	XP_024450700.1	NC_037296.2	911247	NC_037286.2	21787634	50.79	1.20e-15	71.6	interchromosomal	NA	NA	NA
XP_002318373.2	XP_024440069.1	NC_037296.2	911247	NC_037298.2	7538137	48.65	1.25e-15	71.2	interchromosomal	NA	NA	NA
XP_002318373.2	XP_006378014.1	NC_037296.2	911247	NC_037295.2	19237430	51.67	1.24e-15	71.2	interchromosomal	NA	NA	NA
XP_002318373.2	XP_006381519.2	NC_037296.2	911247	NC_037290.2	10930631	52.54	1.76e-15	70.1	interchromosomal	NA	NA	NA
XP_002318373.2	XP_002321134.3	NC_037296.2	911247	NC_037298.2	10916137	54.24	2.03e-15	70.5	interchromosomal	NA	NA	NA
XP_002318373.2	XP_024437369.2	NC_037296.2	911247	NC_037295.2	11223426	32.62	2.58e-15	69.7	interchromosomal	NA	NA	NA
XP_002318373.2	XP_024438829.2	NC_037296.2	911247	NC_037297.2	7868485	34.51	5.45e-15	68.9	interchromosomal	NA	NA	NA
XP_002318373.2	XP_002326093.4	NC_037296.2	911247	NC_037303.2	14801942	49.15	6.99e-15	69.3	interchromosomal	NA	NA	NA
XP_002318373.2	XP_002319959.2	NC_037296.2	911247	NC_037297.2	14908280	49.15	1.53e-14	68.2	interchromosomal	NA	NA	NA
XP_002318373.2	XP_052303325.1	NC_037296.2	911247	NC_037299.2	8984460	45.95	2.13e-14	67.8	interchromosomal	NA	NA	NA
XP_002318373.2	XP_002323839.4	NC_037296.2	911247	NC_037301.2	8849889	41.30	1.89e-14	67.8	interchromosomal	NA	NA	NA
XP_002318373.2	XP_002323637.2	NC_037296.2	911247	NC_037300.2	13149873	51.72	3.69e-14	67.0	interchromosomal	NA	NA	NA
XP_002318373.2	XP_006371762.1	NC_037296.2	911247	NC_037302.2	1349083	47.46	4.58e-14	65.1	interchromosomal	NA	NA	NA
XP_002318373.2	XP_006382109.3	NC_037296.2	911247	NC_037290.2	26029137	40.30	8.69e-14	65.5	interchromosomal	NA	NA	NA
XP_002318373.2	XP_024466667.1	NC_037296.2	911247	NC_037285.2	21315533	52.54	1.43e-13	65.1	interchromosomal	NA	NA	NA
XP_002318373.2	XP_024458700.1	NC_037296.2	911247	NC_037290.2	8094569	47.46	1.72e-13	64.7	interchromosomal	NA	NA	NA
XP_002318373.2	XP_006375555.1	NC_037296.2	911247	NC_037298.2	11864534	44.07	2.51e-13	63.5	interchromosomal	NA	NA	NA
XP_002318373.2	XP_024456867.1	NC_037296.2	911247	NC_037289.2	5877537	44.07	8.56e-14	62.0	interchromosomal	NA	NA	NA
XP_002318373.2	XP_024446284.2	NC_037296.2	911247	NC_037302.2	1292205	41.27	1.22e-12	62.0	interchromosomal	NA	NA	NA
XP_002318373.2	XP_024446053.1	NC_037296.2	911247	NC_037302.2	12567397	41.54	2.87e-12	60.5	interchromosomal	NA	NA	NA
XP_002318373.2	XP_024460429.2	NC_037296.2	911247	NC_037290.2	19088117	41.54	3.90e-12	60.5	interchromosomal	NA	NA	NA
XP_002318373.2	XP_024461002.1	NC_037296.2	911247	NC_037291.2	10436238	42.37	1.87e-12	57.8	interchromosomal	NA	NA	NA
XP_002318373.2	XP_006368511.1	NC_037296.2	911247	NC_037285.2	3207145	40.68	8.76e-12	58.2	interchromosomal	NA	NA	NA
XP_002318373.2	XP_006368530.1	NC_037296.2	911247	NC_037285.2	159614	44.07	8.57e-12	54.3	interchromosomal	NA	NA	NA
XP_002318747.1	XP_002322274.1	NC_037296.2	12395944	NC_037299.2	11932322	81.46	1.98e-100	281.0	interchromosomal	NA	NA	NA
XP_002318747.1	XP_006368868.2	NC_037296.2	12395944	NC_037285.2	4486450	81.05	3.65e-55	166.0	interchromosomal	NA	NA	NA
XP_002318747.1	XP_006373216.1	NC_037296.2	12395944	NC_037301.2	5566257	59.31	1.29e-56	170.0	interchromosomal	NA	NA	NA
XP_002318747.1	XP_002320160.2	NC_037296.2	12395944	NC_037298.2	5891006	57.98	2.65e-46	144.0	interchromosomal	NA	NA	NA
XP_002318747.1	XP_002320967.3	NC_037296.2	12395944	NC_037298.2	7968052	68.92	5.27e-35	119.0	interchromosomal	NA	NA	NA
XP_002318747.1	XP_024466901.1	NC_037296.2	12395944	NC_037294.2	16611764	51.89	6.86e-35	118.0	interchromosomal	NA	NA	NA
XP_002318747.1	XP_006375168.1	NC_037296.2	12395944	NC_037298.2	3234387	57.00	7.15e-34	113.0	interchromosomal	NA	NA	NA
XP_002318747.1	XP_006369893.1	NC_037296.2	12395944	NC_037285.2	36641635	64.00	7.31e-33	113.0	interchromosomal	NA	NA	NA
XP_002318747.1	XP_024436877.2	NC_037296.2	12395944	NC_037295.2	8531133	50.00	6.14e-33	113.0	interchromosomal	NA	NA	NA
XP_002318747.1	XP_024461002.1	NC_037296.2	12395944	NC_037291.2	10436238	46.61	3.21e-32	108.0	interchromosomal	NA	NA	NA
XP_002318747.1	XP_052308647.1	NC_037296.2	12395944	NC_037289.2	5998576	60.27	5.38e-31	106.0	interchromosomal	NA	NA	NA
XP_002318747.1	XP_024456867.1	NC_037296.2	12395944	NC_037289.2	5877537	40.50	7.94e-32	107.0	interchromosomal	NA	NA	NA
XP_002318747.1	XP_024444415.2	NC_037296.2	12395944	NC_037301.2	10127356	63.89	3.08e-30	108.0	interchromosomal	NA	NA	NA
XP_002318747.1	XP_024454278.1	NC_037296.2	12395944	NC_037288.2	11508039	62.50	5.23e-30	108.0	interchromosomal	NA	NA	NA
XP_002318747.1	XP_024437369.2	NC_037296.2	12395944	NC_037295.2	11223426	55.29	1.83e-29	106.0	interchromosomal	NA	NA	NA
XP_002318747.1	XP_006378014.1	NC_037296.2	12395944	NC_037295.2	19237430	56.79	1.10e-28	104.0	interchromosomal	NA	NA	NA
XP_002318747.1	XP_002323637.2	NC_037296.2	12395944	NC_037300.2	13149873	53.57	8.67e-28	102.0	interchromosomal	NA	NA	NA
XP_002318747.1	XP_024458700.1	NC_037296.2	12395944	NC_037290.2	8094569	50.58	3.93e-27	101.0	interchromosomal	NA	NA	NA
XP_002318747.1	XP_002326093.4	NC_037296.2	12395944	NC_037303.2	14801942	51.14	5.37e-27	101.0	interchromosomal	NA	NA	NA
XP_002318747.1	XP_002319959.2	NC_037296.2	12395944	NC_037297.2	14908280	52.94	4.30e-27	100.0	interchromosomal	NA	NA	NA
XP_002318747.1	XP_024438829.2	NC_037296.2	12395944	NC_037297.2	7868485	56.58	4.63e-27	100.0	interchromosomal	NA	NA	NA
XP_002318747.1	XP_006375555.1	NC_037296.2	12395944	NC_037298.2	11864534	60.00	1.36e-26	99.4	interchromosomal	NA	NA	NA
XP_002318747.1	XP_024440069.1	NC_037296.2	12395944	NC_037298.2	7538137	51.95	3.19e-25	94.7	interchromosomal	NA	NA	NA
XP_002318747.1	XP_002323509.1	NC_037296.2	12395944	NC_037300.2	10100937	62.71	8.83e-25	92.0	interchromosomal	NA	NA	NA
XP_002318747.1	XP_024443283.1	NC_037296.2	12395944	NC_037300.2	6485177	43.00	2.68e-24	92.8	interchromosomal	NA	NA	NA
XP_002318747.1	XP_024455846.2	NC_037296.2	12395944	NC_037288.2	463543	50.65	3.26e-24	92.0	interchromosomal	NA	NA	NA
XP_002318747.1	XP_006381519.2	NC_037296.2	12395944	NC_037290.2	10930631	44.44	4.64e-24	91.3	interchromosomal	NA	NA	NA
XP_002318747.1	XP_006389578.1	NC_037296.2	12395944	NC_037295.2	587221	38.79	1.05e-23	91.7	interchromosomal	NA	NA	NA
XP_002318747.1	XP_002321134.3	NC_037296.2	12395944	NC_037298.2	10916137	50.65	8.58e-24	90.5	interchromosomal	NA	NA	NA
XP_002318747.1	XP_024466667.1	NC_037296.2	12395944	NC_037285.2	21315533	51.32	4.58e-23	89.7	interchromosomal	NA	NA	NA
XP_002318747.1	XP_024450700.1	NC_037296.2	12395944	NC_037286.2	21787634	50.65	3.17e-23	89.0	interchromosomal	NA	NA	NA
XP_002318747.1	XP_052303325.1	NC_037296.2	12395944	NC_037299.2	8984460	45.56	9.84e-23	87.8	interchromosomal	NA	NA	NA
XP_002318747.1	XP_002323839.4	NC_037296.2	12395944	NC_037301.2	8849889	44.44	6.73e-22	86.7	interchromosomal	NA	NA	NA
XP_002318747.1	XP_024460429.2	NC_037296.2	12395944	NC_037290.2	19088117	41.67	2.01e-20	82.0	interchromosomal	NA	NA	NA
XP_002318747.1	XP_024446053.1	NC_037296.2	12395944	NC_037302.2	12567397	45.20	5.91e-20	79.7	interchromosomal	NA	NA	NA
XP_002318747.1	XP_006368511.1	NC_037296.2	12395944	NC_037285.2	3207145	50.82	6.48e-19	75.9	interchromosomal	NA	NA	NA
XP_002318747.1	XP_002320852.4	NC_037296.2	12395944	NC_037298.2	6296630	56.67	1.13e-18	75.5	interchromosomal	NA	NA	NA
XP_002318747.1	XP_006371762.1	NC_037296.2	12395944	NC_037302.2	1349083	51.67	1.32e-18	75.5	interchromosomal	NA	NA	NA
XP_002318747.1	XP_006368768.2	NC_037296.2	12395944	NC_037285.2	7882247	39.22	2.51e-18	74.7	interchromosomal	NA	NA	NA
XP_002318747.1	XP_006372370.1	NC_037296.2	12395944	NC_037301.2	14784916	46.77	1.11e-17	73.9	interchromosomal	NA	NA	NA
XP_002318747.1	XP_006375351.1	NC_037296.2	12395944	NC_037298.2	5870811	41.98	1.17e-17	73.2	interchromosomal	NA	NA	NA
XP_002318747.1	XP_052303237.1	NC_037296.2	12395944	NC_037298.2	8049826	51.72	1.20e-17	72.0	interchromosomal	NA	NA	NA
XP_002318747.1	XP_006382109.3	NC_037296.2	12395944	NC_037290.2	26029137	52.63	1.02e-17	73.2	interchromosomal	NA	NA	NA
XP_002318747.1	XP_002324382.1	NC_037296.2	12395944	NC_037302.2	615270	50.00	5.12e-18	73.9	interchromosomal	NA	NA	NA
XP_002318747.1	XP_002324328.1	NC_037296.2	12395944	NC_037302.2	1335139	50.00	8.65e-18	72.4	interchromosomal	NA	NA	NA
XP_002318747.1	XP_006386616.2	NC_037296.2	12395944	NC_037286.2	12590323	41.98	1.29e-17	73.2	interchromosomal	NA	NA	NA
XP_002318747.1	XP_006383530.2	NC_037296.2	12395944	NC_037289.2	11313285	50.79	1.20e-17	73.2	interchromosomal	NA	NA	NA
XP_002318747.1	XP_052301100.1	NC_037296.2	12395944	NC_037295.2	18333481	45.07	2.35e-17	73.2	interchromosomal	NA	NA	NA
XP_002318747.1	XP_024446284.2	NC_037296.2	12395944	NC_037302.2	1292205	50.88	4.17e-17	71.2	interchromosomal	NA	NA	NA
XP_002318747.1	XP_024441317.1	NC_037296.2	12395944	NC_037298.2	1460990	47.06	2.96e-17	72.0	interchromosomal	NA	NA	NA
XP_002318747.1	XP_024458563.1	NC_037296.2	12395944	NC_037285.2	48605799	47.54	6.16e-17	72.0	interchromosomal	NA	NA	NA
XP_002318747.1	XP_024452726.1	NC_037296.2	12395944	NC_037287.2	13432844	48.39	3.52e-17	71.2	interchromosomal	NA	NA	NA
XP_002318747.1	XP_002325248.3	NC_037296.2	12395944	NC_037302.2	14435429	42.25	5.60e-17	70.9	interchromosomal	NA	NA	NA
XP_002318747.1	XP_002319082.4	NC_037296.2	12395944	NC_037297.2	2936940	48.39	1.27e-16	70.5	interchromosomal	NA	NA	NA
XP_002318747.1	XP_052305286.1	NC_037296.2	12395944	NC_037303.2	9848168	42.20	4.11e-17	72.0	interchromosomal	NA	NA	NA
XP_002318747.1	XP_002319879.4	NC_037296.2	12395944	NC_037297.2	9153347	35.05	4.18e-16	67.8	interchromosomal	NA	NA	NA
XP_002318747.1	XP_006382812.1	NC_037296.2	12395944	NC_037289.2	3486578	46.77	7.17e-16	68.2	interchromosomal	NA	NA	NA
XP_002318747.1	XP_024439297.1	NC_037296.2	12395944	NC_037297.2	9163560	40.87	9.25e-16	67.8	interchromosomal	NA	NA	NA
XP_002318747.1	XP_002323675.2	NC_037296.2	12395944	NC_037300.2	14139186	45.59	3.12e-15	66.2	interchromosomal	NA	NA	NA
XP_002318747.1	XP_006368530.1	NC_037296.2	12395944	NC_037285.2	159614	39.06	9.34e-12	53.1	interchromosomal	NA	NA	NA
XP_002319082.4	XP_006382812.1	NC_037297.2	2936940	NC_037289.2	3486578	90.96	0.00e+00	639.0	interchromosomal	NA	NA	NA
XP_002319082.4	XP_006383530.2	NC_037297.2	2936940	NC_037289.2	11313285	54.49	1.32e-62	196.0	interchromosomal	NA	NA	NA
XP_002319082.4	XP_024441317.1	NC_037297.2	2936940	NC_037298.2	1460990	38.44	8.00e-60	190.0	interchromosomal	NA	NA	NA
XP_002319082.4	XP_002324382.1	NC_037297.2	2936940	NC_037302.2	615270	38.22	6.75e-59	187.0	interchromosomal	NA	NA	NA
XP_002319082.4	XP_024452726.1	NC_037297.2	2936940	NC_037287.2	13432844	73.33	8.24e-55	175.0	interchromosomal	NA	NA	NA
XP_002319082.4	XP_002325248.3	NC_037297.2	2936940	NC_037302.2	14435429	60.90	1.62e-60	190.0	interchromosomal	NA	NA	NA
XP_002319082.4	XP_052301100.1	NC_037297.2	2936940	NC_037295.2	18333481	57.47	2.53e-29	111.0	interchromosomal	NA	NA	NA
XP_002319082.4	XP_006386616.2	NC_037297.2	2936940	NC_037286.2	12590323	58.06	4.72e-30	111.0	interchromosomal	NA	NA	NA
XP_002319082.4	XP_024458563.1	NC_037297.2	2936940	NC_037285.2	48605799	55.17	1.55e-28	108.0	interchromosomal	NA	NA	NA
XP_002319082.4	XP_006375351.1	NC_037297.2	2936940	NC_037298.2	5870811	49.54	1.48e-29	109.0	interchromosomal	NA	NA	NA
XP_002319082.4	XP_052303237.1	NC_037297.2	2936940	NC_037298.2	8049826	54.95	2.61e-27	101.0	interchromosomal	NA	NA	NA
XP_002319082.4	XP_006368768.2	NC_037297.2	2936940	NC_037285.2	7882247	54.76	8.42e-26	99.0	interchromosomal	NA	NA	NA
XP_002319082.4	XP_006372370.1	NC_037297.2	2936940	NC_037301.2	14784916	66.10	7.80e-25	97.4	interchromosomal	NA	NA	NA
XP_002319082.4	XP_006378014.1	NC_037297.2	2936940	NC_037295.2	19237430	35.45	2.69e-23	94.0	interchromosomal	NA	NA	NA
XP_002319082.4	XP_024454278.1	NC_037297.2	2936940	NC_037288.2	11508039	41.73	4.69e-23	93.6	interchromosomal	NA	NA	NA
XP_002319082.4	XP_024437369.2	NC_037297.2	2936940	NC_037295.2	11223426	40.98	6.90e-23	92.4	interchromosomal	NA	NA	NA
XP_002319082.4	XP_024444415.2	NC_037297.2	2936940	NC_037301.2	10127356	56.34	9.44e-23	92.0	interchromosomal	NA	NA	NA
XP_002319082.4	XP_002323637.2	NC_037297.2	2936940	NC_037300.2	13149873	54.55	1.78e-22	91.3	interchromosomal	NA	NA	NA
XP_002319082.4	XP_024438829.2	NC_037297.2	2936940	NC_037297.2	7868485	35.71	3.96e-22	90.5	intrachromosomal_distant	NA	NA	NA
XP_002319082.4	XP_052308647.1	NC_037297.2	2936940	NC_037289.2	5998576	43.69	2.35e-22	87.0	interchromosomal	NA	NA	NA
XP_002319082.4	XP_006375168.1	NC_037297.2	2936940	NC_037298.2	3234387	41.38	2.91e-22	86.7	interchromosomal	NA	NA	NA
XP_002319082.4	XP_006371762.1	NC_037297.2	2936940	NC_037302.2	1349083	47.00	2.46e-23	91.7	interchromosomal	NA	NA	NA
XP_002319082.4	XP_006381519.2	NC_037297.2	2936940	NC_037290.2	10930631	40.35	7.79e-22	89.4	interchromosomal	NA	NA	NA
XP_002319082.4	XP_002319959.2	NC_037297.2	2936940	NC_037297.2	14908280	53.25	8.16e-22	89.4	intrachromosomal_distant	NA	NA	NA
XP_002319082.4	XP_002321134.3	NC_037297.2	2936940	NC_037298.2	10916137	37.50	1.10e-21	89.0	interchromosomal	NA	NA	NA
XP_002319082.4	XP_024466667.1	NC_037297.2	2936940	NC_037285.2	21315533	42.00	1.26e-21	88.6	interchromosomal	NA	NA	NA
XP_002319082.4	XP_006375555.1	NC_037297.2	2936940	NC_037298.2	11864534	59.68	1.52e-21	88.2	interchromosomal	NA	NA	NA
XP_002319082.4	XP_002326093.4	NC_037297.2	2936940	NC_037303.2	14801942	38.30	1.82e-21	88.6	interchromosomal	NA	NA	NA
XP_002319082.4	XP_002324328.1	NC_037297.2	2936940	NC_037302.2	1335139	36.61	7.60e-22	86.7	interchromosomal	NA	NA	NA
XP_002319082.4	XP_024455846.2	NC_037297.2	2936940	NC_037288.2	463543	47.56	1.41e-21	89.4	interchromosomal	NA	NA	NA
XP_002319082.4	XP_006368511.1	NC_037297.2	2936940	NC_037285.2	3207145	41.00	1.40e-21	86.7	interchromosomal	NA	NA	NA
XP_002319082.4	XP_024458700.1	NC_037297.2	2936940	NC_037290.2	8094569	62.30	4.04e-21	87.4	interchromosomal	NA	NA	NA
XP_002319082.4	XP_024440069.1	NC_037297.2	2936940	NC_037298.2	7538137	47.56	4.53e-21	87.0	interchromosomal	NA	NA	NA
XP_002319082.4	XP_006389578.1	NC_037297.2	2936940	NC_037295.2	587221	64.15	9.15e-21	87.0	interchromosomal	NA	NA	NA
XP_002319082.4	XP_024443283.1	NC_037297.2	2936940	NC_037300.2	6485177	52.11	9.45e-21	85.9	interchromosomal	NA	NA	NA
XP_002319082.4	XP_002323509.1	NC_037297.2	2936940	NC_037300.2	10100937	48.31	1.49e-20	84.0	interchromosomal	NA	NA	NA
XP_002319082.4	XP_024460429.2	NC_037297.2	2936940	NC_037290.2	19088117	44.32	2.65e-20	84.7	interchromosomal	NA	NA	NA
XP_002319082.4	XP_024446053.1	NC_037297.2	2936940	NC_037302.2	12567397	56.67	2.68e-20	84.7	interchromosomal	NA	NA	NA
XP_002319082.4	XP_002323839.4	NC_037297.2	2936940	NC_037301.2	8849889	46.99	7.94e-20	83.6	interchromosomal	NA	NA	NA
XP_002319082.4	XP_024450700.1	NC_037297.2	2936940	NC_037286.2	21787634	57.90	1.06e-19	84.0	interchromosomal	NA	NA	NA
XP_002319082.4	XP_052305286.1	NC_037297.2	2936940	NC_037303.2	9848168	46.53	7.76e-21	85.5	interchromosomal	NA	NA	NA
XP_002319082.4	XP_006369893.1	NC_037297.2	2936940	NC_037285.2	36641635	40.82	1.39e-20	84.0	interchromosomal	NA	NA	NA
XP_002319082.4	XP_052303325.1	NC_037297.2	2936940	NC_037299.2	8984460	59.32	1.71e-19	83.2	interchromosomal	NA	NA	NA
XP_002319082.4	XP_024436877.2	NC_037297.2	2936940	NC_037295.2	8531133	34.93	3.92e-21	85.5	interchromosomal	NA	NA	NA
XP_002319082.4	XP_024456867.1	NC_037297.2	2936940	NC_037289.2	5877537	41.18	4.36e-19	77.0	interchromosomal	NA	NA	NA
XP_002319082.4	XP_002320967.3	NC_037297.2	2936940	NC_037298.2	7968052	41.46	1.87e-18	77.8	interchromosomal	NA	NA	NA
XP_002319082.4	XP_002322274.1	NC_037297.2	2936940	NC_037299.2	11932322	48.57	5.35e-18	73.9	interchromosomal	NA	NA	NA
XP_002319082.4	XP_006368868.2	NC_037297.2	2936940	NC_037285.2	4486450	40.24	2.77e-18	73.6	interchromosomal	NA	NA	NA
XP_002319082.4	XP_024466901.1	NC_037297.2	2936940	NC_037294.2	16611764	56.14	8.64e-18	75.9	interchromosomal	NA	NA	NA
XP_002319082.4	XP_024439297.1	NC_037297.2	2936940	NC_037297.2	9163560	38.28	3.58e-18	77.8	intrachromosomal_distant	NA	NA	NA
XP_002319082.4	XP_006373216.1	NC_037297.2	2936940	NC_037301.2	5566257	28.57	1.11e-19	78.2	interchromosomal	NA	NA	NA
XP_002319082.4	XP_024446284.2	NC_037297.2	2936940	NC_037302.2	1292205	59.65	4.70e-17	75.1	interchromosomal	NA	NA	NA
XP_002319082.4	XP_024461002.1	NC_037297.2	2936940	NC_037291.2	10436238	37.93	5.31e-17	71.6	interchromosomal	NA	NA	NA
XP_002319082.4	XP_002320160.2	NC_037297.2	2936940	NC_037298.2	5891006	49.18	1.84e-16	70.1	interchromosomal	NA	NA	NA
XP_002319082.4	XP_002320852.4	NC_037297.2	2936940	NC_037298.2	6296630	40.78	1.46e-16	72.8	interchromosomal	NA	NA	NA
XP_002319082.4	XP_006382109.3	NC_037297.2	2936940	NC_037290.2	26029137	54.39	3.18e-16	72.4	interchromosomal	NA	NA	NA
XP_002319082.4	XP_002319879.4	NC_037297.2	2936940	NC_037297.2	9153347	33.02	3.99e-13	62.0	intrachromosomal_distant	NA	NA	NA
XP_002319082.4	XP_024452203.2	NC_037297.2	2936940	NC_037287.2	21584780	40.58	9.11e-12	55.1	interchromosomal	NA	NA	NA
XP_002319082.4	XP_006368530.1	NC_037297.2	2936940	NC_037285.2	159614	42.62	3.20e-12	55.5	interchromosomal	NA	NA	NA
XP_002319082.4	XP_002323675.2	NC_037297.2	2936940	NC_037300.2	14139186	32.41	7.51e-12	58.2	interchromosomal	NA	NA	NA
XP_024438829.2	XP_024454278.1	NC_037297.2	7868485	NC_037288.2	11508039	50.18	3.56e-80	259.0	interchromosomal	NA	NA	NA
XP_024438829.2	XP_024444415.2	NC_037297.2	7868485	NC_037301.2	10127356	45.61	8.47e-80	258.0	interchromosomal	NA	NA	NA
XP_024438829.2	XP_024443283.1	NC_037297.2	7868485	NC_037300.2	6485177	44.44	1.16e-69	229.0	interchromosomal	NA	NA	NA
XP_024438829.2	XP_024460429.2	NC_037297.2	7868485	NC_037290.2	19088117	38.77	4.71e-47	167.0	interchromosomal	NA	NA	NA
XP_024438829.2	XP_024446053.1	NC_037297.2	7868485	NC_037302.2	12567397	38.18	1.62e-45	163.0	interchromosomal	NA	NA	NA
XP_024438829.2	XP_024458700.1	NC_037297.2	7868485	NC_037290.2	8094569	37.18	2.53e-81	262.0	interchromosomal	NA	NA	NA
XP_024438829.2	XP_024446284.2	NC_037297.2	7868485	NC_037302.2	1292205	35.05	4.07e-41	150.0	interchromosomal	NA	NA	NA
XP_024438829.2	XP_052308647.1	NC_037297.2	7868485	NC_037289.2	5998576	56.25	1.27e-29	109.0	interchromosomal	NA	NA	NA
XP_024438829.2	XP_024461002.1	NC_037297.2	7868485	NC_037291.2	10436238	56.58	1.50e-28	106.0	interchromosomal	NA	NA	NA
XP_024438829.2	XP_024466901.1	NC_037297.2	7868485	NC_037294.2	16611764	62.16	9.04e-28	107.0	interchromosomal	NA	NA	NA
XP_024438829.2	XP_024456867.1	NC_037297.2	7868485	NC_037289.2	5877537	56.76	1.54e-28	105.0	interchromosomal	NA	NA	NA
XP_024438829.2	XP_024455846.2	NC_037297.2	7868485	NC_037288.2	463543	42.22	3.47e-26	106.0	interchromosomal	NA	NA	NA
XP_024438829.2	XP_024440069.1	NC_037297.2	7868485	NC_037298.2	7538137	41.27	2.25e-25	102.0	interchromosomal	NA	NA	NA
XP_024438829.2	XP_024450700.1	NC_037297.2	7868485	NC_037286.2	21787634	52.38	3.97e-24	100.0	interchromosomal	NA	NA	NA
XP_024438829.2	XP_024466667.1	NC_037297.2	7868485	NC_037285.2	21315533	53.16	9.58e-24	97.8	interchromosomal	NA	NA	NA
XP_024438829.2	XP_024441317.1	NC_037297.2	7868485	NC_037298.2	1460990	51.85	1.13e-22	92.4	interchromosomal	NA	NA	NA
XP_024438829.2	XP_052303325.1	NC_037297.2	7868485	NC_037299.2	8984460	49.35	2.18e-22	94.4	interchromosomal	NA	NA	NA
XP_024438829.2	XP_024452726.1	NC_037297.2	7868485	NC_037287.2	13432844	38.28	2.80e-20	85.1	interchromosomal	NA	NA	NA
XP_024438829.2	XP_024458563.1	NC_037297.2	7868485	NC_037285.2	48605799	40.30	6.00e-20	85.5	interchromosomal	NA	NA	NA
XP_024438829.2	XP_052301100.1	NC_037297.2	7868485	NC_037295.2	18333481	51.43	1.59e-19	84.7	interchromosomal	NA	NA	NA
XP_024438829.2	XP_052303237.1	NC_037297.2	7868485	NC_037298.2	8049826	42.00	1.93e-18	79.0	interchromosomal	NA	NA	NA
XP_024438829.2	XP_024452203.2	NC_037297.2	7868485	NC_037287.2	21584780	32.79	1.09e-13	61.6	interchromosomal	NA	NA	NA
XP_024438829.2	XP_052305286.1	NC_037297.2	7868485	NC_037303.2	9848168	35.51	5.52e-14	66.2	interchromosomal	NA	NA	NA
XP_002319879.4	XP_002323675.2	NC_037297.2	9153347	NC_037300.2	14139186	40.12	4.91e-58	183.0	interchromosomal	NA	NA	NA
XP_002319879.4	XP_002320852.4	NC_037297.2	9153347	NC_037298.2	6296630	33.50	1.53e-26	101.0	interchromosomal	NA	NA	NA
XP_002319879.4	XP_052305286.1	NC_037297.2	9153347	NC_037303.2	9848168	39.42	8.67e-18	76.3	interchromosomal	NA	NA	NA
XP_002319879.4	XP_006368868.2	NC_037297.2	9153347	NC_037285.2	4486450	48.33	1.02e-16	68.9	interchromosomal	NA	NA	NA
XP_002319879.4	XP_006373216.1	NC_037297.2	9153347	NC_037301.2	5566257	48.33	1.38e-15	66.6	interchromosomal	NA	NA	NA
XP_002319879.4	XP_006372370.1	NC_037297.2	9153347	NC_037301.2	14784916	40.91	4.60e-15	68.2	interchromosomal	NA	NA	NA
XP_002319879.4	XP_002320160.2	NC_037297.2	9153347	NC_037298.2	5891006	31.85	6.29e-15	64.7	interchromosomal	NA	NA	NA
XP_002319879.4	XP_052308647.1	NC_037297.2	9153347	NC_037289.2	5998576	41.67	6.52e-14	62.8	interchromosomal	NA	NA	NA
XP_002319879.4	XP_024452726.1	NC_037297.2	9153347	NC_037287.2	13432844	34.65	1.52e-13	63.2	interchromosomal	NA	NA	NA
XP_002319879.4	XP_024436877.2	NC_037297.2	9153347	NC_037295.2	8531133	37.76	3.34e-14	65.1	interchromosomal	NA	NA	NA
XP_002319879.4	XP_006368768.2	NC_037297.2	9153347	NC_037285.2	7882247	50.00	1.87e-13	62.8	interchromosomal	NA	NA	NA
XP_002319879.4	XP_002320967.3	NC_037297.2	9153347	NC_037298.2	7968052	45.00	2.14e-13	62.8	interchromosomal	NA	NA	NA
XP_002319879.4	XP_006369893.1	NC_037297.2	9153347	NC_037285.2	36641635	36.73	7.96e-14	63.9	interchromosomal	NA	NA	NA
XP_002319879.4	XP_052301100.1	NC_037297.2	9153347	NC_037295.2	18333481	45.71	2.39e-13	63.2	interchromosomal	NA	NA	NA
XP_002319879.4	XP_024466901.1	NC_037297.2	9153347	NC_037294.2	16611764	44.07	3.14e-13	62.0	interchromosomal	NA	NA	NA
XP_002319879.4	XP_002323509.1	NC_037297.2	9153347	NC_037300.2	10100937	49.12	3.89e-13	62.0	interchromosomal	NA	NA	NA
XP_002319879.4	XP_002322274.1	NC_037297.2	9153347	NC_037299.2	11932322	45.00	1.64e-13	60.5	interchromosomal	NA	NA	NA
XP_002319879.4	XP_006383530.2	NC_037297.2	9153347	NC_037289.2	11313285	35.58	4.72e-13	61.6	interchromosomal	NA	NA	NA
XP_002319879.4	XP_024444415.2	NC_037297.2	9153347	NC_037301.2	10127356	29.66	5.63e-13	62.0	interchromosomal	NA	NA	NA
XP_002319879.4	XP_002325248.3	NC_037297.2	9153347	NC_037302.2	14435429	36.36	9.43e-14	63.5	interchromosomal	NA	NA	NA
XP_002319879.4	XP_002324382.1	NC_037297.2	9153347	NC_037302.2	615270	40.24	6.28e-13	61.6	interchromosomal	NA	NA	NA
XP_002319879.4	XP_006386616.2	NC_037297.2	9153347	NC_037286.2	12590323	49.12	5.64e-13	61.6	interchromosomal	NA	NA	NA
XP_002319879.4	XP_006375351.1	NC_037297.2	9153347	NC_037298.2	5870811	49.12	6.14e-13	61.6	interchromosomal	NA	NA	NA
XP_002319879.4	XP_024458563.1	NC_037297.2	9153347	NC_037285.2	48605799	46.88	1.01e-12	61.2	interchromosomal	NA	NA	NA
XP_002319879.4	XP_006382812.1	NC_037297.2	9153347	NC_037289.2	3486578	32.08	1.82e-12	60.1	interchromosomal	NA	NA	NA
XP_002319879.4	XP_006375168.1	NC_037297.2	9153347	NC_037298.2	3234387	39.34	7.02e-12	57.4	interchromosomal	NA	NA	NA
XP_002319879.4	XP_024454278.1	NC_037297.2	9153347	NC_037288.2	11508039	29.66	9.83e-12	58.2	interchromosomal	NA	NA	NA
XP_002319879.4	XP_024440069.1	NC_037297.2	9153347	NC_037298.2	7538137	31.73	1.41e-11	58.2	interchromosomal	NA	NA	NA
XP_002319879.4	XP_024455846.2	NC_037297.2	9153347	NC_037288.2	463543	32.71	1.24e-11	58.9	interchromosomal	NA	NA	NA
XP_002319879.4	XP_024443283.1	NC_037297.2	9153347	NC_037300.2	6485177	32.00	2.01e-11	57.4	interchromosomal	NA	NA	NA
XP_002319879.4	XP_052303237.1	NC_037297.2	9153347	NC_037298.2	8049826	45.45	3.27e-11	55.5	interchromosomal	NA	NA	NA
XP_002319879.4	XP_024441317.1	NC_037297.2	9153347	NC_037298.2	1460990	37.14	3.35e-11	56.2	interchromosomal	NA	NA	NA
XP_002319879.4	XP_006381519.2	NC_037297.2	9153347	NC_037290.2	10930631	44.07	4.61e-11	56.6	interchromosomal	NA	NA	NA
XP_002319879.4	XP_006375555.1	NC_037297.2	9153347	NC_037298.2	11864534	44.07	4.86e-11	56.2	interchromosomal	NA	NA	NA
XP_002319879.4	XP_002324328.1	NC_037297.2	9153347	NC_037302.2	1335139	29.29	7.13e-11	54.7	interchromosomal	NA	NA	NA
XP_002319879.4	XP_006389578.1	NC_037297.2	9153347	NC_037295.2	587221	31.78	9.03e-11	56.2	interchromosomal	NA	NA	NA
XP_002319879.4	XP_006371762.1	NC_037297.2	9153347	NC_037302.2	1349083	27.93	1.92e-11	56.6	interchromosomal	NA	NA	NA
XP_002319879.4	XP_024452203.2	NC_037297.2	9153347	NC_037287.2	21584780	38.64	7.70e-11	51.2	interchromosomal	NA	NA	NA
XP_024439297.1	XP_052305286.1	NC_037297.2	9163560	NC_037303.2	9848168	74.40	0.00e+00	502.0	interchromosomal	NA	NA	NA
XP_024439297.1	XP_024441317.1	NC_037297.2	9163560	NC_037298.2	1460990	45.16	5.90e-19	80.1	interchromosomal	NA	NA	NA
XP_024439297.1	XP_024452726.1	NC_037297.2	9163560	NC_037287.2	13432844	42.86	3.27e-18	77.0	interchromosomal	NA	NA	NA
XP_024439297.1	XP_052301100.1	NC_037297.2	9163560	NC_037295.2	18333481	43.82	9.50e-18	77.0	interchromosomal	NA	NA	NA
XP_024439297.1	XP_024443283.1	NC_037297.2	9163560	NC_037300.2	6485177	42.22	1.87e-17	76.3	interchromosomal	NA	NA	NA
XP_024439297.1	XP_024454278.1	NC_037297.2	9163560	NC_037288.2	11508039	53.33	4.34e-17	75.9	interchromosomal	NA	NA	NA
XP_024439297.1	XP_024458563.1	NC_037297.2	9163560	NC_037285.2	48605799	43.82	4.53e-17	75.1	interchromosomal	NA	NA	NA
XP_024439297.1	XP_024466901.1	NC_037297.2	9163560	NC_037294.2	16611764	49.25	3.07e-17	73.9	interchromosomal	NA	NA	NA
XP_024439297.1	XP_024444415.2	NC_037297.2	9163560	NC_037301.2	10127356	51.67	8.93e-16	71.6	interchromosomal	NA	NA	NA
XP_024439297.1	XP_052303237.1	NC_037297.2	9163560	NC_037298.2	8049826	44.32	1.29e-14	66.2	interchromosomal	NA	NA	NA
XP_024439297.1	XP_024446284.2	NC_037297.2	9163560	NC_037302.2	1292205	38.23	1.87e-14	67.0	interchromosomal	NA	NA	NA
XP_024439297.1	XP_052308647.1	NC_037297.2	9163560	NC_037289.2	5998576	40.51	1.92e-14	64.7	interchromosomal	NA	NA	NA
XP_024439297.1	XP_024440069.1	NC_037297.2	9163560	NC_037298.2	7538137	33.08	3.57e-13	63.2	interchromosomal	NA	NA	NA
XP_024439297.1	XP_024458700.1	NC_037297.2	9163560	NC_037290.2	8094569	48.28	6.36e-13	62.8	interchromosomal	NA	NA	NA
XP_024439297.1	XP_024450700.1	NC_037297.2	9163560	NC_037286.2	21787634	43.42	1.87e-12	61.6	interchromosomal	NA	NA	NA
XP_024439297.1	XP_024455846.2	NC_037297.2	9163560	NC_037288.2	463543	43.42	1.27e-12	62.4	interchromosomal	NA	NA	NA
XP_024439297.1	XP_024446053.1	NC_037297.2	9163560	NC_037302.2	12567397	35.23	2.07e-11	58.2	interchromosomal	NA	NA	NA
XP_024439297.1	XP_052303325.1	NC_037297.2	9163560	NC_037299.2	8984460	45.33	1.51e-11	58.9	interchromosomal	NA	NA	NA
XP_024439297.1	XP_024452203.2	NC_037297.2	9163560	NC_037287.2	21584780	35.00	3.52e-11	52.0	interchromosomal	NA	NA	NA
XP_024439297.1	XP_024460429.2	NC_037297.2	9163560	NC_037290.2	19088117	39.51	9.88e-13	62.4	interchromosomal	NA	NA	NA
XP_024439297.1	XP_024466667.1	NC_037297.2	9163560	NC_037285.2	21315533	40.51	7.29e-11	56.6	interchromosomal	NA	NA	NA
XP_002319959.2	XP_002326093.4	NC_037297.2	14908280	NC_037303.2	14801942	83.28	0.00e+00	971.0	interchromosomal	NA	NA	NA
XP_002319959.2	XP_002323637.2	NC_037297.2	14908280	NC_037300.2	13149873	55.21	0.00e+00	522.0	interchromosomal	NA	NA	NA
XP_002319959.2	XP_024458700.1	NC_037297.2	14908280	NC_037290.2	8094569	54.94	9.51e-161	464.0	interchromosomal	NA	NA	NA
XP_002319959.2	XP_006378014.1	NC_037297.2	14908280	NC_037295.2	19237430	42.80	4.09e-100	313.0	interchromosomal	NA	NA	NA
XP_002319959.2	XP_024438829.2	NC_037297.2	14908280	NC_037297.2	7868485	39.38	1.85e-94	298.0	intrachromosomal_distant	NA	NA	NA
XP_002319959.2	XP_024437369.2	NC_037297.2	14908280	NC_037295.2	11223426	44.83	9.82e-94	292.0	interchromosomal	NA	NA	NA
XP_002319959.2	XP_024454278.1	NC_037297.2	14908280	NC_037288.2	11508039	38.58	9.56e-83	263.0	interchromosomal	NA	NA	NA
XP_002319959.2	XP_024444415.2	NC_037297.2	14908280	NC_037301.2	10127356	38.79	1.50e-82	262.0	interchromosomal	NA	NA	NA
XP_002319959.2	XP_006381519.2	NC_037297.2	14908280	NC_037290.2	10930631	47.13	7.18e-78	248.0	interchromosomal	NA	NA	NA
XP_002319959.2	XP_024443283.1	NC_037297.2	14908280	NC_037300.2	6485177	50.00	1.43e-76	244.0	interchromosomal	NA	NA	NA
XP_002319959.2	XP_006375555.1	NC_037297.2	14908280	NC_037298.2	11864534	47.13	7.63e-67	219.0	interchromosomal	NA	NA	NA
XP_002319959.2	XP_024460429.2	NC_037297.2	14908280	NC_037290.2	19088117	44.03	5.67e-51	177.0	interchromosomal	NA	NA	NA
XP_002319959.2	XP_024446053.1	NC_037297.2	14908280	NC_037302.2	12567397	40.08	6.99e-50	174.0	interchromosomal	NA	NA	NA
XP_002319959.2	XP_024446284.2	NC_037297.2	14908280	NC_037302.2	1292205	38.20	2.52e-46	164.0	interchromosomal	NA	NA	NA
XP_002319959.2	XP_006382109.3	NC_037297.2	14908280	NC_037290.2	26029137	39.11	2.42e-45	160.0	interchromosomal	NA	NA	NA
XP_002319959.2	XP_006375168.1	NC_037297.2	14908280	NC_037298.2	3234387	65.79	2.74e-33	120.0	interchromosomal	NA	NA	NA
XP_002319959.2	XP_006368868.2	NC_037297.2	14908280	NC_037285.2	4486450	58.75	7.47e-32	114.0	interchromosomal	NA	NA	NA
XP_002319959.2	XP_052308647.1	NC_037297.2	14908280	NC_037289.2	5998576	49.57	8.36e-32	116.0	interchromosomal	NA	NA	NA
XP_002319959.2	XP_006373216.1	NC_037297.2	14908280	NC_037301.2	5566257	61.25	2.67e-33	117.0	interchromosomal	NA	NA	NA
XP_002319959.2	XP_024436877.2	NC_037297.2	14908280	NC_037295.2	8531133	43.51	9.28e-31	114.0	interchromosomal	NA	NA	NA
XP_002319959.2	XP_006369893.1	NC_037297.2	14908280	NC_037285.2	36641635	42.50	4.06e-31	115.0	interchromosomal	NA	NA	NA
XP_002319959.2	XP_006389578.1	NC_037297.2	14908280	NC_037295.2	587221	40.91	1.04e-28	113.0	interchromosomal	NA	NA	NA
XP_002319959.2	XP_024455846.2	NC_037297.2	14908280	NC_037288.2	463543	39.61	1.07e-28	113.0	interchromosomal	NA	NA	NA
XP_002319959.2	XP_024466901.1	NC_037297.2	14908280	NC_037294.2	16611764	56.10	7.63e-28	106.0	interchromosomal	NA	NA	NA
XP_002319959.2	XP_002321134.3	NC_037297.2	14908280	NC_037298.2	10916137	45.97	8.44e-28	110.0	interchromosomal	NA	NA	NA
XP_002319959.2	XP_002322274.1	NC_037297.2	14908280	NC_037299.2	11932322	56.52	9.79e-28	103.0	interchromosomal	NA	NA	NA
XP_002319959.2	XP_024461002.1	NC_037297.2	14908280	NC_037291.2	10436238	53.75	2.35e-27	102.0	interchromosomal	NA	NA	NA
XP_002319959.2	XP_002320967.3	NC_037297.2	14908280	NC_037298.2	7968052	41.36	1.33e-31	117.0	interchromosomal	NA	NA	NA
XP_002319959.2	XP_002320160.2	NC_037297.2	14908280	NC_037298.2	5891006	61.97	1.92e-26	99.8	interchromosomal	NA	NA	NA
XP_002319959.2	XP_024440069.1	NC_037297.2	14908280	NC_037298.2	7538137	56.96	8.39e-27	106.0	interchromosomal	NA	NA	NA
XP_002319959.2	XP_024466667.1	NC_037297.2	14908280	NC_037285.2	21315533	51.69	1.50e-26	106.0	interchromosomal	NA	NA	NA
XP_002319959.2	XP_024456867.1	NC_037297.2	14908280	NC_037289.2	5877537	54.05	2.45e-26	98.6	interchromosomal	NA	NA	NA
XP_002319959.2	XP_024450700.1	NC_037297.2	14908280	NC_037286.2	21787634	53.09	6.67e-25	102.0	interchromosomal	NA	NA	NA
XP_002319959.2	XP_002323839.4	NC_037297.2	14908280	NC_037301.2	8849889	51.25	3.82e-25	102.0	interchromosomal	NA	NA	NA
XP_002319959.2	XP_024441317.1	NC_037297.2	14908280	NC_037298.2	1460990	51.09	9.70e-25	98.2	interchromosomal	NA	NA	NA
XP_002319959.2	XP_052303325.1	NC_037297.2	14908280	NC_037299.2	8984460	44.04	9.35e-25	101.0	interchromosomal	NA	NA	NA
XP_002319959.2	XP_006383530.2	NC_037297.2	14908280	NC_037289.2	11313285	50.59	1.47e-23	94.4	interchromosomal	NA	NA	NA
XP_002319959.2	XP_002324382.1	NC_037297.2	14908280	NC_037302.2	615270	52.38	2.75e-23	93.6	interchromosomal	NA	NA	NA
XP_002319959.2	XP_002325248.3	NC_037297.2	14908280	NC_037302.2	14435429	53.85	1.05e-21	89.0	interchromosomal	NA	NA	NA
XP_002319959.2	XP_006368511.1	NC_037297.2	14908280	NC_037285.2	3207145	51.47	1.06e-21	89.4	interchromosomal	NA	NA	NA
XP_002319959.2	XP_006371762.1	NC_037297.2	14908280	NC_037302.2	1349083	56.67	4.96e-22	89.4	interchromosomal	NA	NA	NA
XP_002319959.2	XP_006382812.1	NC_037297.2	14908280	NC_037289.2	3486578	51.95	4.59e-21	87.0	interchromosomal	NA	NA	NA
XP_002319959.2	XP_024452726.1	NC_037297.2	14908280	NC_037287.2	13432844	51.28	8.72e-21	85.5	interchromosomal	NA	NA	NA
XP_002319959.2	XP_002324328.1	NC_037297.2	14908280	NC_037302.2	1335139	45.95	2.52e-20	83.2	interchromosomal	NA	NA	NA
XP_002319959.2	XP_006368768.2	NC_037297.2	14908280	NC_037285.2	7882247	41.03	2.07e-19	82.4	interchromosomal	NA	NA	NA
XP_002319959.2	XP_002323509.1	NC_037297.2	14908280	NC_037300.2	10100937	47.83	3.17e-18	77.8	interchromosomal	NA	NA	NA
XP_002319959.2	XP_006372370.1	NC_037297.2	14908280	NC_037301.2	14784916	43.04	5.33e-17	76.3	interchromosomal	NA	NA	NA
XP_002319959.2	XP_052301100.1	NC_037297.2	14908280	NC_037295.2	18333481	49.21	4.45e-16	73.6	interchromosomal	NA	NA	NA
XP_002319959.2	XP_024458563.1	NC_037297.2	14908280	NC_037285.2	48605799	49.21	6.03e-16	72.8	interchromosomal	NA	NA	NA
XP_002319959.2	XP_052303237.1	NC_037297.2	14908280	NC_037298.2	8049826	49.23	1.17e-15	70.1	interchromosomal	NA	NA	NA
XP_002319959.2	XP_006386616.2	NC_037297.2	14908280	NC_037286.2	12590323	50.77	2.97e-16	72.8	interchromosomal	NA	NA	NA
XP_002319959.2	XP_006375351.1	NC_037297.2	14908280	NC_037298.2	5870811	50.77	2.52e-16	72.8	interchromosomal	NA	NA	NA
XP_002319959.2	XP_052305286.1	NC_037297.2	14908280	NC_037303.2	9848168	49.15	1.46e-14	68.2	interchromosomal	NA	NA	NA
XP_002319959.2	XP_002320852.4	NC_037297.2	14908280	NC_037298.2	6296630	50.85	4.83e-14	66.6	interchromosomal	NA	NA	NA
XP_002319959.2	XP_024439297.1	NC_037297.2	14908280	NC_037297.2	9163560	47.46	2.12e-13	64.7	intrachromosomal_distant	NA	NA	NA
XP_002319959.2	XP_024452203.2	NC_037297.2	14908280	NC_037287.2	21584780	50.88	8.08e-13	58.9	interchromosomal	NA	NA	NA
XP_002319959.2	XP_006368530.1	NC_037297.2	14908280	NC_037285.2	159614	33.71	1.04e-12	57.0	interchromosomal	NA	NA	NA
XP_024441317.1	XP_024452726.1	NC_037298.2	1460990	NC_037287.2	13432844	39.36	4.92e-58	184.0	interchromosomal	NA	NA	NA
XP_024441317.1	XP_052301100.1	NC_037298.2	1460990	NC_037295.2	18333481	55.56	5.16e-30	113.0	interchromosomal	NA	NA	NA
XP_024441317.1	XP_024458563.1	NC_037298.2	1460990	NC_037285.2	48605799	54.08	1.38e-29	111.0	interchromosomal	NA	NA	NA
XP_024441317.1	XP_052303237.1	NC_037298.2	1460990	NC_037298.2	8049826	56.67	6.99e-27	100.0	intrachromosomal_distant	NA	NA	NA
XP_024441317.1	XP_024458700.1	NC_037298.2	1460990	NC_037290.2	8094569	49.44	1.83e-23	94.4	interchromosomal	NA	NA	NA
XP_024441317.1	XP_024446053.1	NC_037298.2	1460990	NC_037302.2	12567397	57.81	2.09e-23	94.4	interchromosomal	NA	NA	NA
XP_024441317.1	XP_024460429.2	NC_037298.2	1460990	NC_037290.2	19088117	48.31	4.87e-23	93.2	interchromosomal	NA	NA	NA
XP_024441317.1	XP_024443283.1	NC_037298.2	1460990	NC_037300.2	6485177	53.33	7.97e-23	92.0	interchromosomal	NA	NA	NA
XP_024441317.1	XP_024454278.1	NC_037298.2	1460990	NC_037288.2	11508039	62.50	1.30e-22	92.0	interchromosomal	NA	NA	NA
XP_024441317.1	XP_024444415.2	NC_037298.2	1460990	NC_037301.2	10127356	60.94	3.76e-22	90.5	interchromosomal	NA	NA	NA
XP_024441317.1	XP_024456867.1	NC_037298.2	1460990	NC_037289.2	5877537	43.16	9.71e-22	85.1	interchromosomal	NA	NA	NA
XP_024441317.1	XP_024455846.2	NC_037298.2	1460990	NC_037288.2	463543	45.56	4.76e-21	87.8	interchromosomal	NA	NA	NA
XP_024441317.1	XP_024466667.1	NC_037298.2	1460990	NC_037285.2	21315533	44.33	2.56e-20	85.5	interchromosomal	NA	NA	NA
XP_024441317.1	XP_052305286.1	NC_037298.2	1460990	NC_037303.2	9848168	41.94	2.03e-21	87.4	interchromosomal	NA	NA	NA
XP_024441317.1	XP_052308647.1	NC_037298.2	1460990	NC_037289.2	5998576	43.62	2.22e-20	81.6	interchromosomal	NA	NA	NA
XP_024441317.1	XP_024450700.1	NC_037298.2	1460990	NC_037286.2	21787634	45.83	2.05e-19	82.4	interchromosomal	NA	NA	NA
XP_024441317.1	XP_024461002.1	NC_037298.2	1460990	NC_037291.2	10436238	42.05	2.14e-19	78.2	interchromosomal	NA	NA	NA
XP_024441317.1	XP_024446284.2	NC_037298.2	1460990	NC_037302.2	1292205	60.00	1.35e-18	79.7	interchromosomal	NA	NA	NA
XP_024441317.1	XP_052303325.1	NC_037298.2	1460990	NC_037299.2	8984460	54.10	2.41e-18	80.1	interchromosomal	NA	NA	NA
XP_024441317.1	XP_024466901.1	NC_037298.2	1460990	NC_037294.2	16611764	41.05	2.31e-17	74.7	interchromosomal	NA	NA	NA
XP_024441317.1	XP_024452203.2	NC_037298.2	1460990	NC_037287.2	21584780	42.19	3.21e-11	53.5	interchromosomal	NA	NA	NA
XP_006375168.1	XP_052308647.1	NC_037298.2	3234387	NC_037289.2	5998576	75.26	1.01e-51	161.0	interchromosomal	NA	NA	NA
XP_006375168.1	XP_024466901.1	NC_037298.2	3234387	NC_037294.2	16611764	67.90	3.43e-36	122.0	interchromosomal	NA	NA	NA
XP_006375168.1	XP_024437369.2	NC_037298.2	3234387	NC_037295.2	11223426	47.66	2.65e-34	122.0	interchromosomal	NA	NA	NA
XP_006375168.1	XP_006378014.1	NC_037298.2	3234387	NC_037295.2	19237430	67.11	3.00e-34	122.0	interchromosomal	NA	NA	NA
XP_006375168.1	XP_024454278.1	NC_037298.2	3234387	NC_037288.2	11508039	61.18	4.13e-34	121.0	interchromosomal	NA	NA	NA
XP_006375168.1	XP_024436877.2	NC_037298.2	3234387	NC_037295.2	8531133	63.64	1.86e-36	124.0	interchromosomal	NA	NA	NA
XP_006375168.1	XP_024444415.2	NC_037298.2	3234387	NC_037301.2	10127356	43.66	9.23e-34	120.0	interchromosomal	NA	NA	NA
XP_006375168.1	XP_024438829.2	NC_037298.2	3234387	NC_037297.2	7868485	58.43	2.83e-32	116.0	interchromosomal	NA	NA	NA
XP_006375168.1	XP_006375555.1	NC_037298.2	3234387	NC_037298.2	11864534	35.18	1.94e-31	113.0	intrachromosomal_distant	NA	NA	NA
XP_006375168.1	XP_024461002.1	NC_037298.2	3234387	NC_037291.2	10436238	56.32	2.60e-31	107.0	interchromosomal	NA	NA	NA
XP_006375168.1	XP_024456867.1	NC_037298.2	3234387	NC_037289.2	5877537	37.64	1.01e-32	111.0	interchromosomal	NA	NA	NA
XP_006375168.1	XP_024458700.1	NC_037298.2	3234387	NC_037290.2	8094569	61.84	7.76e-31	113.0	interchromosomal	NA	NA	NA
XP_006375168.1	XP_006381519.2	NC_037298.2	3234387	NC_037290.2	10930631	56.76	1.11e-28	105.0	interchromosomal	NA	NA	NA
XP_006375168.1	XP_024443283.1	NC_037298.2	3234387	NC_037300.2	6485177	41.94	3.35e-27	101.0	interchromosomal	NA	NA	NA
XP_006375168.1	XP_024455846.2	NC_037298.2	3234387	NC_037288.2	463543	46.67	3.97e-22	88.6	interchromosomal	NA	NA	NA
XP_006375168.1	XP_006389578.1	NC_037298.2	3234387	NC_037295.2	587221	50.67	6.90e-22	87.8	interchromosomal	NA	NA	NA
XP_006375168.1	XP_024446053.1	NC_037298.2	3234387	NC_037302.2	12567397	43.59	5.06e-22	87.0	interchromosomal	NA	NA	NA
XP_006375168.1	XP_024440069.1	NC_037298.2	3234387	NC_037298.2	7538137	49.33	8.80e-22	86.3	intrachromosomal_distant	NA	NA	NA
XP_006375168.1	XP_006382812.1	NC_037298.2	3234387	NC_037289.2	3486578	40.52	1.63e-21	84.3	interchromosomal	NA	NA	NA
XP_006375168.1	XP_024460429.2	NC_037298.2	3234387	NC_037290.2	19088117	47.14	7.56e-21	83.6	interchromosomal	NA	NA	NA
XP_006375168.1	XP_006383530.2	NC_037298.2	3234387	NC_037289.2	11313285	38.84	1.09e-20	82.0	interchromosomal	NA	NA	NA
XP_006375168.1	XP_024466667.1	NC_037298.2	3234387	NC_037285.2	21315533	48.65	2.53e-20	82.8	interchromosomal	NA	NA	NA
XP_006375168.1	XP_024450700.1	NC_037298.2	3234387	NC_037286.2	21787634	48.00	4.64e-20	81.3	interchromosomal	NA	NA	NA
XP_006375168.1	XP_052303325.1	NC_037298.2	3234387	NC_037299.2	8984460	45.95	8.94e-20	81.6	interchromosomal	NA	NA	NA
XP_006375168.1	XP_024446284.2	NC_037298.2	3234387	NC_037302.2	1292205	42.50	5.18e-18	76.3	interchromosomal	NA	NA	NA
XP_006375168.1	XP_024452726.1	NC_037298.2	3234387	NC_037287.2	13432844	39.08	6.35e-18	73.9	interchromosomal	NA	NA	NA
XP_006375168.1	XP_006382109.3	NC_037298.2	3234387	NC_037290.2	26029137	40.22	1.44e-17	74.7	interchromosomal	NA	NA	NA
XP_006375168.1	XP_052303237.1	NC_037298.2	3234387	NC_037298.2	8049826	51.52	5.68e-16	68.2	intrachromosomal_distant	NA	NA	NA
XP_006375168.1	XP_024458563.1	NC_037298.2	3234387	NC_037285.2	48605799	48.33	1.11e-15	68.2	interchromosomal	NA	NA	NA
XP_006375168.1	XP_006375351.1	NC_037298.2	3234387	NC_037298.2	5870811	39.33	1.29e-15	68.2	intrachromosomal_distant	NA	NA	NA
XP_006375168.1	XP_052301100.1	NC_037298.2	3234387	NC_037295.2	18333481	48.33	1.22e-15	68.2	interchromosomal	NA	NA	NA
XP_006375168.1	XP_006386616.2	NC_037298.2	3234387	NC_037286.2	12590323	36.94	1.98e-15	67.8	interchromosomal	NA	NA	NA
XP_006375168.1	XP_024439297.1	NC_037298.2	3234387	NC_037297.2	9163560	43.04	1.44e-14	64.7	interchromosomal	NA	NA	NA
XP_006375168.1	XP_052305286.1	NC_037298.2	3234387	NC_037303.2	9848168	39.80	1.05e-14	65.9	interchromosomal	NA	NA	NA
XP_006375168.1	XP_024452203.2	NC_037298.2	3234387	NC_037287.2	21584780	43.94	1.98e-13	58.5	interchromosomal	NA	NA	NA
XP_006375351.1	XP_006386616.2	NC_037298.2	5870811	NC_037286.2	12590323	87.72	0.00e+00	520.0	interchromosomal	NA	NA	NA
XP_006375351.1	XP_052301100.1	NC_037298.2	5870811	NC_037295.2	18333481	49.26	1.03e-48	163.0	interchromosomal	NA	NA	NA
XP_006375351.1	XP_024458563.1	NC_037298.2	5870811	NC_037285.2	48605799	47.98	1.32e-47	160.0	interchromosomal	NA	NA	NA
XP_006375351.1	XP_052303237.1	NC_037298.2	5870811	NC_037298.2	8049826	50.81	1.63e-33	118.0	intrachromosomal_distant	NA	NA	NA
XP_006375351.1	XP_006383530.2	NC_037298.2	5870811	NC_037289.2	11313285	61.45	1.65e-30	112.0	interchromosomal	NA	NA	NA
XP_006375351.1	XP_024452726.1	NC_037298.2	5870811	NC_037287.2	13432844	49.52	7.02e-30	109.0	interchromosomal	NA	NA	NA
XP_006375351.1	XP_024441317.1	NC_037298.2	5870811	NC_037298.2	1460990	54.64	1.81e-29	109.0	intrachromosomal_distant	NA	NA	NA
XP_006375351.1	XP_006382812.1	NC_037298.2	5870811	NC_037289.2	3486578	46.79	3.15e-28	106.0	interchromosomal	NA	NA	NA
XP_006375351.1	XP_024444415.2	NC_037298.2	5870811	NC_037301.2	10127356	43.40	4.54e-21	87.0	interchromosomal	NA	NA	NA
XP_006375351.1	XP_006381519.2	NC_037298.2	5870811	NC_037290.2	10930631	44.34	4.58e-21	86.7	interchromosomal	NA	NA	NA
XP_006375351.1	XP_024454278.1	NC_037298.2	5870811	NC_037288.2	11508039	43.40	7.70e-21	86.3	interchromosomal	NA	NA	NA
XP_006375351.1	XP_024438829.2	NC_037298.2	5870811	NC_037297.2	7868485	43.75	2.07e-20	85.5	interchromosomal	NA	NA	NA
XP_006375351.1	XP_024436877.2	NC_037298.2	5870811	NC_037295.2	8531133	55.74	4.97e-20	82.4	interchromosomal	NA	NA	NA
XP_006375351.1	XP_024455846.2	NC_037298.2	5870811	NC_037288.2	463543	40.71	8.06e-20	83.6	interchromosomal	NA	NA	NA
XP_006375351.1	XP_024443283.1	NC_037298.2	5870811	NC_037300.2	6485177	41.82	1.84e-19	82.0	interchromosomal	NA	NA	NA
XP_006375351.1	XP_024466667.1	NC_037298.2	5870811	NC_037285.2	21315533	39.00	2.56e-19	81.6	interchromosomal	NA	NA	NA
XP_006375351.1	XP_006378014.1	NC_037298.2	5870811	NC_037295.2	19237430	38.35	1.11e-18	80.1	interchromosomal	NA	NA	NA
XP_006375351.1	XP_006389578.1	NC_037298.2	5870811	NC_037295.2	587221	52.38	1.44e-18	79.7	interchromosomal	NA	NA	NA
XP_006375351.1	XP_006375555.1	NC_037298.2	5870811	NC_037298.2	11864534	36.94	2.03e-18	79.3	intrachromosomal_distant	NA	NA	NA
XP_006375351.1	XP_024450700.1	NC_037298.2	5870811	NC_037286.2	21787634	46.67	3.05e-18	78.6	interchromosomal	NA	NA	NA
XP_006375351.1	XP_024437369.2	NC_037298.2	5870811	NC_037295.2	11223426	46.75	4.01e-18	78.2	interchromosomal	NA	NA	NA
XP_006375351.1	XP_052303325.1	NC_037298.2	5870811	NC_037299.2	8984460	36.45	6.03e-18	78.6	interchromosomal	NA	NA	NA
XP_006375351.1	XP_024466901.1	NC_037298.2	5870811	NC_037294.2	16611764	54.39	4.37e-17	73.6	interchromosomal	NA	NA	NA
XP_006375351.1	XP_024456867.1	NC_037298.2	5870811	NC_037289.2	5877537	40.62	2.51e-17	72.0	interchromosomal	NA	NA	NA
XP_006375351.1	XP_024446053.1	NC_037298.2	5870811	NC_037302.2	12567397	45.71	8.89e-17	73.9	interchromosomal	NA	NA	NA
XP_006375351.1	XP_024461002.1	NC_037298.2	5870811	NC_037291.2	10436238	36.21	1.27e-16	70.5	interchromosomal	NA	NA	NA
XP_006375351.1	XP_024460429.2	NC_037298.2	5870811	NC_037290.2	19088117	45.71	1.45e-16	73.6	interchromosomal	NA	NA	NA
XP_006375351.1	XP_024458700.1	NC_037298.2	5870811	NC_037290.2	8094569	50.79	4.56e-16	72.0	interchromosomal	NA	NA	NA
XP_006375351.1	XP_024439297.1	NC_037298.2	5870811	NC_037297.2	9163560	44.09	1.25e-17	75.9	interchromosomal	NA	NA	NA
XP_006375351.1	XP_006382109.3	NC_037298.2	5870811	NC_037290.2	26029137	48.65	2.52e-15	70.1	interchromosomal	NA	NA	NA
XP_006375351.1	XP_052308647.1	NC_037298.2	5870811	NC_037289.2	5998576	48.39	5.27e-15	66.6	interchromosomal	NA	NA	NA
XP_006375351.1	XP_052305286.1	NC_037298.2	5870811	NC_037303.2	9848168	41.94	4.82e-15	68.6	interchromosomal	NA	NA	NA
XP_006375351.1	XP_024446284.2	NC_037298.2	5870811	NC_037302.2	1292205	52.24	4.30e-14	65.9	interchromosomal	NA	NA	NA
XP_002320160.2	XP_006368868.2	NC_037298.2	5891006	NC_037285.2	4486450	57.48	1.79e-50	154.0	interchromosomal	NA	NA	NA
XP_002320160.2	XP_002322274.1	NC_037298.2	5891006	NC_037299.2	11932322	58.54	2.64e-46	144.0	interchromosomal	NA	NA	NA
XP_002320160.2	XP_006373216.1	NC_037298.2	5891006	NC_037301.2	5566257	60.50	1.10e-47	147.0	interchromosomal	NA	NA	NA
XP_002320160.2	XP_006375168.1	NC_037298.2	5891006	NC_037298.2	3234387	67.05	1.94e-39	128.0	intrachromosomal_distant	NA	NA	NA
XP_002320160.2	XP_002320967.3	NC_037298.2	5891006	NC_037298.2	7968052	61.86	2.11e-36	123.0	intrachromosomal_distant	NA	NA	NA
XP_002320160.2	XP_052308647.1	NC_037298.2	5891006	NC_037289.2	5998576	55.88	3.20e-34	115.0	interchromosomal	NA	NA	NA
XP_002320160.2	XP_006369893.1	NC_037298.2	5891006	NC_037285.2	36641635	55.26	2.10e-37	125.0	interchromosomal	NA	NA	NA
XP_002320160.2	XP_024466901.1	NC_037298.2	5891006	NC_037294.2	16611764	66.27	6.01e-34	116.0	interchromosomal	NA	NA	NA
XP_002320160.2	XP_024436877.2	NC_037298.2	5891006	NC_037295.2	8531133	62.10	1.88e-36	122.0	interchromosomal	NA	NA	NA
XP_002320160.2	XP_024444415.2	NC_037298.2	5891006	NC_037301.2	10127356	61.84	5.49e-30	108.0	interchromosomal	NA	NA	NA
XP_002320160.2	XP_024456867.1	NC_037298.2	5891006	NC_037289.2	5877537	45.45	5.69e-30	103.0	interchromosomal	NA	NA	NA
XP_002320160.2	XP_024454278.1	NC_037298.2	5891006	NC_037288.2	11508039	60.53	6.59e-30	108.0	interchromosomal	NA	NA	NA
XP_002320160.2	XP_024461002.1	NC_037298.2	5891006	NC_037291.2	10436238	46.94	8.92e-29	99.8	interchromosomal	NA	NA	NA
XP_002320160.2	XP_006378014.1	NC_037298.2	5891006	NC_037295.2	19237430	48.08	3.98e-28	103.0	interchromosomal	NA	NA	NA
XP_002320160.2	XP_002326093.4	NC_037298.2	5891006	NC_037303.2	14801942	59.21	1.48e-27	101.0	interchromosomal	NA	NA	NA
XP_002320160.2	XP_024437369.2	NC_037298.2	5891006	NC_037295.2	11223426	50.98	1.51e-27	101.0	interchromosomal	NA	NA	NA
XP_002320160.2	XP_002323637.2	NC_037298.2	5891006	NC_037300.2	13149873	47.90	3.31e-27	102.0	interchromosomal	NA	NA	NA
XP_002320160.2	XP_006381519.2	NC_037298.2	5891006	NC_037290.2	10930631	37.50	2.77e-27	100.0	interchromosomal	NA	NA	NA
XP_002320160.2	XP_024458700.1	NC_037298.2	5891006	NC_037290.2	8094569	45.45	1.85e-26	99.8	interchromosomal	NA	NA	NA
XP_002320160.2	XP_024443283.1	NC_037298.2	5891006	NC_037300.2	6485177	34.78	1.13e-26	99.8	interchromosomal	NA	NA	NA
XP_002320160.2	XP_024438829.2	NC_037298.2	5891006	NC_037297.2	7868485	59.16	3.42e-26	97.8	interchromosomal	NA	NA	NA
XP_002320160.2	XP_006375555.1	NC_037298.2	5891006	NC_037298.2	11864534	56.76	5.84e-26	97.8	intrachromosomal_distant	NA	NA	NA
XP_002320160.2	XP_002323509.1	NC_037298.2	5891006	NC_037300.2	10100937	51.28	5.56e-25	92.0	interchromosomal	NA	NA	NA
XP_002320160.2	XP_002323839.4	NC_037298.2	5891006	NC_037301.2	8849889	48.84	2.75e-24	93.6	interchromosomal	NA	NA	NA
XP_002320160.2	XP_002321134.3	NC_037298.2	5891006	NC_037298.2	10916137	52.70	1.58e-23	90.1	intrachromosomal_distant	NA	NA	NA
XP_002320160.2	XP_024455846.2	NC_037298.2	5891006	NC_037288.2	463543	51.35	4.80e-22	87.0	interchromosomal	NA	NA	NA
XP_002320160.2	XP_024450700.1	NC_037298.2	5891006	NC_037286.2	21787634	51.35	4.50e-22	85.9	interchromosomal	NA	NA	NA
XP_002320160.2	XP_006389578.1	NC_037298.2	5891006	NC_037295.2	587221	51.35	1.02e-21	86.3	interchromosomal	NA	NA	NA
XP_002320160.2	XP_052303325.1	NC_037298.2	5891006	NC_037299.2	8984460	51.35	1.17e-21	86.3	interchromosomal	NA	NA	NA
XP_002320160.2	XP_024466667.1	NC_037298.2	5891006	NC_037285.2	21315533	51.35	2.28e-21	85.1	interchromosomal	NA	NA	NA
XP_002320160.2	XP_006371762.1	NC_037298.2	5891006	NC_037302.2	1349083	42.72	7.21e-22	84.7	interchromosomal	NA	NA	NA
XP_002320160.2	XP_006368511.1	NC_037298.2	5891006	NC_037285.2	3207145	40.54	1.20e-20	81.3	interchromosomal	NA	NA	NA
XP_002320160.2	XP_024446053.1	NC_037298.2	5891006	NC_037302.2	12567397	41.56	2.64e-20	82.0	interchromosomal	NA	NA	NA
XP_002320160.2	XP_024460429.2	NC_037298.2	5891006	NC_037290.2	19088117	41.56	1.24e-19	80.1	interchromosomal	NA	NA	NA
XP_002320160.2	XP_002324328.1	NC_037298.2	5891006	NC_037302.2	1335139	39.80	4.12e-19	75.9	interchromosomal	NA	NA	NA
XP_002320160.2	XP_024446284.2	NC_037298.2	5891006	NC_037302.2	1292205	45.45	7.47e-19	76.3	interchromosomal	NA	NA	NA
XP_002320160.2	XP_052303237.1	NC_037298.2	5891006	NC_037298.2	8049826	55.17	2.40e-18	73.6	intrachromosomal_distant	NA	NA	NA
XP_002320160.2	XP_006382109.3	NC_037298.2	5891006	NC_037290.2	26029137	45.07	2.69e-18	74.7	interchromosomal	NA	NA	NA
XP_002320160.2	XP_006372370.1	NC_037298.2	5891006	NC_037301.2	14784916	40.00	1.17e-17	72.8	interchromosomal	NA	NA	NA
XP_002320160.2	XP_052301100.1	NC_037298.2	5891006	NC_037295.2	18333481	30.18	1.23e-17	72.8	interchromosomal	NA	NA	NA
XP_002320160.2	XP_024441317.1	NC_037298.2	5891006	NC_037298.2	1460990	39.22	1.19e-17	73.6	intrachromosomal_distant	NA	NA	NA
XP_002320160.2	XP_002324382.1	NC_037298.2	5891006	NC_037302.2	615270	45.24	7.32e-18	73.6	interchromosomal	NA	NA	NA
XP_002320160.2	XP_006383530.2	NC_037298.2	5891006	NC_037289.2	11313285	38.61	1.28e-17	73.2	interchromosomal	NA	NA	NA
XP_002320160.2	XP_024452726.1	NC_037298.2	5891006	NC_037287.2	13432844	36.13	1.35e-17	72.4	interchromosomal	NA	NA	NA
XP_002320160.2	XP_024458563.1	NC_037298.2	5891006	NC_037285.2	48605799	31.25	1.09e-16	70.1	interchromosomal	NA	NA	NA
XP_002320160.2	XP_002325248.3	NC_037298.2	5891006	NC_037302.2	14435429	36.70	2.24e-18	74.7	interchromosomal	NA	NA	NA
XP_002320160.2	XP_024439297.1	NC_037298.2	5891006	NC_037297.2	9163560	50.85	2.12e-16	68.9	interchromosomal	NA	NA	NA
XP_002320160.2	XP_006386616.2	NC_037298.2	5891006	NC_037286.2	12590323	31.58	3.98e-16	68.9	interchromosomal	NA	NA	NA
XP_002320160.2	XP_002323675.2	NC_037298.2	5891006	NC_037300.2	14139186	39.25	3.34e-18	74.3	interchromosomal	NA	NA	NA
XP_002320160.2	XP_006368768.2	NC_037298.2	5891006	NC_037285.2	7882247	51.61	2.96e-16	68.9	interchromosomal	NA	NA	NA
XP_002320160.2	XP_052305286.1	NC_037298.2	5891006	NC_037303.2	9848168	34.07	8.62e-16	68.2	interchromosomal	NA	NA	NA
XP_002320160.2	XP_006382812.1	NC_037298.2	5891006	NC_037289.2	3486578	47.54	6.62e-16	68.6	interchromosomal	NA	NA	NA
XP_002320160.2	XP_006368530.1	NC_037298.2	5891006	NC_037285.2	159614	32.00	2.44e-11	52.0	interchromosomal	NA	NA	NA
XP_002320160.2	XP_024452203.2	NC_037298.2	5891006	NC_037287.2	21584780	29.06	5.07e-11	51.2	interchromosomal	NA	NA	NA
XP_002320852.4	XP_024439297.1	NC_037298.2	6296630	NC_037297.2	9163560	49.46	8.82e-28	105.0	interchromosomal	NA	NA	NA
XP_002320852.4	XP_002323675.2	NC_037298.2	6296630	NC_037300.2	14139186	38.17	1.13e-29	109.0	interchromosomal	NA	NA	NA
XP_002320852.4	XP_052305286.1	NC_037298.2	6296630	NC_037303.2	9848168	61.54	2.62e-23	92.8	interchromosomal	NA	NA	NA
XP_002320852.4	XP_006368868.2	NC_037298.2	6296630	NC_037285.2	4486450	58.33	3.38e-19	77.0	interchromosomal	NA	NA	NA
XP_002320852.4	XP_006373216.1	NC_037298.2	6296630	NC_037301.2	5566257	55.00	1.12e-18	75.5	interchromosomal	NA	NA	NA
XP_002320852.4	XP_024454278.1	NC_037298.2	6296630	NC_037288.2	11508039	53.12	6.63e-18	77.8	interchromosomal	NA	NA	NA
XP_002320852.4	XP_002322274.1	NC_037298.2	6296630	NC_037299.2	11932322	57.63	2.22e-18	74.3	interchromosomal	NA	NA	NA
XP_002320852.4	XP_006368768.2	NC_037298.2	6296630	NC_037285.2	7882247	40.43	1.60e-17	75.5	interchromosomal	NA	NA	NA
XP_002320852.4	XP_002323509.1	NC_037298.2	6296630	NC_037300.2	10100937	48.68	3.64e-17	74.3	interchromosomal	NA	NA	NA
XP_002320852.4	XP_006383530.2	NC_037298.2	6296630	NC_037289.2	11313285	46.43	3.51e-17	74.3	interchromosomal	NA	NA	NA
XP_002320852.4	XP_006372370.1	NC_037298.2	6296630	NC_037301.2	14784916	38.89	1.02e-16	73.6	interchromosomal	NA	NA	NA
XP_002320852.4	XP_006386616.2	NC_037298.2	6296630	NC_037286.2	12590323	47.37	3.97e-17	74.3	interchromosomal	NA	NA	NA
XP_002320852.4	XP_002324382.1	NC_037298.2	6296630	NC_037302.2	615270	43.68	8.60e-17	73.2	interchromosomal	NA	NA	NA
XP_002320852.4	XP_002325248.3	NC_037298.2	6296630	NC_037302.2	14435429	37.62	1.89e-16	72.0	interchromosomal	NA	NA	NA
XP_002320852.4	XP_024444415.2	NC_037298.2	6296630	NC_037301.2	10127356	38.23	4.44e-16	72.8	interchromosomal	NA	NA	NA
XP_002320852.4	XP_024441317.1	NC_037298.2	6296630	NC_037298.2	1460990	45.78	4.26e-16	71.6	intrachromosomal_distant	NA	NA	NA
XP_002320852.4	XP_006378014.1	NC_037298.2	6296630	NC_037295.2	19237430	43.53	8.67e-16	71.6	interchromosomal	NA	NA	NA
XP_002320852.4	XP_024466901.1	NC_037298.2	6296630	NC_037294.2	16611764	52.54	7.19e-16	70.1	interchromosomal	NA	NA	NA
XP_002320852.4	XP_024436877.2	NC_037298.2	6296630	NC_037295.2	8531133	41.30	3.71e-16	70.9	interchromosomal	NA	NA	NA
XP_002320852.4	XP_052301100.1	NC_037298.2	6296630	NC_037295.2	18333481	40.86	2.11e-15	69.7	interchromosomal	NA	NA	NA
XP_002320852.4	XP_006375168.1	NC_037298.2	6296630	NC_037298.2	3234387	52.54	1.15e-15	68.2	intrachromosomal_distant	NA	NA	NA
XP_002320852.4	XP_006369893.1	NC_037298.2	6296630	NC_037285.2	36641635	41.49	3.77e-16	70.9	interchromosomal	NA	NA	NA
XP_002320852.4	XP_006382812.1	NC_037298.2	6296630	NC_037289.2	3486578	38.84	2.94e-15	68.9	interchromosomal	NA	NA	NA
XP_002320852.4	XP_024452726.1	NC_037298.2	6296630	NC_037287.2	13432844	43.37	2.12e-15	68.6	interchromosomal	NA	NA	NA
XP_002320852.4	XP_024458563.1	NC_037298.2	6296630	NC_037285.2	48605799	52.63	5.56e-15	68.9	interchromosomal	NA	NA	NA
XP_002320852.4	XP_024438829.2	NC_037298.2	6296630	NC_037297.2	7868485	32.74	5.49e-15	68.9	interchromosomal	NA	NA	NA
XP_002320852.4	XP_052308647.1	NC_037298.2	6296630	NC_037289.2	5998576	50.00	1.50e-14	65.5	interchromosomal	NA	NA	NA
XP_002320852.4	XP_002326093.4	NC_037298.2	6296630	NC_037303.2	14801942	50.85	1.70e-14	68.2	interchromosomal	NA	NA	NA
XP_002320852.4	XP_024450700.1	NC_037298.2	6296630	NC_037286.2	21787634	49.21	1.71e-14	67.4	interchromosomal	NA	NA	NA
XP_002320852.4	XP_002321134.3	NC_037298.2	6296630	NC_037298.2	10916137	52.54	5.91e-14	66.6	intrachromosomal_distant	NA	NA	NA
XP_002320852.4	XP_006381519.2	NC_037298.2	6296630	NC_037290.2	10930631	46.38	3.78e-14	66.2	interchromosomal	NA	NA	NA
XP_002320852.4	XP_024455846.2	NC_037298.2	6296630	NC_037288.2	463543	52.38	3.83e-14	67.0	interchromosomal	NA	NA	NA
XP_002320852.4	XP_002323637.2	NC_037298.2	6296630	NC_037300.2	13149873	50.85	4.97e-14	66.6	interchromosomal	NA	NA	NA
XP_002320852.4	XP_006382109.3	NC_037298.2	6296630	NC_037290.2	26029137	45.07	4.97e-14	65.9	interchromosomal	NA	NA	NA
XP_002320852.4	XP_024446053.1	NC_037298.2	6296630	NC_037302.2	12567397	40.00	7.87e-14	65.9	interchromosomal	NA	NA	NA
XP_002320852.4	XP_024443283.1	NC_037298.2	6296630	NC_037300.2	6485177	46.97	7.41e-14	65.1	interchromosomal	NA	NA	NA
XP_002320852.4	XP_006389578.1	NC_037298.2	6296630	NC_037295.2	587221	52.38	5.97e-14	66.2	interchromosomal	NA	NA	NA
XP_002320852.4	XP_024466667.1	NC_037298.2	6296630	NC_037285.2	21315533	51.43	8.67e-14	65.1	interchromosomal	NA	NA	NA
XP_002320852.4	XP_024458700.1	NC_037298.2	6296630	NC_037290.2	8094569	50.85	8.39e-14	65.9	interchromosomal	NA	NA	NA
XP_002320852.4	XP_024446284.2	NC_037298.2	6296630	NC_037302.2	1292205	34.11	1.06e-13	64.7	interchromosomal	NA	NA	NA
XP_002320852.4	XP_024437369.2	NC_037298.2	6296630	NC_037295.2	11223426	49.15	1.31e-13	64.7	interchromosomal	NA	NA	NA
XP_002320852.4	XP_052303325.1	NC_037298.2	6296630	NC_037299.2	8984460	54.24	1.27e-13	65.5	interchromosomal	NA	NA	NA
XP_002320852.4	XP_002323839.4	NC_037298.2	6296630	NC_037301.2	8849889	34.23	9.96e-14	65.5	interchromosomal	NA	NA	NA
XP_002320852.4	XP_006371762.1	NC_037298.2	6296630	NC_037302.2	1349083	50.75	6.42e-13	61.6	interchromosomal	NA	NA	NA
XP_002320852.4	XP_024456867.1	NC_037298.2	6296630	NC_037289.2	5877537	43.48	6.80e-13	60.1	interchromosomal	NA	NA	NA
XP_002320852.4	XP_006375555.1	NC_037298.2	6296630	NC_037298.2	11864534	45.76	1.57e-12	61.6	intrachromosomal_distant	NA	NA	NA
XP_002320852.4	XP_024460429.2	NC_037298.2	6296630	NC_037290.2	19088117	39.56	2.02e-12	61.2	interchromosomal	NA	NA	NA
XP_002320852.4	XP_006368511.1	NC_037298.2	6296630	NC_037285.2	3207145	45.76	2.43e-12	59.7	interchromosomal	NA	NA	NA
XP_002320852.4	XP_024461002.1	NC_037298.2	6296630	NC_037291.2	10436238	42.03	6.23e-12	57.0	interchromosomal	NA	NA	NA
XP_002320852.4	XP_002324328.1	NC_037298.2	6296630	NC_037302.2	1335139	44.07	1.20e-11	57.0	interchromosomal	NA	NA	NA
XP_024440069.1	XP_024450700.1	NC_037298.2	7538137	NC_037286.2	21787634	41.96	1.16e-103	317.0	interchromosomal	NA	NA	NA
XP_024440069.1	XP_024455846.2	NC_037298.2	7538137	NC_037288.2	463543	42.69	1.66e-104	318.0	interchromosomal	NA	NA	NA
XP_024440069.1	XP_024466667.1	NC_037298.2	7538137	NC_037285.2	21315533	34.88	3.66e-54	184.0	interchromosomal	NA	NA	NA
XP_024440069.1	XP_052303325.1	NC_037298.2	7538137	NC_037299.2	8984460	33.76	2.68e-58	197.0	interchromosomal	NA	NA	NA
XP_024440069.1	XP_024458700.1	NC_037298.2	7538137	NC_037290.2	8094569	55.70	1.66e-26	105.0	interchromosomal	NA	NA	NA
XP_024440069.1	XP_024454278.1	NC_037298.2	7538137	NC_037288.2	11508039	52.75	2.30e-26	105.0	interchromosomal	NA	NA	NA
XP_024440069.1	XP_024444415.2	NC_037298.2	7538137	NC_037301.2	10127356	49.45	5.96e-26	103.0	interchromosomal	NA	NA	NA
XP_024440069.1	XP_024443283.1	NC_037298.2	7538137	NC_037300.2	6485177	51.25	2.11e-24	98.6	interchromosomal	NA	NA	NA
XP_024440069.1	XP_024446053.1	NC_037298.2	7538137	NC_037302.2	12567397	51.90	7.10e-23	94.4	interchromosomal	NA	NA	NA
XP_024440069.1	XP_024460429.2	NC_037298.2	7538137	NC_037290.2	19088117	50.63	1.35e-22	93.6	interchromosomal	NA	NA	NA
XP_024440069.1	XP_024458563.1	NC_037298.2	7538137	NC_037285.2	48605799	46.81	2.26e-21	89.4	interchromosomal	NA	NA	NA
XP_024440069.1	XP_024466901.1	NC_037298.2	7538137	NC_037294.2	16611764	46.07	2.41e-21	87.4	interchromosomal	NA	NA	NA
XP_024440069.1	XP_052301100.1	NC_037298.2	7538137	NC_037295.2	18333481	44.21	4.88e-21	88.6	interchromosomal	NA	NA	NA
XP_024440069.1	XP_052308647.1	NC_037298.2	7538137	NC_037289.2	5998576	50.00	4.66e-21	84.3	interchromosomal	NA	NA	NA
XP_024440069.1	XP_024456867.1	NC_037298.2	7538137	NC_037289.2	5877537	48.65	1.30e-21	85.1	interchromosomal	NA	NA	NA
XP_024440069.1	XP_024452726.1	NC_037298.2	7538137	NC_037287.2	13432844	57.90	5.00e-20	83.6	interchromosomal	NA	NA	NA
XP_024440069.1	XP_024461002.1	NC_037298.2	7538137	NC_037291.2	10436238	45.95	1.64e-20	81.3	interchromosomal	NA	NA	NA
XP_024440069.1	XP_024441317.1	NC_037298.2	7538137	NC_037298.2	1460990	44.90	7.75e-20	84.0	intrachromosomal_distant	NA	NA	NA
XP_024440069.1	XP_024446284.2	NC_037298.2	7538137	NC_037302.2	1292205	51.67	1.49e-16	74.3	interchromosomal	NA	NA	NA
XP_024440069.1	XP_052305286.1	NC_037298.2	7538137	NC_037303.2	9848168	37.39	3.77e-15	69.3	interchromosomal	NA	NA	NA
XP_002320967.3	XP_024436877.2	NC_037298.2	7968052	NC_037295.2	8531133	43.03	3.59e-50	162.0	interchromosomal	NA	NA	NA
XP_002320967.3	XP_006369893.1	NC_037298.2	7968052	NC_037285.2	36641635	49.36	1.41e-52	169.0	interchromosomal	NA	NA	NA
XP_002320967.3	XP_024466901.1	NC_037298.2	7968052	NC_037294.2	16611764	50.27	1.23e-48	158.0	interchromosomal	NA	NA	NA
XP_002320967.3	XP_006368868.2	NC_037298.2	7968052	NC_037285.2	4486450	65.43	2.53e-37	124.0	interchromosomal	NA	NA	NA
XP_002320967.3	XP_002322274.1	NC_037298.2	7968052	NC_037299.2	11932322	66.67	1.57e-34	117.0	interchromosomal	NA	NA	NA
XP_002320967.3	XP_006373216.1	NC_037298.2	7968052	NC_037301.2	5566257	67.95	1.99e-36	122.0	interchromosomal	NA	NA	NA
XP_002320967.3	XP_052308647.1	NC_037298.2	7968052	NC_037289.2	5998576	63.53	3.53e-34	118.0	interchromosomal	NA	NA	NA
XP_002320967.3	XP_006375168.1	NC_037298.2	7968052	NC_037298.2	3234387	48.41	4.47e-34	118.0	intrachromosomal_distant	NA	NA	NA
XP_002320967.3	XP_024444415.2	NC_037298.2	7968052	NC_037301.2	10127356	50.89	2.99e-33	121.0	interchromosomal	NA	NA	NA
XP_002320967.3	XP_024454278.1	NC_037298.2	7968052	NC_037288.2	11508039	38.82	1.74e-32	119.0	interchromosomal	NA	NA	NA
XP_002320967.3	XP_006378014.1	NC_037298.2	7968052	NC_037295.2	19237430	38.28	3.81e-32	119.0	interchromosomal	NA	NA	NA
XP_002320967.3	XP_024438829.2	NC_037298.2	7968052	NC_037297.2	7868485	41.57	7.52e-31	115.0	interchromosomal	NA	NA	NA
XP_002320967.3	XP_024437369.2	NC_037298.2	7968052	NC_037295.2	11223426	56.12	1.03e-30	114.0	interchromosomal	NA	NA	NA
XP_002320967.3	XP_024461002.1	NC_037298.2	7968052	NC_037291.2	10436238	56.79	1.66e-30	107.0	interchromosomal	NA	NA	NA
XP_002320967.3	XP_002326093.4	NC_037298.2	7968052	NC_037303.2	14801942	38.79	1.68e-30	114.0	interchromosomal	NA	NA	NA
XP_002320967.3	XP_024456867.1	NC_037298.2	7968052	NC_037289.2	5877537	58.67	4.03e-30	107.0	interchromosomal	NA	NA	NA
XP_002320967.3	XP_006375555.1	NC_037298.2	7968052	NC_037298.2	11864534	42.01	7.37e-30	111.0	intrachromosomal_distant	NA	NA	NA
XP_002320967.3	XP_006381519.2	NC_037298.2	7968052	NC_037290.2	10930631	45.13	5.62e-29	108.0	interchromosomal	NA	NA	NA
XP_002320967.3	XP_024443283.1	NC_037298.2	7968052	NC_037300.2	6485177	41.86	2.03e-28	107.0	interchromosomal	NA	NA	NA
XP_002320967.3	XP_002323637.2	NC_037298.2	7968052	NC_037300.2	13149873	58.44	3.43e-28	107.0	interchromosomal	NA	NA	NA
XP_002320967.3	XP_024458700.1	NC_037298.2	7968052	NC_037290.2	8094569	37.95	7.06e-28	106.0	interchromosomal	NA	NA	NA
XP_002320967.3	XP_024446053.1	NC_037298.2	7968052	NC_037302.2	12567397	35.37	9.14e-24	94.4	interchromosomal	NA	NA	NA
XP_002320967.3	XP_002323839.4	NC_037298.2	7968052	NC_037301.2	8849889	48.78	4.28e-23	92.4	interchromosomal	NA	NA	NA
XP_002320967.3	XP_006368511.1	NC_037298.2	7968052	NC_037285.2	3207145	57.81	5.48e-23	90.5	interchromosomal	NA	NA	NA
XP_002320967.3	XP_024455846.2	NC_037298.2	7968052	NC_037288.2	463543	49.35	6.71e-23	92.0	interchromosomal	NA	NA	NA
XP_002320967.3	XP_002321134.3	NC_037298.2	7968052	NC_037298.2	10916137	49.35	7.69e-23	92.0	intrachromosomal_distant	NA	NA	NA
XP_002320967.3	XP_002323509.1	NC_037298.2	7968052	NC_037300.2	10100937	66.07	7.91e-23	89.7	interchromosomal	NA	NA	NA
XP_002320967.3	XP_024466667.1	NC_037298.2	7968052	NC_037285.2	21315533	41.58	1.07e-22	92.0	interchromosomal	NA	NA	NA
XP_002320967.3	XP_006371762.1	NC_037298.2	7968052	NC_037302.2	1349083	51.28	8.30e-23	89.7	interchromosomal	NA	NA	NA
XP_002320967.3	XP_006389578.1	NC_037298.2	7968052	NC_037295.2	587221	43.40	8.81e-23	92.4	interchromosomal	NA	NA	NA
XP_002320967.3	XP_024450700.1	NC_037298.2	7968052	NC_037286.2	21787634	49.35	3.58e-22	90.9	interchromosomal	NA	NA	NA
XP_002320967.3	XP_052303325.1	NC_037298.2	7968052	NC_037299.2	8984460	43.14	4.88e-22	89.4	interchromosomal	NA	NA	NA
XP_002320967.3	XP_024460429.2	NC_037298.2	7968052	NC_037290.2	19088117	35.81	5.15e-22	89.4	interchromosomal	NA	NA	NA
XP_002320967.3	XP_002324382.1	NC_037298.2	7968052	NC_037302.2	615270	37.86	3.45e-21	85.5	interchromosomal	NA	NA	NA
XP_002320967.3	XP_006372370.1	NC_037298.2	7968052	NC_037301.2	14784916	42.70	3.51e-20	83.2	interchromosomal	NA	NA	NA
XP_002320967.3	XP_006382109.3	NC_037298.2	7968052	NC_037290.2	26029137	46.15	4.32e-20	83.2	interchromosomal	NA	NA	NA
XP_002320967.3	XP_006383530.2	NC_037298.2	7968052	NC_037289.2	11313285	42.39	6.90e-20	81.6	interchromosomal	NA	NA	NA
XP_002320967.3	XP_024458563.1	NC_037298.2	7968052	NC_037285.2	48605799	45.88	7.91e-20	82.4	interchromosomal	NA	NA	NA
XP_002320967.3	XP_002324328.1	NC_037298.2	7968052	NC_037302.2	1335139	54.24	8.57e-20	80.5	interchromosomal	NA	NA	NA
XP_002320967.3	XP_024452726.1	NC_037298.2	7968052	NC_037287.2	13432844	49.25	1.15e-19	80.9	interchromosomal	NA	NA	NA
XP_002320967.3	XP_024446284.2	NC_037298.2	7968052	NC_037302.2	1292205	46.25	1.85e-19	81.6	interchromosomal	NA	NA	NA
XP_002320967.3	XP_006368768.2	NC_037298.2	7968052	NC_037285.2	7882247	52.46	2.43e-19	80.1	interchromosomal	NA	NA	NA
XP_002320967.3	XP_002325248.3	NC_037298.2	7968052	NC_037302.2	14435429	38.64	2.72e-19	79.7	interchromosomal	NA	NA	NA
XP_002320967.3	XP_052301100.1	NC_037298.2	7968052	NC_037295.2	18333481	52.46	3.02e-19	80.9	interchromosomal	NA	NA	NA
XP_002320967.3	XP_024441317.1	NC_037298.2	7968052	NC_037298.2	1460990	40.70	4.46e-19	79.7	intrachromosomal_distant	NA	NA	NA
XP_002320967.3	XP_006386616.2	NC_037298.2	7968052	NC_037286.2	12590323	50.82	1.94e-18	77.8	interchromosomal	NA	NA	NA
XP_002320967.3	XP_006375351.1	NC_037298.2	7968052	NC_037298.2	5870811	50.82	1.97e-18	77.8	intrachromosomal_distant	NA	NA	NA
XP_002320967.3	XP_006382812.1	NC_037298.2	7968052	NC_037289.2	3486578	40.24	1.34e-17	75.5	interchromosomal	NA	NA	NA
XP_002320967.3	XP_052305286.1	NC_037298.2	7968052	NC_037303.2	9848168	49.25	1.64e-15	69.7	interchromosomal	NA	NA	NA
XP_002320967.3	XP_024439297.1	NC_037298.2	7968052	NC_037297.2	9163560	49.25	4.19e-15	68.2	interchromosomal	NA	NA	NA
XP_002320967.3	XP_024452203.2	NC_037298.2	7968052	NC_037287.2	21584780	45.90	9.95e-15	63.2	interchromosomal	NA	NA	NA
XP_002320967.3	XP_006368530.1	NC_037298.2	7968052	NC_037285.2	159614	40.74	3.27e-15	63.5	interchromosomal	NA	NA	NA
XP_002320967.3	XP_002323675.2	NC_037298.2	7968052	NC_037300.2	14139186	45.76	2.03e-13	62.8	interchromosomal	NA	NA	NA
XP_052303237.1	XP_052303325.1	NC_037298.2	8049826	NC_037299.2	8984460	55.00	1.53e-19	80.9	interchromosomal	NA	NA	NA
XP_052303237.1	XP_052305286.1	NC_037298.2	8049826	NC_037303.2	9848168	53.23	7.21e-15	66.6	interchromosomal	NA	NA	NA
XP_052303237.1	XP_052308647.1	NC_037298.2	8049826	NC_037289.2	5998576	46.48	5.32e-15	65.1	interchromosomal	NA	NA	NA
XP_002321134.3	XP_024450700.1	NC_037298.2	10916137	NC_037286.2	21787634	80.44	0.00e+00	957.0	interchromosomal	NA	NA	NA
XP_002321134.3	XP_024455846.2	NC_037298.2	10916137	NC_037288.2	463543	58.29	0.00e+00	544.0	interchromosomal	NA	NA	NA
XP_002321134.3	XP_006389578.1	NC_037298.2	10916137	NC_037295.2	587221	57.70	0.00e+00	529.0	interchromosomal	NA	NA	NA
XP_002321134.3	XP_024440069.1	NC_037298.2	10916137	NC_037298.2	7538137	42.38	1.14e-104	319.0	intrachromosomal_distant	NA	NA	NA
XP_002321134.3	XP_024466667.1	NC_037298.2	10916137	NC_037285.2	21315533	37.64	8.47e-62	207.0	interchromosomal	NA	NA	NA
XP_002321134.3	XP_002323839.4	NC_037298.2	10916137	NC_037301.2	8849889	36.89	1.04e-66	221.0	interchromosomal	NA	NA	NA
XP_002321134.3	XP_052303325.1	NC_037298.2	10916137	NC_037299.2	8984460	35.26	2.24e-62	211.0	interchromosomal	NA	NA	NA
XP_002321134.3	XP_006368511.1	NC_037298.2	10916137	NC_037285.2	3207145	38.89	1.07e-29	112.0	interchromosomal	NA	NA	NA
XP_002321134.3	XP_002324328.1	NC_037298.2	10916137	NC_037302.2	1335139	39.51	1.58e-28	108.0	interchromosomal	NA	NA	NA
XP_002321134.3	XP_002323637.2	NC_037298.2	10916137	NC_037300.2	13149873	38.02	2.88e-27	109.0	interchromosomal	NA	NA	NA
XP_002321134.3	XP_006371762.1	NC_037298.2	10916137	NC_037302.2	1349083	40.00	2.86e-27	105.0	interchromosomal	NA	NA	NA
XP_002321134.3	XP_024458700.1	NC_037298.2	10916137	NC_037290.2	8094569	54.32	5.09e-27	108.0	interchromosomal	NA	NA	NA
XP_002321134.3	XP_024437369.2	NC_037298.2	10916137	NC_037295.2	11223426	57.50	2.36e-26	106.0	interchromosomal	NA	NA	NA
XP_002321134.3	XP_024454278.1	NC_037298.2	10916137	NC_037288.2	11508039	56.79	1.87e-26	106.0	interchromosomal	NA	NA	NA
XP_002321134.3	XP_006378014.1	NC_037298.2	10916137	NC_037295.2	19237430	49.06	3.13e-26	106.0	interchromosomal	NA	NA	NA
XP_002321134.3	XP_002326093.4	NC_037298.2	10916137	NC_037303.2	14801942	44.35	1.24e-26	107.0	interchromosomal	NA	NA	NA
XP_002321134.3	XP_024438829.2	NC_037298.2	10916137	NC_037297.2	7868485	54.76	3.43e-26	106.0	interchromosomal	NA	NA	NA
XP_002321134.3	XP_024444415.2	NC_037298.2	10916137	NC_037301.2	10127356	47.92	8.73e-26	104.0	interchromosomal	NA	NA	NA
XP_002321134.3	XP_006373216.1	NC_037298.2	10916137	NC_037301.2	5566257	44.23	3.12e-27	100.0	interchromosomal	NA	NA	NA
XP_002321134.3	XP_006381519.2	NC_037298.2	10916137	NC_037290.2	10930631	47.67	3.96e-24	98.6	interchromosomal	NA	NA	NA
XP_002321134.3	XP_006369893.1	NC_037298.2	10916137	NC_037285.2	36641635	42.86	6.65e-25	97.8	interchromosomal	NA	NA	NA
XP_002321134.3	XP_052303237.1	NC_037298.2	10916137	NC_037298.2	8049826	45.98	2.51e-23	92.8	intrachromosomal_distant	NA	NA	NA
XP_002321134.3	XP_024443283.1	NC_037298.2	10916137	NC_037300.2	6485177	50.00	2.64e-23	96.3	interchromosomal	NA	NA	NA
XP_002321134.3	XP_024436877.2	NC_037298.2	10916137	NC_037295.2	8531133	33.14	4.34e-24	95.1	interchromosomal	NA	NA	NA
XP_002321134.3	XP_002322274.1	NC_037298.2	10916137	NC_037299.2	11932322	53.95	2.26e-25	94.7	interchromosomal	NA	NA	NA
XP_002321134.3	XP_006368868.2	NC_037298.2	10916137	NC_037285.2	4486450	49.40	9.24e-26	95.1	interchromosomal	NA	NA	NA
XP_002321134.3	XP_024466901.1	NC_037298.2	10916137	NC_037294.2	16611764	53.33	2.64e-22	90.5	interchromosomal	NA	NA	NA
XP_002321134.3	XP_006368768.2	NC_037298.2	10916137	NC_037285.2	7882247	45.00	9.18e-22	89.7	interchromosomal	NA	NA	NA
XP_002321134.3	XP_006375168.1	NC_037298.2	10916137	NC_037298.2	3234387	50.67	7.08e-22	86.7	intrachromosomal_distant	NA	NA	NA
XP_002321134.3	XP_024446053.1	NC_037298.2	10916137	NC_037302.2	12567397	49.35	3.74e-21	89.7	interchromosomal	NA	NA	NA
XP_002321134.3	XP_052301100.1	NC_037298.2	10916137	NC_037295.2	18333481	49.37	5.60e-21	89.0	interchromosomal	NA	NA	NA
XP_002321134.3	XP_024458563.1	NC_037298.2	10916137	NC_037285.2	48605799	44.90	6.13e-21	88.6	interchromosomal	NA	NA	NA
XP_002321134.3	XP_006382812.1	NC_037298.2	10916137	NC_037289.2	3486578	62.26	6.65e-21	87.4	interchromosomal	NA	NA	NA
XP_002321134.3	XP_002325248.3	NC_037298.2	10916137	NC_037302.2	14435429	46.51	8.89e-21	86.3	interchromosomal	NA	NA	NA
XP_002321134.3	XP_024460429.2	NC_037298.2	10916137	NC_037290.2	19088117	48.05	6.34e-21	89.0	interchromosomal	NA	NA	NA
XP_002321134.3	XP_024441317.1	NC_037298.2	10916137	NC_037298.2	1460990	50.69	1.57e-20	86.7	intrachromosomal_distant	NA	NA	NA
XP_002321134.3	XP_002324382.1	NC_037298.2	10916137	NC_037302.2	615270	39.45	3.66e-21	87.4	interchromosomal	NA	NA	NA
XP_002321134.3	XP_024452726.1	NC_037298.2	10916137	NC_037287.2	13432844	57.90	2.33e-20	85.1	interchromosomal	NA	NA	NA
XP_002321134.3	XP_006386616.2	NC_037298.2	10916137	NC_037286.2	12590323	49.33	1.94e-20	85.5	interchromosomal	NA	NA	NA
XP_002321134.3	XP_052308647.1	NC_037298.2	10916137	NC_037289.2	5998576	48.00	2.33e-20	82.4	interchromosomal	NA	NA	NA
XP_002321134.3	XP_006375351.1	NC_037298.2	10916137	NC_037298.2	5870811	49.33	2.37e-20	85.1	intrachromosomal_distant	NA	NA	NA
XP_002321134.3	XP_024456867.1	NC_037298.2	10916137	NC_037289.2	5877537	50.00	5.43e-22	86.3	interchromosomal	NA	NA	NA
XP_002321134.3	XP_006383530.2	NC_037298.2	10916137	NC_037289.2	11313285	52.54	1.51e-19	82.4	interchromosomal	NA	NA	NA
XP_002321134.3	XP_006372370.1	NC_037298.2	10916137	NC_037301.2	14784916	48.57	6.04e-19	82.4	interchromosomal	NA	NA	NA
XP_002321134.3	XP_024461002.1	NC_037298.2	10916137	NC_037291.2	10436238	47.30	1.19e-20	81.6	interchromosomal	NA	NA	NA
XP_002321134.3	XP_006382109.3	NC_037298.2	10916137	NC_037290.2	26029137	45.45	1.43e-17	78.2	interchromosomal	NA	NA	NA
XP_002321134.3	XP_024446284.2	NC_037298.2	10916137	NC_037302.2	1292205	43.04	6.74e-17	76.3	interchromosomal	NA	NA	NA
XP_002321134.3	XP_002323509.1	NC_037298.2	10916137	NC_037300.2	10100937	44.87	5.72e-16	71.2	interchromosomal	NA	NA	NA
XP_002321134.3	XP_052305286.1	NC_037298.2	10916137	NC_037303.2	9848168	52.63	5.61e-13	63.5	interchromosomal	NA	NA	NA
XP_002321134.3	XP_024439297.1	NC_037298.2	10916137	NC_037297.2	9163560	43.42	6.71e-12	60.1	interchromosomal	NA	NA	NA
XP_002321134.3	XP_002323675.2	NC_037298.2	10916137	NC_037300.2	14139186	42.67	2.56e-12	60.1	interchromosomal	NA	NA	NA
XP_006375555.1	XP_024437369.2	NC_037298.2	11864534	NC_037295.2	11223426	47.74	1.19e-90	279.0	interchromosomal	NA	NA	NA
XP_006375555.1	XP_024438829.2	NC_037298.2	11864534	NC_037297.2	7868485	43.73	4.57e-68	224.0	interchromosomal	NA	NA	NA
XP_006375555.1	XP_006378014.1	NC_037298.2	11864534	NC_037295.2	19237430	43.25	3.51e-67	222.0	interchromosomal	NA	NA	NA
XP_006375555.1	XP_024444415.2	NC_037298.2	11864534	NC_037301.2	10127356	38.37	4.65e-66	215.0	interchromosomal	NA	NA	NA
XP_006375555.1	XP_024454278.1	NC_037298.2	11864534	NC_037288.2	11508039	41.18	2.64e-64	211.0	interchromosomal	NA	NA	NA
XP_006375555.1	XP_024458700.1	NC_037298.2	11864534	NC_037290.2	8094569	47.50	1.43e-61	204.0	interchromosomal	NA	NA	NA
XP_006375555.1	XP_024443283.1	NC_037298.2	11864534	NC_037300.2	6485177	41.35	1.97e-59	196.0	interchromosomal	NA	NA	NA
XP_006375555.1	XP_006381519.2	NC_037298.2	11864534	NC_037290.2	10930631	39.78	3.98e-55	184.0	interchromosomal	NA	NA	NA
XP_006375555.1	XP_024460429.2	NC_037298.2	11864534	NC_037290.2	19088117	40.74	1.49e-50	173.0	interchromosomal	NA	NA	NA
XP_006375555.1	XP_024446053.1	NC_037298.2	11864534	NC_037302.2	12567397	41.49	9.01e-48	166.0	interchromosomal	NA	NA	NA
XP_006375555.1	XP_024446284.2	NC_037298.2	11864534	NC_037302.2	1292205	36.96	3.49e-47	162.0	interchromosomal	NA	NA	NA
XP_006375555.1	XP_006382109.3	NC_037298.2	11864534	NC_037290.2	26029137	35.40	2.11e-39	142.0	interchromosomal	NA	NA	NA
XP_006375555.1	XP_024436877.2	NC_037298.2	11864534	NC_037295.2	8531133	64.00	1.57e-30	113.0	interchromosomal	NA	NA	NA
XP_006375555.1	XP_024466901.1	NC_037298.2	11864534	NC_037294.2	16611764	59.09	3.44e-29	109.0	interchromosomal	NA	NA	NA
XP_006375555.1	XP_052308647.1	NC_037298.2	11864534	NC_037289.2	5998576	59.72	7.56e-29	106.0	interchromosomal	NA	NA	NA
XP_006375555.1	XP_024461002.1	NC_037298.2	11864534	NC_037291.2	10436238	57.33	6.95e-27	100.0	interchromosomal	NA	NA	NA
XP_006375555.1	XP_024440069.1	NC_037298.2	11864534	NC_037298.2	7538137	48.35	9.31e-27	105.0	intrachromosomal_distant	NA	NA	NA
XP_006375555.1	XP_024450700.1	NC_037298.2	11864534	NC_037286.2	21787634	34.76	7.09e-26	103.0	interchromosomal	NA	NA	NA
XP_006375555.1	XP_024455846.2	NC_037298.2	11864534	NC_037288.2	463543	52.63	2.72e-26	105.0	interchromosomal	NA	NA	NA
XP_006375555.1	XP_006389578.1	NC_037298.2	11864534	NC_037295.2	587221	36.88	8.47e-26	103.0	interchromosomal	NA	NA	NA
XP_006375555.1	XP_024456867.1	NC_037298.2	11864534	NC_037289.2	5877537	54.80	8.19e-26	97.1	interchromosomal	NA	NA	NA
XP_006375555.1	XP_052303325.1	NC_037298.2	11864534	NC_037299.2	8984460	42.57	1.93e-24	99.8	interchromosomal	NA	NA	NA
XP_006375555.1	XP_024466667.1	NC_037298.2	11864534	NC_037285.2	21315533	48.75	4.21e-24	98.2	interchromosomal	NA	NA	NA
XP_006375555.1	XP_006383530.2	NC_037298.2	11864534	NC_037289.2	11313285	58.73	4.78e-22	90.1	interchromosomal	NA	NA	NA
XP_006375555.1	XP_024441317.1	NC_037298.2	11864534	NC_037298.2	1460990	58.46	1.17e-21	89.4	intrachromosomal_distant	NA	NA	NA
XP_006375555.1	XP_024452726.1	NC_037298.2	11864534	NC_037287.2	13432844	58.06	3.31e-21	87.0	interchromosomal	NA	NA	NA
XP_006375555.1	XP_006382812.1	NC_037298.2	11864534	NC_037289.2	3486578	58.06	1.88e-20	85.5	interchromosomal	NA	NA	NA
XP_006375555.1	XP_052301100.1	NC_037298.2	11864534	NC_037295.2	18333481	46.58	1.08e-18	81.3	interchromosomal	NA	NA	NA
XP_006375555.1	XP_024458563.1	NC_037298.2	11864534	NC_037285.2	48605799	46.58	3.94e-18	79.3	interchromosomal	NA	NA	NA
XP_006375555.1	XP_006386616.2	NC_037298.2	11864534	NC_037286.2	12590323	34.94	5.63e-19	80.5	interchromosomal	NA	NA	NA
XP_006375555.1	XP_052303237.1	NC_037298.2	11864534	NC_037298.2	8049826	54.10	2.34e-16	72.0	intrachromosomal_distant	NA	NA	NA
XP_006375555.1	XP_052305286.1	NC_037298.2	11864534	NC_037303.2	9848168	47.37	2.67e-13	63.9	interchromosomal	NA	NA	NA
XP_006375555.1	XP_024452203.2	NC_037298.2	11864534	NC_037287.2	21584780	40.74	2.86e-12	57.0	interchromosomal	NA	NA	NA
XP_006375555.1	XP_024439297.1	NC_037298.2	11864534	NC_037297.2	9163560	45.61	2.87e-12	60.8	interchromosomal	NA	NA	NA
XP_052303325.1	XP_052308647.1	NC_037299.2	8984460	NC_037289.2	5998576	45.33	7.35e-19	79.3	interchromosomal	NA	NA	NA
XP_052303325.1	XP_052305286.1	NC_037299.2	8984460	NC_037303.2	9848168	52.63	7.15e-13	63.2	interchromosomal	NA	NA	NA
XP_002322274.1	XP_006373216.1	NC_037299.2	11932322	NC_037301.2	5566257	68.59	1.47e-57	172.0	interchromosomal	NA	NA	NA
XP_002322274.1	XP_006368868.2	NC_037299.2	11932322	NC_037285.2	4486450	74.51	1.77e-53	161.0	interchromosomal	NA	NA	NA
XP_002322274.1	XP_006375168.1	NC_037299.2	11932322	NC_037298.2	3234387	66.22	5.13e-33	111.0	interchromosomal	NA	NA	NA
XP_002322274.1	XP_024466901.1	NC_037299.2	11932322	NC_037294.2	16611764	65.79	5.56e-33	112.0	interchromosomal	NA	NA	NA
XP_002322274.1	XP_006369893.1	NC_037299.2	11932322	NC_037285.2	36641635	64.86	8.26e-33	113.0	interchromosomal	NA	NA	NA
XP_002322274.1	XP_024436877.2	NC_037299.2	11932322	NC_037295.2	8531133	54.45	5.86e-33	113.0	interchromosomal	NA	NA	NA
XP_002322274.1	XP_024444415.2	NC_037299.2	11932322	NC_037301.2	10127356	64.10	1.57e-31	112.0	interchromosomal	NA	NA	NA
XP_002322274.1	XP_024454278.1	NC_037299.2	11932322	NC_037288.2	11508039	62.82	1.92e-31	112.0	interchromosomal	NA	NA	NA
XP_002322274.1	XP_024461002.1	NC_037299.2	11932322	NC_037291.2	10436238	42.86	8.03e-31	104.0	interchromosomal	NA	NA	NA
XP_002322274.1	XP_024456867.1	NC_037299.2	11932322	NC_037289.2	5877537	56.34	8.10e-31	105.0	interchromosomal	NA	NA	NA
XP_002322274.1	XP_006378014.1	NC_037299.2	11932322	NC_037295.2	19237430	59.77	1.57e-30	109.0	interchromosomal	NA	NA	NA
XP_002322274.1	XP_024437369.2	NC_037299.2	11932322	NC_037295.2	11223426	60.49	1.09e-29	108.0	interchromosomal	NA	NA	NA
XP_002322274.1	XP_002323637.2	NC_037299.2	11932322	NC_037300.2	13149873	59.09	8.28e-30	108.0	interchromosomal	NA	NA	NA
XP_002322274.1	XP_052308647.1	NC_037299.2	11932322	NC_037289.2	5998576	60.27	6.78e-30	103.0	interchromosomal	NA	NA	NA
XP_002322274.1	XP_002326093.4	NC_037299.2	11932322	NC_037303.2	14801942	50.89	2.59e-29	106.0	interchromosomal	NA	NA	NA
XP_002322274.1	XP_024458700.1	NC_037299.2	11932322	NC_037290.2	8094569	60.00	4.56e-29	106.0	interchromosomal	NA	NA	NA
XP_002322274.1	XP_024438829.2	NC_037299.2	11932322	NC_037297.2	7868485	59.76	3.57e-29	105.0	interchromosomal	NA	NA	NA
XP_002322274.1	XP_006375555.1	NC_037299.2	11932322	NC_037298.2	11864534	62.86	3.48e-28	102.0	interchromosomal	NA	NA	NA
XP_002322274.1	XP_024440069.1	NC_037299.2	11932322	NC_037298.2	7538137	55.26	1.01e-26	98.6	interchromosomal	NA	NA	NA
XP_002322274.1	XP_024443283.1	NC_037299.2	11932322	NC_037300.2	6485177	43.27	3.91e-26	97.8	interchromosomal	NA	NA	NA
XP_002322274.1	XP_024455846.2	NC_037299.2	11932322	NC_037288.2	463543	53.95	6.15e-26	96.7	interchromosomal	NA	NA	NA
XP_002322274.1	XP_006381519.2	NC_037299.2	11932322	NC_037290.2	10930631	49.44	7.88e-26	95.9	interchromosomal	NA	NA	NA
XP_002322274.1	XP_006389578.1	NC_037299.2	11932322	NC_037295.2	587221	53.95	2.59e-25	96.3	interchromosomal	NA	NA	NA
XP_002322274.1	XP_024466667.1	NC_037299.2	11932322	NC_037285.2	21315533	54.32	8.91e-25	94.4	interchromosomal	NA	NA	NA
XP_002322274.1	XP_002323839.4	NC_037299.2	11932322	NC_037301.2	8849889	47.37	2.72e-24	93.2	interchromosomal	NA	NA	NA
XP_002322274.1	XP_024450700.1	NC_037299.2	11932322	NC_037286.2	21787634	52.63	1.10e-23	90.1	interchromosomal	NA	NA	NA
XP_002322274.1	XP_052303325.1	NC_037299.2	11932322	NC_037299.2	8984460	47.73	3.17e-23	90.5	intrachromosomal_distant	NA	NA	NA
XP_002322274.1	XP_002323509.1	NC_037299.2	11932322	NC_037300.2	10100937	59.32	1.89e-22	85.1	interchromosomal	NA	NA	NA
XP_002322274.1	XP_024460429.2	NC_037299.2	11932322	NC_037290.2	19088117	43.33	2.14e-21	84.7	interchromosomal	NA	NA	NA
XP_002322274.1	XP_024446053.1	NC_037299.2	11932322	NC_037302.2	12567397	42.22	1.29e-20	82.4	interchromosomal	NA	NA	NA
XP_002322274.1	XP_006368511.1	NC_037299.2	11932322	NC_037285.2	3207145	52.46	4.18e-20	79.3	interchromosomal	NA	NA	NA
XP_002322274.1	XP_006375351.1	NC_037299.2	11932322	NC_037298.2	5870811	45.68	6.71e-20	78.6	interchromosomal	NA	NA	NA
XP_002322274.1	XP_006371762.1	NC_037299.2	11932322	NC_037302.2	1349083	51.61	7.84e-20	78.6	interchromosomal	NA	NA	NA
XP_002322274.1	XP_006368768.2	NC_037299.2	11932322	NC_037285.2	7882247	37.61	1.03e-19	78.6	interchromosomal	NA	NA	NA
XP_002322274.1	XP_006386616.2	NC_037299.2	11932322	NC_037286.2	12590323	45.68	1.06e-19	79.0	interchromosomal	NA	NA	NA
XP_002322274.1	XP_052303237.1	NC_037299.2	11932322	NC_037298.2	8049826	55.17	8.34e-19	75.1	interchromosomal	NA	NA	NA
XP_002322274.1	XP_002324328.1	NC_037299.2	11932322	NC_037302.2	1335139	51.67	4.44e-19	75.9	interchromosomal	NA	NA	NA
XP_002322274.1	XP_052301100.1	NC_037299.2	11932322	NC_037295.2	18333481	47.89	1.19e-18	76.6	interchromosomal	NA	NA	NA
XP_002322274.1	XP_024441317.1	NC_037299.2	11932322	NC_037298.2	1460990	40.43	1.26e-18	75.9	interchromosomal	NA	NA	NA
XP_002322274.1	XP_024452726.1	NC_037299.2	11932322	NC_037287.2	13432844	38.17	6.35e-19	75.9	interchromosomal	NA	NA	NA
XP_002322274.1	XP_006382109.3	NC_037299.2	11932322	NC_037290.2	26029137	54.39	2.25e-18	74.7	interchromosomal	NA	NA	NA
XP_002322274.1	XP_024458563.1	NC_037299.2	11932322	NC_037285.2	48605799	50.82	3.44e-18	75.1	interchromosomal	NA	NA	NA
XP_002322274.1	XP_006372370.1	NC_037299.2	11932322	NC_037301.2	14784916	46.77	6.41e-18	73.2	interchromosomal	NA	NA	NA
XP_002322274.1	XP_024446284.2	NC_037299.2	11932322	NC_037302.2	1292205	52.63	6.81e-18	73.2	interchromosomal	NA	NA	NA
XP_002322274.1	XP_006383530.2	NC_037299.2	11932322	NC_037289.2	11313285	52.46	9.01e-18	73.2	interchromosomal	NA	NA	NA
XP_002322274.1	XP_006382812.1	NC_037299.2	11932322	NC_037289.2	3486578	33.55	1.31e-17	72.0	interchromosomal	NA	NA	NA
XP_002322274.1	XP_002324382.1	NC_037299.2	11932322	NC_037302.2	615270	48.39	7.36e-18	73.6	interchromosomal	NA	NA	NA
XP_002322274.1	XP_002325248.3	NC_037299.2	11932322	NC_037302.2	14435429	45.71	1.40e-17	72.4	interchromosomal	NA	NA	NA
XP_002322274.1	XP_052305286.1	NC_037299.2	11932322	NC_037303.2	9848168	50.85	5.12e-15	64.7	interchromosomal	NA	NA	NA
XP_002322274.1	XP_024439297.1	NC_037299.2	11932322	NC_037297.2	9163560	49.15	3.27e-14	62.4	interchromosomal	NA	NA	NA
XP_002322274.1	XP_002323675.2	NC_037299.2	11932322	NC_037300.2	14139186	43.28	1.44e-13	61.2	interchromosomal	NA	NA	NA
XP_002322274.1	XP_024452203.2	NC_037299.2	11932322	NC_037287.2	21584780	40.68	5.26e-11	51.2	interchromosomal	NA	NA	NA
XP_024443283.1	XP_024444415.2	NC_037300.2	6485177	NC_037301.2	10127356	48.89	4.47e-81	254.0	interchromosomal	NA	NA	NA
XP_024443283.1	XP_024454278.1	NC_037300.2	6485177	NC_037288.2	11508039	44.22	2.54e-77	244.0	interchromosomal	NA	NA	NA
XP_024443283.1	XP_024458700.1	NC_037300.2	6485177	NC_037290.2	8094569	46.10	4.35e-72	231.0	interchromosomal	NA	NA	NA
XP_024443283.1	XP_024446053.1	NC_037300.2	6485177	NC_037302.2	12567397	38.55	5.63e-47	163.0	interchromosomal	NA	NA	NA
XP_024443283.1	XP_024460429.2	NC_037300.2	6485177	NC_037290.2	19088117	36.80	2.33e-47	164.0	interchromosomal	NA	NA	NA
XP_024443283.1	XP_024446284.2	NC_037300.2	6485177	NC_037302.2	1292205	36.19	2.12e-42	150.0	interchromosomal	NA	NA	NA
XP_024443283.1	XP_052308647.1	NC_037300.2	6485177	NC_037289.2	5998576	54.05	2.28e-27	102.0	interchromosomal	NA	NA	NA
XP_024443283.1	XP_024466901.1	NC_037300.2	6485177	NC_037294.2	16611764	55.41	2.54e-26	101.0	interchromosomal	NA	NA	NA
XP_024443283.1	XP_024461002.1	NC_037300.2	6485177	NC_037291.2	10436238	38.76	5.52e-26	96.7	interchromosomal	NA	NA	NA
XP_024443283.1	XP_024456867.1	NC_037300.2	6485177	NC_037289.2	5877537	42.59	1.90e-24	92.8	interchromosomal	NA	NA	NA
XP_024443283.1	XP_024455846.2	NC_037300.2	6485177	NC_037288.2	463543	50.00	1.28e-23	97.1	interchromosomal	NA	NA	NA
XP_024443283.1	XP_052303325.1	NC_037300.2	6485177	NC_037299.2	8984460	48.81	1.44e-23	97.1	interchromosomal	NA	NA	NA
XP_024443283.1	XP_024466667.1	NC_037300.2	6485177	NC_037285.2	21315533	47.37	3.04e-23	95.5	interchromosomal	NA	NA	NA
XP_024443283.1	XP_024450700.1	NC_037300.2	6485177	NC_037286.2	21787634	46.34	1.84e-21	90.5	interchromosomal	NA	NA	NA
XP_024443283.1	XP_024452726.1	NC_037300.2	6485177	NC_037287.2	13432844	46.34	5.99e-20	83.2	interchromosomal	NA	NA	NA
XP_024443283.1	XP_024458563.1	NC_037300.2	6485177	NC_037285.2	48605799	50.67	5.04e-19	82.0	interchromosomal	NA	NA	NA
XP_024443283.1	XP_052301100.1	NC_037300.2	6485177	NC_037295.2	18333481	53.23	6.98e-19	81.6	interchromosomal	NA	NA	NA
XP_024443283.1	XP_052303237.1	NC_037300.2	6485177	NC_037298.2	8049826	46.91	1.54e-17	75.5	interchromosomal	NA	NA	NA
XP_024443283.1	XP_052305286.1	NC_037300.2	6485177	NC_037303.2	9848168	53.45	4.45e-16	72.0	interchromosomal	NA	NA	NA
XP_024443283.1	XP_024452203.2	NC_037300.2	6485177	NC_037287.2	21584780	38.46	8.37e-12	55.5	interchromosomal	NA	NA	NA
XP_002323509.1	XP_024466901.1	NC_037300.2	10100937	NC_037294.2	16611764	36.41	1.27e-26	99.8	interchromosomal	NA	NA	NA
XP_002323509.1	XP_052308647.1	NC_037300.2	10100937	NC_037289.2	5998576	53.75	6.81e-25	93.6	interchromosomal	NA	NA	NA
XP_002323509.1	XP_006368868.2	NC_037300.2	10100937	NC_037285.2	4486450	49.38	1.49e-23	88.2	interchromosomal	NA	NA	NA
XP_002323509.1	XP_006375168.1	NC_037300.2	10100937	NC_037298.2	3234387	66.10	1.90e-23	89.7	interchromosomal	NA	NA	NA
XP_002323509.1	XP_006369893.1	NC_037300.2	10100937	NC_037285.2	36641635	64.29	5.56e-23	90.1	interchromosomal	NA	NA	NA
XP_002323509.1	XP_024436877.2	NC_037300.2	10100937	NC_037295.2	8531133	62.50	1.24e-22	89.0	interchromosomal	NA	NA	NA
XP_002323509.1	XP_006373216.1	NC_037300.2	10100937	NC_037301.2	5566257	47.78	1.99e-23	87.8	interchromosomal	NA	NA	NA
XP_002323509.1	XP_024443283.1	NC_037300.2	10100937	NC_037300.2	6485177	53.12	1.22e-21	87.8	intrachromosomal_distant	NA	NA	NA
XP_002323509.1	XP_006381519.2	NC_037300.2	10100937	NC_037290.2	10930631	54.69	1.59e-21	87.4	interchromosomal	NA	NA	NA
XP_002323509.1	XP_024446053.1	NC_037300.2	10100937	NC_037302.2	12567397	51.61	4.01e-21	86.3	interchromosomal	NA	NA	NA
XP_002323509.1	XP_024456867.1	NC_037300.2	10100937	NC_037289.2	5877537	55.93	8.73e-21	82.0	interchromosomal	NA	NA	NA
XP_002323509.1	XP_024444415.2	NC_037300.2	10100937	NC_037301.2	10127356	58.93	9.04e-21	85.5	interchromosomal	NA	NA	NA
XP_002323509.1	XP_024460429.2	NC_037300.2	10100937	NC_037290.2	19088117	38.54	9.87e-21	85.1	interchromosomal	NA	NA	NA
XP_002323509.1	XP_024454278.1	NC_037300.2	10100937	NC_037288.2	11508039	57.14	1.14e-20	85.1	interchromosomal	NA	NA	NA
XP_002323509.1	XP_024437369.2	NC_037300.2	10100937	NC_037295.2	11223426	54.24	9.84e-20	82.4	interchromosomal	NA	NA	NA
XP_002323509.1	XP_006368768.2	NC_037300.2	10100937	NC_037285.2	7882247	55.22	6.80e-20	81.6	interchromosomal	NA	NA	NA
XP_002323509.1	XP_006382812.1	NC_037300.2	10100937	NC_037289.2	3486578	47.19	1.04e-19	81.6	interchromosomal	NA	NA	NA
XP_002323509.1	XP_052303237.1	NC_037300.2	10100937	NC_037298.2	8049826	38.60	1.69e-19	79.3	interchromosomal	NA	NA	NA
XP_002323509.1	XP_006383530.2	NC_037300.2	10100937	NC_037289.2	11313285	54.29	2.33e-19	80.1	interchromosomal	NA	NA	NA
XP_002323509.1	XP_002324382.1	NC_037300.2	10100937	NC_037302.2	615270	49.33	1.99e-19	80.5	interchromosomal	NA	NA	NA
XP_002323509.1	XP_002323637.2	NC_037300.2	10100937	NC_037300.2	13149873	44.05	4.32e-19	80.5	intrachromosomal_distant	NA	NA	NA
XP_002323509.1	XP_024438829.2	NC_037300.2	10100937	NC_037297.2	7868485	54.24	5.03e-19	80.5	interchromosomal	NA	NA	NA
XP_002323509.1	XP_024458700.1	NC_037300.2	10100937	NC_037290.2	8094569	42.86	5.24e-19	80.1	interchromosomal	NA	NA	NA
XP_002323509.1	XP_006371762.1	NC_037300.2	10100937	NC_037302.2	1349083	43.56	4.40e-19	79.3	interchromosomal	NA	NA	NA
XP_002323509.1	XP_024461002.1	NC_037300.2	10100937	NC_037291.2	10436238	50.85	7.37e-19	76.3	interchromosomal	NA	NA	NA
XP_002323509.1	XP_006375555.1	NC_037300.2	10100937	NC_037298.2	11864534	54.24	8.00e-19	79.3	interchromosomal	NA	NA	NA
XP_002323509.1	XP_006378014.1	NC_037300.2	10100937	NC_037295.2	19237430	55.36	1.25e-18	79.3	interchromosomal	NA	NA	NA
XP_002323509.1	XP_002325248.3	NC_037300.2	10100937	NC_037302.2	14435429	46.84	1.50e-18	77.4	interchromosomal	NA	NA	NA
XP_002323509.1	XP_024452726.1	NC_037300.2	10100937	NC_037287.2	13432844	61.40	1.59e-18	77.4	interchromosomal	NA	NA	NA
XP_002323509.1	XP_006372370.1	NC_037300.2	10100937	NC_037301.2	14784916	44.16	1.63e-18	78.2	interchromosomal	NA	NA	NA
XP_002323509.1	XP_052301100.1	NC_037300.2	10100937	NC_037295.2	18333481	39.85	6.82e-19	80.1	interchromosomal	NA	NA	NA
XP_002323509.1	XP_002326093.4	NC_037300.2	10100937	NC_037303.2	14801942	47.83	2.36e-18	78.2	interchromosomal	NA	NA	NA
XP_002323509.1	XP_024441317.1	NC_037300.2	10100937	NC_037298.2	1460990	59.02	2.60e-18	77.4	interchromosomal	NA	NA	NA
XP_002323509.1	XP_006382109.3	NC_037300.2	10100937	NC_037290.2	26029137	53.23	2.88e-18	78.2	interchromosomal	NA	NA	NA
XP_002323509.1	XP_024446284.2	NC_037300.2	10100937	NC_037302.2	1292205	51.61	4.63e-18	77.8	interchromosomal	NA	NA	NA
XP_002323509.1	XP_024458563.1	NC_037300.2	10100937	NC_037285.2	48605799	58.33	1.01e-17	76.6	interchromosomal	NA	NA	NA
XP_002323509.1	XP_024455846.2	NC_037300.2	10100937	NC_037288.2	463543	40.22	1.85e-16	72.4	interchromosomal	NA	NA	NA
XP_002323509.1	XP_024439297.1	NC_037300.2	10100937	NC_037297.2	9163560	54.39	3.30e-16	71.2	interchromosomal	NA	NA	NA
XP_002323509.1	XP_052305286.1	NC_037300.2	10100937	NC_037303.2	9848168	56.14	3.49e-16	71.2	interchromosomal	NA	NA	NA
XP_002323509.1	XP_052303325.1	NC_037300.2	10100937	NC_037299.2	8984460	51.56	3.93e-16	71.6	interchromosomal	NA	NA	NA
XP_002323509.1	XP_024466667.1	NC_037300.2	10100937	NC_037285.2	21315533	44.30	5.48e-16	70.9	interchromosomal	NA	NA	NA
XP_002323509.1	XP_002323839.4	NC_037300.2	10100937	NC_037301.2	8849889	50.00	6.70e-16	70.9	interchromosomal	NA	NA	NA
XP_002323509.1	XP_006375351.1	NC_037300.2	10100937	NC_037298.2	5870811	49.18	4.00e-16	70.9	interchromosomal	NA	NA	NA
XP_002323509.1	XP_006386616.2	NC_037300.2	10100937	NC_037286.2	12590323	49.18	4.09e-16	70.9	interchromosomal	NA	NA	NA
XP_002323509.1	XP_024440069.1	NC_037300.2	10100937	NC_037298.2	7538137	47.22	1.06e-15	70.1	interchromosomal	NA	NA	NA
XP_002323509.1	XP_024450700.1	NC_037300.2	10100937	NC_037286.2	21787634	44.87	1.35e-15	70.1	interchromosomal	NA	NA	NA
XP_002323509.1	XP_006389578.1	NC_037300.2	10100937	NC_037295.2	587221	40.22	1.75e-15	69.7	interchromosomal	NA	NA	NA
XP_002323509.1	XP_006368511.1	NC_037300.2	10100937	NC_037285.2	3207145	42.68	2.23e-15	68.6	interchromosomal	NA	NA	NA
XP_002323509.1	XP_006368530.1	NC_037300.2	10100937	NC_037285.2	159614	53.45	6.47e-16	65.5	interchromosomal	NA	NA	NA
XP_002323509.1	XP_002324328.1	NC_037300.2	10100937	NC_037302.2	1335139	48.33	2.85e-15	67.4	interchromosomal	NA	NA	NA
XP_002323509.1	XP_024452203.2	NC_037300.2	10100937	NC_037287.2	21584780	51.72	7.20e-14	60.8	interchromosomal	NA	NA	NA
XP_002323509.1	XP_002323675.2	NC_037300.2	10100937	NC_037300.2	14139186	48.33	1.65e-13	62.8	intrachromosomal_distant	NA	NA	NA
XP_002323637.2	XP_024458700.1	NC_037300.2	13149873	NC_037290.2	8094569	79.89	0.00e+00	805.0	interchromosomal	NA	NA	NA
XP_002323637.2	XP_002326093.4	NC_037300.2	13149873	NC_037303.2	14801942	50.96	1.36e-174	501.0	interchromosomal	NA	NA	NA
XP_002323637.2	XP_006378014.1	NC_037300.2	13149873	NC_037295.2	19237430	41.25	1.92e-97	305.0	interchromosomal	NA	NA	NA
XP_002323637.2	XP_024437369.2	NC_037300.2	13149873	NC_037295.2	11223426	39.74	2.99e-89	280.0	interchromosomal	NA	NA	NA
XP_002323637.2	XP_024438829.2	NC_037300.2	13149873	NC_037297.2	7868485	37.80	5.49e-86	275.0	interchromosomal	NA	NA	NA
XP_002323637.2	XP_024444415.2	NC_037300.2	13149873	NC_037301.2	10127356	53.76	1.35e-80	256.0	interchromosomal	NA	NA	NA
XP_002323637.2	XP_024454278.1	NC_037300.2	13149873	NC_037288.2	11508039	50.36	1.23e-79	254.0	interchromosomal	NA	NA	NA
XP_002323637.2	XP_024443283.1	NC_037300.2	13149873	NC_037300.2	6485177	46.77	8.41e-77	244.0	intrachromosomal_distant	NA	NA	NA
XP_002323637.2	XP_006381519.2	NC_037300.2	13149873	NC_037290.2	10930631	49.27	1.35e-75	241.0	interchromosomal	NA	NA	NA
XP_002323637.2	XP_006375555.1	NC_037300.2	13149873	NC_037298.2	11864534	47.97	3.19e-65	214.0	interchromosomal	NA	NA	NA
XP_002323637.2	XP_024446053.1	NC_037300.2	13149873	NC_037302.2	12567397	44.54	3.89e-55	188.0	interchromosomal	NA	NA	NA
XP_002323637.2	XP_024460429.2	NC_037300.2	13149873	NC_037290.2	19088117	44.17	5.29e-53	182.0	interchromosomal	NA	NA	NA
XP_002323637.2	XP_006382109.3	NC_037300.2	13149873	NC_037290.2	26029137	39.85	8.81e-50	172.0	interchromosomal	NA	NA	NA
XP_002323637.2	XP_024446284.2	NC_037300.2	13149873	NC_037302.2	1292205	40.00	1.15e-47	167.0	interchromosomal	NA	NA	NA
XP_002323637.2	XP_006375168.1	NC_037300.2	13149873	NC_037298.2	3234387	65.79	1.12e-33	121.0	interchromosomal	NA	NA	NA
XP_002323637.2	XP_052308647.1	NC_037300.2	13149873	NC_037289.2	5998576	64.47	3.11e-32	117.0	interchromosomal	NA	NA	NA
XP_002323637.2	XP_006368868.2	NC_037300.2	13149873	NC_037285.2	4486450	57.50	3.48e-31	112.0	interchromosomal	NA	NA	NA
XP_002323637.2	XP_024436877.2	NC_037300.2	13149873	NC_037295.2	8531133	59.04	1.04e-29	111.0	interchromosomal	NA	NA	NA
XP_002323637.2	XP_006373216.1	NC_037300.2	13149873	NC_037301.2	5566257	60.00	8.96e-32	113.0	interchromosomal	NA	NA	NA
XP_002323637.2	XP_006369893.1	NC_037300.2	13149873	NC_037285.2	36641635	43.15	7.54e-31	115.0	interchromosomal	NA	NA	NA
XP_002323637.2	XP_024466901.1	NC_037300.2	13149873	NC_037294.2	16611764	40.56	7.31e-29	109.0	interchromosomal	NA	NA	NA
XP_002323637.2	XP_024461002.1	NC_037300.2	13149873	NC_037291.2	10436238	50.00	9.16e-29	106.0	interchromosomal	NA	NA	NA
XP_002323637.2	XP_024455846.2	NC_037300.2	13149873	NC_037288.2	463543	51.65	1.84e-28	112.0	interchromosomal	NA	NA	NA
XP_002323637.2	XP_006389578.1	NC_037300.2	13149873	NC_037295.2	587221	39.26	1.11e-28	113.0	interchromosomal	NA	NA	NA
XP_002323637.2	XP_024440069.1	NC_037300.2	13149873	NC_037298.2	7538137	41.22	1.04e-27	109.0	interchromosomal	NA	NA	NA
XP_002323637.2	XP_024456867.1	NC_037300.2	13149873	NC_037289.2	5877537	54.05	2.65e-27	101.0	interchromosomal	NA	NA	NA
XP_002323637.2	XP_024450700.1	NC_037300.2	13149873	NC_037286.2	21787634	40.52	9.58e-26	104.0	interchromosomal	NA	NA	NA
XP_002323637.2	XP_024466667.1	NC_037300.2	13149873	NC_037285.2	21315533	50.00	8.96e-26	103.0	interchromosomal	NA	NA	NA
XP_002323637.2	XP_024441317.1	NC_037300.2	13149873	NC_037298.2	1460990	54.55	1.83e-25	100.0	interchromosomal	NA	NA	NA
XP_002323637.2	XP_002323839.4	NC_037300.2	13149873	NC_037301.2	8849889	50.00	3.77e-25	102.0	interchromosomal	NA	NA	NA
XP_002323637.2	XP_006383530.2	NC_037300.2	13149873	NC_037289.2	11313285	52.27	4.78e-25	98.6	interchromosomal	NA	NA	NA
XP_002323637.2	XP_052303325.1	NC_037300.2	13149873	NC_037299.2	8984460	50.00	2.53e-24	100.0	interchromosomal	NA	NA	NA
XP_002323637.2	XP_002325248.3	NC_037300.2	13149873	NC_037302.2	14435429	48.54	2.68e-23	93.6	interchromosomal	NA	NA	NA
XP_002323637.2	XP_002324382.1	NC_037300.2	13149873	NC_037302.2	615270	52.38	3.67e-23	93.2	interchromosomal	NA	NA	NA
XP_002323637.2	XP_002324328.1	NC_037300.2	13149873	NC_037302.2	1335139	39.47	6.83e-22	89.0	interchromosomal	NA	NA	NA
XP_002323637.2	XP_006382812.1	NC_037300.2	13149873	NC_037289.2	3486578	53.25	9.33e-22	89.4	interchromosomal	NA	NA	NA
XP_002323637.2	XP_024452726.1	NC_037300.2	13149873	NC_037287.2	13432844	51.28	3.48e-21	87.4	interchromosomal	NA	NA	NA
XP_002323637.2	XP_006371762.1	NC_037300.2	13149873	NC_037302.2	1349083	55.00	8.66e-21	86.7	interchromosomal	NA	NA	NA
XP_002323637.2	XP_006368511.1	NC_037300.2	13149873	NC_037285.2	3207145	50.00	1.05e-20	86.3	interchromosomal	NA	NA	NA
XP_002323637.2	XP_006368768.2	NC_037300.2	13149873	NC_037285.2	7882247	49.35	9.02e-19	80.5	interchromosomal	NA	NA	NA
XP_002323637.2	XP_006372370.1	NC_037300.2	13149873	NC_037301.2	14784916	44.30	9.97e-18	78.2	interchromosomal	NA	NA	NA
XP_002323637.2	XP_052303237.1	NC_037300.2	13149873	NC_037298.2	8049826	48.61	2.18e-16	72.4	interchromosomal	NA	NA	NA
XP_002323637.2	XP_024458563.1	NC_037300.2	13149873	NC_037285.2	48605799	43.37	2.24e-16	74.3	interchromosomal	NA	NA	NA
XP_002323637.2	XP_052301100.1	NC_037300.2	13149873	NC_037295.2	18333481	37.50	1.26e-16	74.7	interchromosomal	NA	NA	NA
XP_002323637.2	XP_006386616.2	NC_037300.2	13149873	NC_037286.2	12590323	52.31	8.61e-17	74.3	interchromosomal	NA	NA	NA
XP_002323637.2	XP_006375351.1	NC_037300.2	13149873	NC_037298.2	5870811	50.00	7.93e-17	74.3	interchromosomal	NA	NA	NA
XP_002323637.2	XP_052305286.1	NC_037300.2	13149873	NC_037303.2	9848168	50.85	9.07e-15	68.9	interchromosomal	NA	NA	NA
XP_002323637.2	XP_024439297.1	NC_037300.2	13149873	NC_037297.2	9163560	47.46	1.18e-13	65.5	interchromosomal	NA	NA	NA
XP_002323637.2	XP_024452203.2	NC_037300.2	13149873	NC_037287.2	21584780	50.88	7.97e-13	58.9	interchromosomal	NA	NA	NA
XP_002323637.2	XP_006368530.1	NC_037300.2	13149873	NC_037285.2	159614	37.98	2.95e-12	55.5	interchromosomal	NA	NA	NA
XP_002323675.2	XP_006368868.2	NC_037300.2	14139186	NC_037285.2	4486450	42.00	5.29e-21	81.3	interchromosomal	NA	NA	NA
XP_002323675.2	XP_024439297.1	NC_037300.2	14139186	NC_037297.2	9163560	51.67	2.48e-18	77.4	interchromosomal	NA	NA	NA
XP_002323675.2	XP_052308647.1	NC_037300.2	14139186	NC_037289.2	5998576	37.74	1.12e-17	73.9	interchromosomal	NA	NA	NA
XP_002323675.2	XP_052305286.1	NC_037300.2	14139186	NC_037303.2	9848168	51.67	3.84e-17	74.3	interchromosomal	NA	NA	NA
XP_002323675.2	XP_006375168.1	NC_037300.2	14139186	NC_037298.2	3234387	35.79	2.58e-16	70.1	interchromosomal	NA	NA	NA
XP_002323675.2	XP_006373216.1	NC_037300.2	14139186	NC_037301.2	5566257	45.59	4.42e-16	68.6	interchromosomal	NA	NA	NA
XP_002323675.2	XP_024466901.1	NC_037300.2	14139186	NC_037294.2	16611764	46.55	1.43e-14	65.9	interchromosomal	NA	NA	NA
XP_002323675.2	XP_024436877.2	NC_037300.2	14139186	NC_037295.2	8531133	48.28	2.60e-14	65.1	interchromosomal	NA	NA	NA
XP_002323675.2	XP_006369893.1	NC_037300.2	14139186	NC_037285.2	36641635	48.28	4.24e-14	64.7	interchromosomal	NA	NA	NA
XP_002323675.2	XP_006381519.2	NC_037300.2	14139186	NC_037290.2	10930631	34.55	5.26e-14	65.1	interchromosomal	NA	NA	NA
XP_002323675.2	XP_006372370.1	NC_037300.2	14139186	NC_037301.2	14784916	47.54	6.22e-14	64.7	interchromosomal	NA	NA	NA
XP_002323675.2	XP_024452726.1	NC_037300.2	14139186	NC_037287.2	13432844	42.86	1.12e-13	63.5	interchromosomal	NA	NA	NA
XP_002323675.2	XP_024443283.1	NC_037300.2	14139186	NC_037300.2	6485177	35.09	2.60e-13	63.2	intrachromosomal_distant	NA	NA	NA
XP_002323675.2	XP_006368768.2	NC_037300.2	14139186	NC_037285.2	7882247	40.51	4.55e-13	61.6	interchromosomal	NA	NA	NA
XP_002323675.2	XP_024450700.1	NC_037300.2	14139186	NC_037286.2	21787634	43.42	1.11e-12	61.2	interchromosomal	NA	NA	NA
XP_002323675.2	XP_006371762.1	NC_037300.2	14139186	NC_037302.2	1349083	39.74	1.57e-12	60.1	interchromosomal	NA	NA	NA
XP_002323675.2	XP_006382812.1	NC_037300.2	14139186	NC_037289.2	3486578	33.64	1.65e-12	60.1	interchromosomal	NA	NA	NA
XP_002323675.2	XP_024440069.1	NC_037300.2	14139186	NC_037298.2	7538137	44.00	3.43e-12	59.7	interchromosomal	NA	NA	NA
XP_002323675.2	XP_006386616.2	NC_037300.2	14139186	NC_037286.2	12590323	40.26	3.65e-12	59.3	interchromosomal	NA	NA	NA
XP_002323675.2	XP_006375351.1	NC_037300.2	14139186	NC_037298.2	5870811	40.26	4.27e-12	58.9	interchromosomal	NA	NA	NA
XP_002323675.2	XP_052301100.1	NC_037300.2	14139186	NC_037295.2	18333481	34.29	4.33e-12	59.3	interchromosomal	NA	NA	NA
XP_002323675.2	XP_024437369.2	NC_037300.2	14139186	NC_037295.2	11223426	30.30	4.60e-12	59.3	interchromosomal	NA	NA	NA
XP_002323675.2	XP_024454278.1	NC_037300.2	14139186	NC_037288.2	11508039	41.79	4.78e-12	59.3	interchromosomal	NA	NA	NA
XP_002323675.2	XP_052303325.1	NC_037300.2	14139186	NC_037299.2	8984460	40.48	6.28e-12	58.9	interchromosomal	NA	NA	NA
XP_002323675.2	XP_024444415.2	NC_037300.2	14139186	NC_037301.2	10127356	41.79	6.42e-12	58.9	interchromosomal	NA	NA	NA
XP_002323675.2	XP_024455846.2	NC_037300.2	14139186	NC_037288.2	463543	32.43	9.27e-12	58.5	interchromosomal	NA	NA	NA
XP_002323675.2	XP_024458563.1	NC_037300.2	14139186	NC_037285.2	48605799	36.26	9.65e-12	58.2	interchromosomal	NA	NA	NA
XP_002323675.2	XP_006368511.1	NC_037300.2	14139186	NC_037285.2	3207145	35.42	1.01e-11	57.8	interchromosomal	NA	NA	NA
XP_002323675.2	XP_002323839.4	NC_037300.2	14139186	NC_037301.2	8849889	44.78	2.45e-11	57.0	interchromosomal	NA	NA	NA
XP_002323675.2	XP_002325248.3	NC_037300.2	14139186	NC_037302.2	14435429	37.80	3.56e-11	55.8	interchromosomal	NA	NA	NA
XP_002323675.2	XP_024461002.1	NC_037300.2	14139186	NC_037291.2	10436238	30.37	3.84e-11	54.3	interchromosomal	NA	NA	NA
XP_002323675.2	XP_002324328.1	NC_037300.2	14139186	NC_037302.2	1335139	39.71	4.45e-11	55.5	interchromosomal	NA	NA	NA
XP_002323675.2	XP_002324382.1	NC_037300.2	14139186	NC_037302.2	615270	40.00	4.59e-11	55.8	interchromosomal	NA	NA	NA
XP_002323675.2	XP_024456867.1	NC_037300.2	14139186	NC_037289.2	5877537	40.30	4.78e-11	54.3	interchromosomal	NA	NA	NA
XP_002323675.2	XP_006375555.1	NC_037300.2	14139186	NC_037298.2	11864534	37.31	5.78e-11	55.8	interchromosomal	NA	NA	NA
XP_002323675.2	XP_006389578.1	NC_037300.2	14139186	NC_037295.2	587221	41.33	8.90e-11	55.5	interchromosomal	NA	NA	NA
XP_002323675.2	XP_002326093.4	NC_037300.2	14139186	NC_037303.2	14801942	43.33	9.06e-11	55.5	interchromosomal	NA	NA	NA
XP_006373216.1	XP_024466901.1	NC_037301.2	5566257	NC_037294.2	16611764	63.74	1.18e-40	132.0	interchromosomal	NA	NA	NA
XP_006373216.1	XP_006375168.1	NC_037301.2	5566257	NC_037298.2	3234387	48.89	4.67e-40	129.0	interchromosomal	NA	NA	NA
XP_006373216.1	XP_052308647.1	NC_037301.2	5566257	NC_037289.2	5998576	55.56	9.91e-39	126.0	interchromosomal	NA	NA	NA
XP_006373216.1	XP_024436877.2	NC_037301.2	5566257	NC_037295.2	8531133	64.56	1.37e-36	122.0	interchromosomal	NA	NA	NA
XP_006373216.1	XP_006378014.1	NC_037301.2	5566257	NC_037295.2	19237430	51.85	4.21e-33	117.0	interchromosomal	NA	NA	NA
XP_006373216.1	XP_024437369.2	NC_037301.2	5566257	NC_037295.2	11223426	57.14	2.46e-32	114.0	interchromosomal	NA	NA	NA
XP_006373216.1	XP_024444415.2	NC_037301.2	5566257	NC_037301.2	10127356	63.16	7.24e-32	113.0	intrachromosomal_distant	NA	NA	NA
XP_006373216.1	XP_024438829.2	NC_037301.2	5566257	NC_037297.2	7868485	47.75	7.78e-32	114.0	interchromosomal	NA	NA	NA
XP_006373216.1	XP_024454278.1	NC_037301.2	5566257	NC_037288.2	11508039	60.53	1.24e-31	112.0	interchromosomal	NA	NA	NA
XP_006373216.1	XP_024458700.1	NC_037301.2	5566257	NC_037290.2	8094569	58.75	6.01e-30	108.0	interchromosomal	NA	NA	NA
XP_006373216.1	XP_006375555.1	NC_037301.2	5566257	NC_037298.2	11864534	61.11	1.43e-29	106.0	interchromosomal	NA	NA	NA
XP_006373216.1	XP_024455846.2	NC_037301.2	5566257	NC_037288.2	463543	49.42	1.67e-28	103.0	interchromosomal	NA	NA	NA
XP_006373216.1	XP_006389578.1	NC_037301.2	5566257	NC_037295.2	587221	49.42	9.81e-28	102.0	interchromosomal	NA	NA	NA
XP_006373216.1	XP_024456867.1	NC_037301.2	5566257	NC_037289.2	5877537	52.86	5.86e-28	97.8	interchromosomal	NA	NA	NA
XP_006373216.1	XP_024440069.1	NC_037301.2	5566257	NC_037298.2	7538137	48.28	8.63e-27	99.0	interchromosomal	NA	NA	NA
XP_006373216.1	XP_024450700.1	NC_037301.2	5566257	NC_037286.2	21787634	52.50	1.04e-26	99.0	interchromosomal	NA	NA	NA
XP_006373216.1	XP_006381519.2	NC_037301.2	5566257	NC_037290.2	10930631	50.60	1.35e-26	98.2	interchromosomal	NA	NA	NA
XP_006373216.1	XP_024461002.1	NC_037301.2	5566257	NC_037291.2	10436238	52.86	1.17e-26	94.0	interchromosomal	NA	NA	NA
XP_006373216.1	XP_024443283.1	NC_037301.2	5566257	NC_037300.2	6485177	45.05	2.96e-26	97.4	interchromosomal	NA	NA	NA
XP_006373216.1	XP_024466667.1	NC_037301.2	5566257	NC_037285.2	21315533	52.63	4.34e-26	97.1	interchromosomal	NA	NA	NA
XP_006373216.1	XP_052303325.1	NC_037301.2	5566257	NC_037299.2	8984460	46.25	1.15e-23	90.1	interchromosomal	NA	NA	NA
XP_006373216.1	XP_024446053.1	NC_037301.2	5566257	NC_037302.2	12567397	44.44	9.67e-23	87.4	interchromosomal	NA	NA	NA
XP_006373216.1	XP_024460429.2	NC_037301.2	5566257	NC_037290.2	19088117	45.56	2.43e-22	86.3	interchromosomal	NA	NA	NA
XP_006373216.1	XP_024441317.1	NC_037301.2	5566257	NC_037298.2	1460990	36.67	5.95e-20	79.0	interchromosomal	NA	NA	NA
XP_006373216.1	XP_006382812.1	NC_037301.2	5566257	NC_037289.2	3486578	29.56	6.80e-20	78.6	interchromosomal	NA	NA	NA
XP_006373216.1	XP_006383530.2	NC_037301.2	5566257	NC_037289.2	11313285	38.21	1.10e-19	77.8	interchromosomal	NA	NA	NA
XP_006373216.1	XP_052301100.1	NC_037301.2	5566257	NC_037295.2	18333481	36.00	1.29e-19	78.6	interchromosomal	NA	NA	NA
XP_006373216.1	XP_006382109.3	NC_037301.2	5566257	NC_037290.2	26029137	42.86	1.53e-19	78.2	interchromosomal	NA	NA	NA
XP_006373216.1	XP_024446284.2	NC_037301.2	5566257	NC_037302.2	1292205	46.05	9.60e-19	75.9	interchromosomal	NA	NA	NA
XP_006373216.1	XP_052303237.1	NC_037301.2	5566257	NC_037298.2	8049826	51.72	2.91e-18	73.2	interchromosomal	NA	NA	NA
XP_006373216.1	XP_024458563.1	NC_037301.2	5566257	NC_037285.2	48605799	32.33	9.22e-18	73.2	interchromosomal	NA	NA	NA
XP_006373216.1	XP_024452726.1	NC_037301.2	5566257	NC_037287.2	13432844	41.18	2.74e-17	71.2	interchromosomal	NA	NA	NA
XP_006373216.1	XP_052305286.1	NC_037301.2	5566257	NC_037303.2	9848168	52.54	1.20e-16	70.5	interchromosomal	NA	NA	NA
XP_006373216.1	XP_006375351.1	NC_037301.2	5566257	NC_037298.2	5870811	45.90	1.08e-16	70.5	interchromosomal	NA	NA	NA
XP_006373216.1	XP_024439297.1	NC_037301.2	5566257	NC_037297.2	9163560	50.85	1.11e-16	69.7	interchromosomal	NA	NA	NA
XP_006373216.1	XP_006386616.2	NC_037301.2	5566257	NC_037286.2	12590323	48.28	1.15e-16	70.5	interchromosomal	NA	NA	NA
XP_006373216.1	XP_024452203.2	NC_037301.2	5566257	NC_037287.2	21584780	40.68	8.55e-11	50.4	interchromosomal	NA	NA	NA
XP_002323839.4	XP_052303325.1	NC_037301.2	8849889	NC_037299.2	8984460	48.26	6.25e-136	402.0	interchromosomal	NA	NA	NA
XP_002323839.4	XP_024450700.1	NC_037301.2	8849889	NC_037286.2	21787634	34.46	3.60e-62	208.0	interchromosomal	NA	NA	NA
XP_002323839.4	XP_024455846.2	NC_037301.2	8849889	NC_037288.2	463543	37.53	5.73e-65	216.0	interchromosomal	NA	NA	NA
XP_002323839.4	XP_024440069.1	NC_037301.2	8849889	NC_037298.2	7538137	36.88	1.93e-59	198.0	interchromosomal	NA	NA	NA
XP_002323839.4	XP_024466667.1	NC_037301.2	8849889	NC_037285.2	21315533	36.97	2.96e-55	187.0	interchromosomal	NA	NA	NA
XP_002323839.4	XP_006389578.1	NC_037301.2	8849889	NC_037295.2	587221	35.66	9.73e-64	212.0	interchromosomal	NA	NA	NA
XP_002323839.4	XP_006368511.1	NC_037301.2	8849889	NC_037285.2	3207145	53.09	9.55e-28	106.0	interchromosomal	NA	NA	NA
XP_002323839.4	XP_002324328.1	NC_037301.2	8849889	NC_037302.2	1335139	55.26	2.77e-27	104.0	interchromosomal	NA	NA	NA
XP_002323839.4	XP_006371762.1	NC_037301.2	8849889	NC_037302.2	1349083	66.67	4.41e-27	104.0	interchromosomal	NA	NA	NA
XP_002323839.4	XP_002326093.4	NC_037301.2	8849889	NC_037303.2	14801942	51.04	4.63e-26	105.0	interchromosomal	NA	NA	NA
XP_002323839.4	XP_006369893.1	NC_037301.2	8849889	NC_037285.2	36641635	49.00	1.74e-25	100.0	interchromosomal	NA	NA	NA
XP_002323839.4	XP_024437369.2	NC_037301.2	8849889	NC_037295.2	11223426	49.45	2.77e-25	102.0	interchromosomal	NA	NA	NA
XP_002323839.4	XP_006375555.1	NC_037301.2	8849889	NC_037298.2	11864534	35.26	3.46e-25	101.0	interchromosomal	NA	NA	NA
XP_002323839.4	XP_024454278.1	NC_037301.2	8849889	NC_037288.2	11508039	49.45	5.50e-25	101.0	interchromosomal	NA	NA	NA
XP_002323839.4	XP_006381519.2	NC_037301.2	8849889	NC_037290.2	10930631	52.44	6.98e-25	100.0	interchromosomal	NA	NA	NA
XP_002323839.4	XP_006378014.1	NC_037301.2	8849889	NC_037295.2	19237430	50.00	9.11e-25	101.0	interchromosomal	NA	NA	NA
XP_002323839.4	XP_024458700.1	NC_037301.2	8849889	NC_037290.2	8094569	50.00	1.31e-24	100.0	interchromosomal	NA	NA	NA
XP_002323839.4	XP_024436877.2	NC_037301.2	8849889	NC_037295.2	8531133	44.76	2.91e-24	96.3	interchromosomal	NA	NA	NA
XP_002323839.4	XP_006373216.1	NC_037301.2	8849889	NC_037301.2	5566257	46.25	8.25e-25	93.6	intrachromosomal_distant	NA	NA	NA
XP_002323839.4	XP_024443283.1	NC_037301.2	8849889	NC_037300.2	6485177	51.25	1.43e-23	96.7	interchromosomal	NA	NA	NA
XP_002323839.4	XP_006368868.2	NC_037301.2	8849889	NC_037285.2	4486450	33.77	1.98e-23	90.1	interchromosomal	NA	NA	NA
XP_002323839.4	XP_024438829.2	NC_037301.2	8849889	NC_037297.2	7868485	48.23	2.28e-23	97.1	interchromosomal	NA	NA	NA
XP_002323839.4	XP_006375168.1	NC_037301.2	8849889	NC_037298.2	3234387	45.35	1.50e-22	89.4	interchromosomal	NA	NA	NA
XP_002323839.4	XP_024446053.1	NC_037301.2	8849889	NC_037302.2	12567397	48.10	4.54e-21	89.4	interchromosomal	NA	NA	NA
XP_002323839.4	XP_024460429.2	NC_037301.2	8849889	NC_037290.2	19088117	41.67	7.03e-21	88.6	interchromosomal	NA	NA	NA
XP_002323839.4	XP_052308647.1	NC_037301.2	8849889	NC_037289.2	5998576	47.37	1.07e-20	84.3	interchromosomal	NA	NA	NA
XP_002323839.4	XP_024466901.1	NC_037301.2	8849889	NC_037294.2	16611764	48.72	1.41e-20	85.1	interchromosomal	NA	NA	NA
XP_002323839.4	XP_024456867.1	NC_037301.2	8849889	NC_037289.2	5877537	50.00	1.36e-21	85.1	interchromosomal	NA	NA	NA
XP_002323839.4	XP_052303237.1	NC_037301.2	8849889	NC_037298.2	8049826	49.37	6.68e-20	82.4	interchromosomal	NA	NA	NA
XP_002323839.4	XP_024458563.1	NC_037301.2	8849889	NC_037285.2	48605799	40.65	7.27e-20	85.1	interchromosomal	NA	NA	NA
XP_002323839.4	XP_024461002.1	NC_037301.2	8849889	NC_037291.2	10436238	47.30	2.71e-20	80.9	interchromosomal	NA	NA	NA
XP_002323839.4	XP_002325248.3	NC_037301.2	8849889	NC_037302.2	14435429	52.94	1.05e-19	82.8	interchromosomal	NA	NA	NA
XP_002323839.4	XP_052301100.1	NC_037301.2	8849889	NC_037295.2	18333481	43.00	1.20e-19	84.3	interchromosomal	NA	NA	NA
XP_002323839.4	XP_006386616.2	NC_037301.2	8849889	NC_037286.2	12590323	39.42	2.47e-19	82.4	interchromosomal	NA	NA	NA
XP_002323839.4	XP_006382812.1	NC_037301.2	8849889	NC_037289.2	3486578	45.78	3.34e-19	82.0	interchromosomal	NA	NA	NA
XP_002323839.4	XP_024452726.1	NC_037301.2	8849889	NC_037287.2	13432844	32.50	4.51e-19	80.9	interchromosomal	NA	NA	NA
XP_002323839.4	XP_024441317.1	NC_037301.2	8849889	NC_037298.2	1460990	54.10	7.63e-19	80.9	interchromosomal	NA	NA	NA
XP_002323839.4	XP_006375351.1	NC_037301.2	8849889	NC_037298.2	5870811	41.30	7.90e-19	80.9	interchromosomal	NA	NA	NA
XP_002323839.4	XP_006383530.2	NC_037301.2	8849889	NC_037289.2	11313285	50.77	1.52e-18	79.7	interchromosomal	NA	NA	NA
XP_002323839.4	XP_006372370.1	NC_037301.2	8849889	NC_037301.2	14784916	47.89	1.56e-18	80.5	intrachromosomal_distant	NA	NA	NA
XP_002323839.4	XP_002324382.1	NC_037301.2	8849889	NC_037302.2	615270	54.39	1.76e-17	76.6	interchromosomal	NA	NA	NA
XP_002323839.4	XP_006368768.2	NC_037301.2	8849889	NC_037285.2	7882247	48.57	1.81e-17	76.3	interchromosomal	NA	NA	NA
XP_002323839.4	XP_006382109.3	NC_037301.2	8849889	NC_037290.2	26029137	46.75	5.09e-17	76.3	interchromosomal	NA	NA	NA
XP_002323839.4	XP_024446284.2	NC_037301.2	8849889	NC_037302.2	1292205	35.48	1.51e-16	75.1	interchromosomal	NA	NA	NA
XP_002323839.4	XP_052305286.1	NC_037301.2	8849889	NC_037303.2	9848168	54.39	1.80e-13	64.7	interchromosomal	NA	NA	NA
XP_002323839.4	XP_024439297.1	NC_037301.2	8849889	NC_037297.2	9163560	46.67	3.36e-12	60.8	interchromosomal	NA	NA	NA
XP_024444415.2	XP_024454278.1	NC_037301.2	10127356	NC_037288.2	11508039	82.45	0.00e+00	894.0	interchromosomal	NA	NA	NA
XP_024444415.2	XP_024458700.1	NC_037301.2	10127356	NC_037290.2	8094569	51.53	8.19e-77	245.0	interchromosomal	NA	NA	NA
XP_024444415.2	XP_024446053.1	NC_037301.2	10127356	NC_037302.2	12567397	37.50	5.43e-57	192.0	interchromosomal	NA	NA	NA
XP_024444415.2	XP_024460429.2	NC_037301.2	10127356	NC_037290.2	19088117	36.15	1.18e-54	186.0	interchromosomal	NA	NA	NA
XP_024444415.2	XP_024446284.2	NC_037301.2	10127356	NC_037302.2	1292205	37.91	3.57e-49	170.0	interchromosomal	NA	NA	NA
XP_024444415.2	XP_052308647.1	NC_037301.2	10127356	NC_037289.2	5998576	42.77	7.11e-34	120.0	interchromosomal	NA	NA	NA
XP_024444415.2	XP_024461002.1	NC_037301.2	10127356	NC_037291.2	10436238	45.74	5.47e-30	108.0	interchromosomal	NA	NA	NA
XP_024444415.2	XP_024466901.1	NC_037301.2	10127356	NC_037294.2	16611764	58.44	3.06e-29	110.0	interchromosomal	NA	NA	NA
XP_024444415.2	XP_024456867.1	NC_037301.2	10127356	NC_037289.2	5877537	34.90	1.56e-29	107.0	interchromosomal	NA	NA	NA
XP_024444415.2	XP_024455846.2	NC_037301.2	10127356	NC_037288.2	463543	47.92	8.66e-26	104.0	interchromosomal	NA	NA	NA
XP_024444415.2	XP_024450700.1	NC_037301.2	10127356	NC_037286.2	21787634	46.88	3.35e-24	99.4	interchromosomal	NA	NA	NA
XP_024444415.2	XP_024466667.1	NC_037301.2	10127356	NC_037285.2	21315533	43.92	5.54e-25	101.0	interchromosomal	NA	NA	NA
XP_024444415.2	XP_052303325.1	NC_037301.2	10127356	NC_037299.2	8984460	37.59	4.71e-23	95.9	interchromosomal	NA	NA	NA
XP_024444415.2	XP_024452726.1	NC_037301.2	10127356	NC_037287.2	13432844	63.16	1.02e-20	85.9	interchromosomal	NA	NA	NA
XP_024444415.2	XP_052301100.1	NC_037301.2	10127356	NC_037295.2	18333481	42.27	7.43e-20	85.1	interchromosomal	NA	NA	NA
XP_024444415.2	XP_024458563.1	NC_037301.2	10127356	NC_037285.2	48605799	53.85	9.44e-20	84.7	interchromosomal	NA	NA	NA
XP_024444415.2	XP_052303237.1	NC_037301.2	10127356	NC_037298.2	8049826	43.33	9.27e-19	79.3	interchromosomal	NA	NA	NA
XP_024444415.2	XP_052305286.1	NC_037301.2	10127356	NC_037303.2	9848168	50.00	1.58e-16	74.3	interchromosomal	NA	NA	NA
XP_024444415.2	XP_024452203.2	NC_037301.2	10127356	NC_037287.2	21584780	52.73	4.17e-13	59.3	interchromosomal	NA	NA	NA
XP_006372370.1	XP_006375351.1	NC_037301.2	14784916	NC_037298.2	5870811	48.29	9.17e-52	170.0	interchromosomal	NA	NA	NA
XP_006372370.1	XP_006386616.2	NC_037301.2	14784916	NC_037286.2	12590323	48.78	2.85e-51	169.0	interchromosomal	NA	NA	NA
XP_006372370.1	XP_024458563.1	NC_037301.2	14784916	NC_037285.2	48605799	57.90	3.59e-40	142.0	interchromosomal	NA	NA	NA
XP_006372370.1	XP_052301100.1	NC_037301.2	14784916	NC_037295.2	18333481	60.19	7.18e-40	141.0	interchromosomal	NA	NA	NA
XP_006372370.1	XP_052303237.1	NC_037301.2	14784916	NC_037298.2	8049826	55.10	5.18e-30	110.0	interchromosomal	NA	NA	NA
XP_006372370.1	XP_024452726.1	NC_037301.2	14784916	NC_037287.2	13432844	52.94	1.59e-26	101.0	interchromosomal	NA	NA	NA
XP_006372370.1	XP_006383530.2	NC_037301.2	14784916	NC_037289.2	11313285	52.94	6.76e-26	100.0	interchromosomal	NA	NA	NA
XP_006372370.1	XP_024441317.1	NC_037301.2	14784916	NC_037298.2	1460990	51.16	3.32e-25	98.6	interchromosomal	NA	NA	NA
XP_006372370.1	XP_006382812.1	NC_037301.2	14784916	NC_037289.2	3486578	66.10	9.88e-25	97.1	interchromosomal	NA	NA	NA
XP_006372370.1	XP_024454278.1	NC_037301.2	14784916	NC_037288.2	11508039	45.88	6.73e-21	87.8	interchromosomal	NA	NA	NA
XP_006372370.1	XP_024444415.2	NC_037301.2	14784916	NC_037301.2	10127356	44.71	1.01e-20	87.0	intrachromosomal_distant	NA	NA	NA
XP_006372370.1	XP_006381519.2	NC_037301.2	14784916	NC_037290.2	10930631	47.56	7.22e-20	84.0	interchromosomal	NA	NA	NA
XP_006372370.1	XP_024436877.2	NC_037301.2	14784916	NC_037295.2	8531133	45.98	1.74e-20	84.0	interchromosomal	NA	NA	NA
XP_006372370.1	XP_024438829.2	NC_037301.2	14784916	NC_037297.2	7868485	44.05	7.89e-20	85.1	interchromosomal	NA	NA	NA
XP_006372370.1	XP_006375555.1	NC_037301.2	14784916	NC_037298.2	11864534	46.91	9.98e-20	84.0	interchromosomal	NA	NA	NA
XP_006372370.1	XP_024460429.2	NC_037301.2	14784916	NC_037290.2	19088117	40.78	1.96e-19	83.2	interchromosomal	NA	NA	NA
XP_006372370.1	XP_024446053.1	NC_037301.2	14784916	NC_037302.2	12567397	46.67	2.25e-19	83.2	interchromosomal	NA	NA	NA
XP_006372370.1	XP_024443283.1	NC_037301.2	14784916	NC_037300.2	6485177	48.65	2.67e-19	82.4	interchromosomal	NA	NA	NA
XP_006372370.1	XP_006378014.1	NC_037301.2	14784916	NC_037295.2	19237430	41.51	4.50e-19	82.8	interchromosomal	NA	NA	NA
XP_006372370.1	XP_024450700.1	NC_037301.2	14784916	NC_037286.2	21787634	47.14	1.40e-18	81.3	interchromosomal	NA	NA	NA
XP_006372370.1	XP_024466901.1	NC_037301.2	14784916	NC_037294.2	16611764	44.87	4.89e-19	79.3	interchromosomal	NA	NA	NA
XP_006372370.1	XP_024466667.1	NC_037301.2	14784916	NC_037285.2	21315533	51.47	3.98e-19	82.4	interchromosomal	NA	NA	NA
XP_006372370.1	XP_024440069.1	NC_037301.2	14784916	NC_037298.2	7538137	47.95	1.59e-19	83.6	interchromosomal	NA	NA	NA
XP_006372370.1	XP_024455846.2	NC_037301.2	14784916	NC_037288.2	463543	46.58	4.28e-19	82.8	interchromosomal	NA	NA	NA
XP_006372370.1	XP_024437369.2	NC_037301.2	14784916	NC_037295.2	11223426	42.17	3.15e-18	79.7	interchromosomal	NA	NA	NA
XP_006372370.1	XP_006389578.1	NC_037301.2	14784916	NC_037295.2	587221	48.57	8.56e-19	81.6	interchromosomal	NA	NA	NA
XP_006372370.1	XP_024439297.1	NC_037301.2	14784916	NC_037297.2	9163560	36.96	2.58e-20	84.3	interchromosomal	NA	NA	NA
XP_006372370.1	XP_024458700.1	NC_037301.2	14784916	NC_037290.2	8094569	40.96	3.62e-17	76.3	interchromosomal	NA	NA	NA
XP_006372370.1	XP_006373216.1	NC_037301.2	14784916	NC_037301.2	5566257	43.55	3.24e-17	71.6	intrachromosomal_distant	NA	NA	NA
XP_006372370.1	XP_052303325.1	NC_037301.2	14784916	NC_037299.2	8984460	46.48	6.52e-18	79.0	interchromosomal	NA	NA	NA
XP_006372370.1	XP_024461002.1	NC_037301.2	14784916	NC_037291.2	10436238	34.86	8.38e-17	70.5	interchromosomal	NA	NA	NA
XP_006372370.1	XP_024456867.1	NC_037301.2	14784916	NC_037289.2	5877537	49.21	5.89e-17	71.2	interchromosomal	NA	NA	NA
XP_006372370.1	XP_052308647.1	NC_037301.2	14784916	NC_037289.2	5998576	35.87	2.18e-16	70.5	interchromosomal	NA	NA	NA
XP_006372370.1	XP_052305286.1	NC_037301.2	14784916	NC_037303.2	9848168	40.00	1.44e-16	73.6	interchromosomal	NA	NA	NA
XP_006372370.1	XP_006382109.3	NC_037301.2	14784916	NC_037290.2	26029137	33.08	7.31e-16	72.0	interchromosomal	NA	NA	NA
XP_006372370.1	XP_024446284.2	NC_037301.2	14784916	NC_037302.2	1292205	40.66	2.15e-15	70.9	interchromosomal	NA	NA	NA
XP_006372370.1	XP_006375168.1	NC_037301.2	14784916	NC_037298.2	3234387	38.46	2.22e-15	67.4	interchromosomal	NA	NA	NA
XP_002324382.1	XP_002325248.3	NC_037302.2	615270	NC_037302.2	14435429	52.72	3.12e-104	301.0	intrachromosomal_distant	NA	NA	NA
XP_002324382.1	XP_006383530.2	NC_037302.2	615270	NC_037289.2	11313285	45.28	5.81e-86	256.0	interchromosomal	NA	NA	NA
XP_002324382.1	XP_024441317.1	NC_037302.2	615270	NC_037298.2	1460990	42.02	1.51e-73	225.0	interchromosomal	NA	NA	NA
XP_002324382.1	XP_006382812.1	NC_037302.2	615270	NC_037289.2	3486578	37.57	5.98e-56	179.0	interchromosomal	NA	NA	NA
XP_002324382.1	XP_024452726.1	NC_037302.2	615270	NC_037287.2	13432844	36.84	8.91e-54	172.0	interchromosomal	NA	NA	NA
XP_002324382.1	XP_006386616.2	NC_037302.2	615270	NC_037286.2	12590323	48.09	3.96e-32	116.0	interchromosomal	NA	NA	NA
XP_002324382.1	XP_006375351.1	NC_037302.2	615270	NC_037298.2	5870811	52.73	2.09e-31	114.0	interchromosomal	NA	NA	NA
XP_002324382.1	XP_052301100.1	NC_037302.2	615270	NC_037295.2	18333481	50.00	1.01e-30	114.0	interchromosomal	NA	NA	NA
XP_002324382.1	XP_024458563.1	NC_037302.2	615270	NC_037285.2	48605799	48.15	2.61e-30	113.0	interchromosomal	NA	NA	NA
XP_002324382.1	XP_006368768.2	NC_037302.2	615270	NC_037285.2	7882247	47.92	1.62e-28	106.0	interchromosomal	NA	NA	NA
XP_002324382.1	XP_006372370.1	NC_037302.2	615270	NC_037301.2	14784916	47.52	6.35e-28	105.0	interchromosomal	NA	NA	NA
XP_002324382.1	XP_052303237.1	NC_037302.2	615270	NC_037298.2	8049826	56.82	1.49e-26	99.4	interchromosomal	NA	NA	NA
XP_002324382.1	XP_006381519.2	NC_037302.2	615270	NC_037290.2	10930631	42.50	3.15e-24	95.9	interchromosomal	NA	NA	NA
XP_002324382.1	XP_024437369.2	NC_037302.2	615270	NC_037295.2	11223426	47.71	3.53e-24	95.9	interchromosomal	NA	NA	NA
XP_002324382.1	XP_052305286.1	NC_037302.2	615270	NC_037303.2	9848168	48.08	9.16e-24	94.0	interchromosomal	NA	NA	NA
XP_002324382.1	XP_024443283.1	NC_037302.2	615270	NC_037300.2	6485177	54.93	7.69e-23	91.7	interchromosomal	NA	NA	NA
XP_002324382.1	XP_002326093.4	NC_037302.2	615270	NC_037303.2	14801942	52.38	9.10e-23	92.0	interchromosomal	NA	NA	NA
XP_002324382.1	XP_024438829.2	NC_037302.2	615270	NC_037297.2	7868485	47.41	1.41e-22	91.7	interchromosomal	NA	NA	NA
XP_002324382.1	XP_006375555.1	NC_037302.2	615270	NC_037298.2	11864534	59.68	6.12e-22	89.4	interchromosomal	NA	NA	NA
XP_002324382.1	XP_024454278.1	NC_037302.2	615270	NC_037288.2	11508039	55.84	1.56e-21	88.2	interchromosomal	NA	NA	NA
XP_002324382.1	XP_024458700.1	NC_037302.2	615270	NC_037290.2	8094569	51.09	1.62e-21	88.2	interchromosomal	NA	NA	NA
XP_002324382.1	XP_024444415.2	NC_037302.2	615270	NC_037301.2	10127356	44.04	2.41e-21	87.8	interchromosomal	NA	NA	NA
XP_002324382.1	XP_006368868.2	NC_037302.2	615270	NC_037285.2	4486450	45.12	4.21e-21	82.0	interchromosomal	NA	NA	NA
XP_002324382.1	XP_024440069.1	NC_037302.2	615270	NC_037298.2	7538137	31.94	4.75e-21	86.7	interchromosomal	NA	NA	NA
XP_002324382.1	XP_006368511.1	NC_037302.2	615270	NC_037285.2	3207145	36.51	1.09e-21	87.0	interchromosomal	NA	NA	NA
XP_002324382.1	XP_024466901.1	NC_037302.2	615270	NC_037294.2	16611764	46.34	6.53e-21	84.3	interchromosomal	NA	NA	NA
XP_002324382.1	XP_006378014.1	NC_037302.2	615270	NC_037295.2	19237430	48.94	8.25e-21	86.3	interchromosomal	NA	NA	NA
XP_002324382.1	XP_052308647.1	NC_037302.2	615270	NC_037289.2	5998576	43.02	2.51e-20	81.6	interchromosomal	NA	NA	NA
XP_002324382.1	XP_024439297.1	NC_037302.2	615270	NC_037297.2	9163560	43.52	3.04e-21	86.3	interchromosomal	NA	NA	NA
XP_002324382.1	XP_024436877.2	NC_037302.2	615270	NC_037295.2	8531133	44.58	1.23e-20	83.6	interchromosomal	NA	NA	NA
XP_002324382.1	XP_024446053.1	NC_037302.2	615270	NC_037302.2	12567397	58.33	1.10e-19	82.8	intrachromosomal_distant	NA	NA	NA
XP_002324382.1	XP_024455846.2	NC_037302.2	615270	NC_037288.2	463543	48.78	2.22e-19	82.8	interchromosomal	NA	NA	NA
XP_002324382.1	XP_006375168.1	NC_037302.2	615270	NC_037298.2	3234387	42.05	1.30e-19	79.7	interchromosomal	NA	NA	NA
XP_002324382.1	XP_006369893.1	NC_037302.2	615270	NC_037285.2	36641635	44.58	9.32e-21	84.3	interchromosomal	NA	NA	NA
XP_002324382.1	XP_006373216.1	NC_037302.2	615270	NC_037301.2	5566257	42.35	9.57e-20	78.2	interchromosomal	NA	NA	NA
XP_002324382.1	XP_024456867.1	NC_037302.2	615270	NC_037289.2	5877537	39.81	8.48e-20	79.0	interchromosomal	NA	NA	NA
XP_002324382.1	XP_024460429.2	NC_037302.2	615270	NC_037290.2	19088117	55.00	3.17e-19	81.3	interchromosomal	NA	NA	NA
XP_002324382.1	XP_024450700.1	NC_037302.2	615270	NC_037286.2	21787634	46.25	4.67e-19	80.9	interchromosomal	NA	NA	NA
XP_002324382.1	XP_006389578.1	NC_037302.2	615270	NC_037295.2	587221	47.30	5.32e-19	80.9	interchromosomal	NA	NA	NA
XP_002324382.1	XP_024466667.1	NC_037302.2	615270	NC_037285.2	21315533	47.50	1.08e-18	79.7	interchromosomal	NA	NA	NA
XP_002324382.1	XP_052303325.1	NC_037302.2	615270	NC_037299.2	8984460	52.63	3.15e-17	75.5	interchromosomal	NA	NA	NA
XP_002324382.1	XP_006382109.3	NC_037302.2	615270	NC_037290.2	26029137	57.90	4.28e-17	74.7	interchromosomal	NA	NA	NA
XP_002324382.1	XP_024461002.1	NC_037302.2	615270	NC_037291.2	10436238	35.71	4.86e-17	71.6	interchromosomal	NA	NA	NA
XP_002324382.1	XP_006368530.1	NC_037302.2	615270	NC_037285.2	159614	38.03	2.23e-12	55.8	interchromosomal	NA	NA	NA
XP_024446284.2	XP_024460429.2	NC_037302.2	1292205	NC_037290.2	19088117	36.07	8.66e-67	218.0	interchromosomal	NA	NA	NA
XP_024446284.2	XP_024454278.1	NC_037302.2	1292205	NC_037288.2	11508039	34.59	6.44e-47	164.0	interchromosomal	NA	NA	NA
XP_024446284.2	XP_024458700.1	NC_037302.2	1292205	NC_037290.2	8094569	37.31	1.87e-44	157.0	interchromosomal	NA	NA	NA
XP_024446284.2	XP_052308647.1	NC_037302.2	1292205	NC_037289.2	5998576	44.74	3.95e-18	76.6	interchromosomal	NA	NA	NA
XP_024446284.2	XP_024466901.1	NC_037302.2	1292205	NC_037294.2	16611764	46.05	3.38e-18	77.4	interchromosomal	NA	NA	NA
XP_024446284.2	XP_024450700.1	NC_037302.2	1292205	NC_037286.2	21787634	37.84	6.78e-18	79.3	interchromosomal	NA	NA	NA
XP_024446284.2	XP_052303325.1	NC_037302.2	1292205	NC_037299.2	8984460	51.52	1.58e-17	77.4	interchromosomal	NA	NA	NA
XP_024446284.2	XP_024466667.1	NC_037302.2	1292205	NC_037285.2	21315533	54.10	1.87e-16	74.7	interchromosomal	NA	NA	NA
XP_024446284.2	XP_024452726.1	NC_037302.2	1292205	NC_037287.2	13432844	56.14	2.09e-16	72.8	interchromosomal	NA	NA	NA
XP_024446284.2	XP_024455846.2	NC_037302.2	1292205	NC_037288.2	463543	43.04	2.36e-16	74.3	interchromosomal	NA	NA	NA
XP_024446284.2	XP_052303237.1	NC_037302.2	1292205	NC_037298.2	8049826	48.53	3.95e-15	68.6	interchromosomal	NA	NA	NA
XP_024446284.2	XP_024456867.1	NC_037302.2	1292205	NC_037289.2	5877537	45.00	6.70e-15	66.6	interchromosomal	NA	NA	NA
XP_024446284.2	XP_024461002.1	NC_037302.2	1292205	NC_037291.2	10436238	39.24	3.39e-14	64.3	interchromosomal	NA	NA	NA
XP_024446284.2	XP_052301100.1	NC_037302.2	1292205	NC_037295.2	18333481	43.66	3.99e-14	67.0	interchromosomal	NA	NA	NA
XP_024446284.2	XP_024458563.1	NC_037302.2	1292205	NC_037285.2	48605799	44.44	6.71e-14	66.2	interchromosomal	NA	NA	NA
XP_024446284.2	XP_052305286.1	NC_037302.2	1292205	NC_037303.2	9848168	49.21	8.18e-14	65.9	interchromosomal	NA	NA	NA
XP_024446284.2	XP_024452203.2	NC_037302.2	1292205	NC_037287.2	21584780	37.93	6.45e-11	52.8	interchromosomal	NA	NA	NA
XP_002324328.1	XP_006368511.1	NC_037302.2	1335139	NC_037285.2	3207145	40.64	2.06e-57	180.0	interchromosomal	NA	NA	NA
XP_002324328.1	XP_024440069.1	NC_037302.2	1335139	NC_037298.2	7538137	56.79	3.02e-29	108.0	interchromosomal	NA	NA	NA
XP_002324328.1	XP_024450700.1	NC_037302.2	1335139	NC_037286.2	21787634	39.51	1.45e-28	108.0	interchromosomal	NA	NA	NA
XP_002324328.1	XP_024455846.2	NC_037302.2	1335139	NC_037288.2	463543	53.95	1.73e-27	103.0	interchromosomal	NA	NA	NA
XP_002324328.1	XP_006389578.1	NC_037302.2	1335139	NC_037295.2	587221	53.95	2.52e-27	103.0	interchromosomal	NA	NA	NA
XP_002324328.1	XP_052303325.1	NC_037302.2	1335139	NC_037299.2	8984460	55.26	3.71e-27	103.0	interchromosomal	NA	NA	NA
XP_002324328.1	XP_024466667.1	NC_037302.2	1335139	NC_037285.2	21315533	52.63	4.97e-27	102.0	interchromosomal	NA	NA	NA
XP_002324328.1	XP_006375555.1	NC_037302.2	1335139	NC_037298.2	11864534	48.72	1.58e-22	89.4	interchromosomal	NA	NA	NA
XP_002324328.1	XP_024458700.1	NC_037302.2	1335139	NC_037290.2	8094569	36.84	3.31e-22	88.6	interchromosomal	NA	NA	NA
XP_002324328.1	XP_006382812.1	NC_037302.2	1335139	NC_037289.2	3486578	35.71	6.30e-21	84.0	interchromosomal	NA	NA	NA
XP_002324328.1	XP_006368868.2	NC_037302.2	1335139	NC_037285.2	4486450	50.82	1.11e-20	79.7	interchromosomal	NA	NA	NA
XP_002324328.1	XP_024437369.2	NC_037302.2	1335139	NC_037295.2	11223426	45.95	1.23e-20	84.0	interchromosomal	NA	NA	NA
XP_002324328.1	XP_006373216.1	NC_037302.2	1335139	NC_037301.2	5566257	53.33	1.86e-20	79.7	interchromosomal	NA	NA	NA
XP_002324328.1	XP_002326093.4	NC_037302.2	1335139	NC_037303.2	14801942	45.95	3.15e-20	82.8	interchromosomal	NA	NA	NA
XP_002324328.1	XP_006378014.1	NC_037302.2	1335139	NC_037295.2	19237430	37.40	4.59e-20	82.4	interchromosomal	NA	NA	NA
XP_002324328.1	XP_024438829.2	NC_037302.2	1335139	NC_037297.2	7868485	50.70	4.97e-20	82.4	interchromosomal	NA	NA	NA
XP_002324328.1	XP_006381519.2	NC_037302.2	1335139	NC_037290.2	10930631	45.95	7.31e-20	81.6	interchromosomal	NA	NA	NA
XP_002324328.1	XP_006369893.1	NC_037302.2	1335139	NC_037285.2	36641635	50.85	7.94e-20	80.5	interchromosomal	NA	NA	NA
XP_002324328.1	XP_006375168.1	NC_037302.2	1335139	NC_037298.2	3234387	51.61	8.35e-20	79.0	interchromosomal	NA	NA	NA
XP_002324328.1	XP_052308647.1	NC_037302.2	1335139	NC_037289.2	5998576	49.21	1.04e-19	79.0	interchromosomal	NA	NA	NA
XP_002324328.1	XP_024436877.2	NC_037302.2	1335139	NC_037295.2	8531133	49.15	1.64e-19	79.3	interchromosomal	NA	NA	NA
XP_002324328.1	XP_024444415.2	NC_037302.2	1335139	NC_037301.2	10127356	45.95	1.68e-19	80.9	interchromosomal	NA	NA	NA
XP_002324328.1	XP_024443283.1	NC_037302.2	1335139	NC_037300.2	6485177	44.59	1.82e-19	80.5	interchromosomal	NA	NA	NA
XP_002324328.1	XP_024454278.1	NC_037302.2	1335139	NC_037288.2	11508039	44.59	2.11e-19	80.5	interchromosomal	NA	NA	NA
XP_002324328.1	XP_006383530.2	NC_037302.2	1335139	NC_037289.2	11313285	51.67	2.62e-19	79.3	interchromosomal	NA	NA	NA
XP_002324328.1	XP_024466901.1	NC_037302.2	1335139	NC_037294.2	16611764	39.00	2.89e-19	78.6	interchromosomal	NA	NA	NA
XP_002324328.1	XP_024441317.1	NC_037302.2	1335139	NC_037298.2	1460990	50.00	3.27e-19	79.3	interchromosomal	NA	NA	NA
XP_002324328.1	XP_024452726.1	NC_037302.2	1335139	NC_037287.2	13432844	51.67	5.04e-19	78.2	interchromosomal	NA	NA	NA
XP_002324328.1	XP_024446053.1	NC_037302.2	1335139	NC_037302.2	12567397	33.61	5.95e-19	79.0	intrachromosomal_distant	NA	NA	NA
XP_002324328.1	XP_024460429.2	NC_037302.2	1335139	NC_037290.2	19088117	32.56	9.72e-19	78.6	interchromosomal	NA	NA	NA
XP_002324328.1	XP_024456867.1	NC_037302.2	1335139	NC_037289.2	5877537	43.04	6.42e-19	75.9	interchromosomal	NA	NA	NA
XP_002324328.1	XP_002325248.3	NC_037302.2	1335139	NC_037302.2	14435429	48.33	1.08e-18	77.0	intrachromosomal_distant	NA	NA	NA
XP_002324328.1	XP_024461002.1	NC_037302.2	1335139	NC_037291.2	10436238	52.46	1.30e-18	74.7	interchromosomal	NA	NA	NA
XP_002324328.1	XP_052303237.1	NC_037302.2	1335139	NC_037298.2	8049826	43.04	3.63e-18	74.7	interchromosomal	NA	NA	NA
XP_002324328.1	XP_006372370.1	NC_037302.2	1335139	NC_037301.2	14784916	37.10	3.45e-16	70.5	interchromosomal	NA	NA	NA
XP_002324328.1	XP_052301100.1	NC_037302.2	1335139	NC_037295.2	18333481	45.90	5.14e-16	70.1	interchromosomal	NA	NA	NA
XP_002324328.1	XP_024458563.1	NC_037302.2	1335139	NC_037285.2	48605799	45.90	8.81e-16	69.7	interchromosomal	NA	NA	NA
XP_002324328.1	XP_006368768.2	NC_037302.2	1335139	NC_037285.2	7882247	45.61	3.38e-15	67.4	interchromosomal	NA	NA	NA
XP_002324328.1	XP_006386616.2	NC_037302.2	1335139	NC_037286.2	12590323	43.33	7.30e-15	67.0	interchromosomal	NA	NA	NA
XP_002324328.1	XP_006375351.1	NC_037302.2	1335139	NC_037298.2	5870811	43.33	7.46e-15	66.6	interchromosomal	NA	NA	NA
XP_002324328.1	XP_006382109.3	NC_037302.2	1335139	NC_037290.2	26029137	49.15	2.70e-14	65.1	interchromosomal	NA	NA	NA
XP_002324328.1	XP_052305286.1	NC_037302.2	1335139	NC_037303.2	9848168	47.46	1.49e-12	59.7	interchromosomal	NA	NA	NA
XP_002324328.1	XP_024439297.1	NC_037302.2	1335139	NC_037297.2	9163560	44.07	1.32e-11	57.0	interchromosomal	NA	NA	NA
XP_006371762.1	XP_024440069.1	NC_037302.2	1349083	NC_037298.2	7538137	36.84	2.63e-30	113.0	interchromosomal	NA	NA	NA
XP_006371762.1	XP_052303325.1	NC_037302.2	1349083	NC_037299.2	8984460	68.33	7.62e-27	104.0	interchromosomal	NA	NA	NA
XP_006371762.1	XP_024466667.1	NC_037302.2	1349083	NC_037285.2	21315533	63.33	6.57e-26	100.0	interchromosomal	NA	NA	NA
XP_006371762.1	XP_024455846.2	NC_037302.2	1349083	NC_037288.2	463543	63.33	8.82e-26	101.0	interchromosomal	NA	NA	NA
XP_006371762.1	XP_024450700.1	NC_037302.2	1349083	NC_037286.2	21787634	43.26	1.16e-25	100.0	interchromosomal	NA	NA	NA
XP_006371762.1	XP_006389578.1	NC_037302.2	1349083	NC_037295.2	587221	63.33	2.28e-25	100.0	interchromosomal	NA	NA	NA
XP_006371762.1	XP_024438829.2	NC_037302.2	1349083	NC_037297.2	7868485	37.13	1.27e-23	94.4	interchromosomal	NA	NA	NA
XP_006371762.1	XP_006375555.1	NC_037302.2	1349083	NC_037298.2	11864534	56.67	1.82e-23	93.2	interchromosomal	NA	NA	NA
XP_006371762.1	XP_024437369.2	NC_037302.2	1349083	NC_037295.2	11223426	60.00	2.76e-23	93.2	interchromosomal	NA	NA	NA
XP_006371762.1	XP_006383530.2	NC_037302.2	1349083	NC_037289.2	11313285	40.15	3.32e-23	91.3	interchromosomal	NA	NA	NA
XP_006371762.1	XP_024452726.1	NC_037302.2	1349083	NC_037287.2	13432844	39.52	2.83e-22	88.2	interchromosomal	NA	NA	NA
XP_006371762.1	XP_024436877.2	NC_037302.2	1349083	NC_037295.2	8531133	59.32	3.95e-22	87.8	interchromosomal	NA	NA	NA
XP_006371762.1	XP_052308647.1	NC_037302.2	1349083	NC_037289.2	5998576	40.34	8.02e-22	85.5	interchromosomal	NA	NA	NA
XP_006371762.1	XP_006382812.1	NC_037302.2	1349083	NC_037289.2	3486578	44.00	1.03e-21	87.4	interchromosomal	NA	NA	NA
XP_006371762.1	XP_024458700.1	NC_037302.2	1349083	NC_037290.2	8094569	58.33	1.32e-21	88.2	interchromosomal	NA	NA	NA
XP_006371762.1	XP_024444415.2	NC_037302.2	1349083	NC_037301.2	10127356	60.00	1.40e-21	87.8	interchromosomal	NA	NA	NA
XP_006371762.1	XP_024454278.1	NC_037302.2	1349083	NC_037288.2	11508039	58.33	1.81e-21	87.8	interchromosomal	NA	NA	NA
XP_006371762.1	XP_024441317.1	NC_037302.2	1349083	NC_037298.2	1460990	39.67	2.89e-21	85.9	interchromosomal	NA	NA	NA
XP_006371762.1	XP_024466901.1	NC_037302.2	1349083	NC_037294.2	16611764	55.93	3.07e-21	85.1	interchromosomal	NA	NA	NA
XP_006371762.1	XP_024443283.1	NC_037302.2	1349083	NC_037300.2	6485177	36.59	1.71e-20	84.7	interchromosomal	NA	NA	NA
XP_006371762.1	XP_006378014.1	NC_037302.2	1349083	NC_037295.2	19237430	54.41	1.93e-20	84.7	interchromosomal	NA	NA	NA
XP_006371762.1	XP_006373216.1	NC_037302.2	1349083	NC_037301.2	5566257	51.67	4.69e-20	79.3	interchromosomal	NA	NA	NA
XP_006371762.1	XP_006375168.1	NC_037302.2	1349083	NC_037298.2	3234387	39.82	1.71e-20	81.3	interchromosomal	NA	NA	NA
XP_006371762.1	XP_006381519.2	NC_037302.2	1349083	NC_037290.2	10930631	38.18	1.06e-19	82.4	interchromosomal	NA	NA	NA
XP_006371762.1	XP_024456867.1	NC_037302.2	1349083	NC_037289.2	5877537	50.00	1.72e-19	77.8	interchromosomal	NA	NA	NA
XP_006371762.1	XP_052301100.1	NC_037302.2	1349083	NC_037295.2	18333481	45.00	7.64e-19	79.7	interchromosomal	NA	NA	NA
XP_006371762.1	XP_024458563.1	NC_037302.2	1349083	NC_037285.2	48605799	37.96	2.52e-18	78.2	interchromosomal	NA	NA	NA
XP_006371762.1	XP_024461002.1	NC_037302.2	1349083	NC_037291.2	10436238	39.62	2.84e-18	74.7	interchromosomal	NA	NA	NA
XP_006371762.1	XP_024446053.1	NC_037302.2	1349083	NC_037302.2	12567397	49.12	3.82e-17	74.7	intrachromosomal_distant	NA	NA	NA
XP_006371762.1	XP_006386616.2	NC_037302.2	1349083	NC_037286.2	12590323	31.21	6.27e-17	73.6	interchromosomal	NA	NA	NA
XP_006371762.1	XP_024460429.2	NC_037302.2	1349083	NC_037290.2	19088117	39.73	9.38e-17	73.6	interchromosomal	NA	NA	NA
XP_006371762.1	XP_006375351.1	NC_037302.2	1349083	NC_037298.2	5870811	38.38	1.73e-16	72.0	interchromosomal	NA	NA	NA
XP_006371762.1	XP_052303237.1	NC_037302.2	1349083	NC_037298.2	8049826	45.31	2.26e-16	70.5	interchromosomal	NA	NA	NA
XP_006371762.1	XP_006372370.1	NC_037302.2	1349083	NC_037301.2	14784916	42.86	6.99e-16	70.5	interchromosomal	NA	NA	NA
XP_006371762.1	XP_006382109.3	NC_037302.2	1349083	NC_037290.2	26029137	43.04	7.09e-15	67.8	interchromosomal	NA	NA	NA
XP_006371762.1	XP_052305286.1	NC_037302.2	1349083	NC_037303.2	9848168	50.00	6.30e-14	64.7	interchromosomal	NA	NA	NA
XP_006371762.1	XP_024439297.1	NC_037302.2	1349083	NC_037297.2	9163560	46.55	2.44e-12	59.7	interchromosomal	NA	NA	NA
XP_006371762.1	XP_024452203.2	NC_037302.2	1349083	NC_037287.2	21584780	41.27	2.62e-11	53.5	interchromosomal	NA	NA	NA
XP_024446053.1	XP_024460429.2	NC_037302.2	12567397	NC_037290.2	19088117	83.62	0.00e+00	842.0	interchromosomal	NA	NA	NA
XP_024446053.1	XP_024446284.2	NC_037302.2	12567397	NC_037302.2	1292205	38.74	1.30e-69	223.0	intrachromosomal_distant	NA	NA	NA
XP_024446053.1	XP_024454278.1	NC_037302.2	12567397	NC_037288.2	11508039	37.54	2.39e-55	188.0	interchromosomal	NA	NA	NA
XP_024446053.1	XP_024458700.1	NC_037302.2	12567397	NC_037290.2	8094569	42.92	2.84e-50	174.0	interchromosomal	NA	NA	NA
XP_024446053.1	XP_024466667.1	NC_037302.2	12567397	NC_037285.2	21315533	50.00	8.70e-22	91.3	interchromosomal	NA	NA	NA
XP_024446053.1	XP_052303325.1	NC_037302.2	12567397	NC_037299.2	8984460	48.75	8.04e-22	92.0	interchromosomal	NA	NA	NA
XP_024446053.1	XP_024455846.2	NC_037302.2	12567397	NC_037288.2	463543	38.30	7.17e-22	92.0	interchromosomal	NA	NA	NA
XP_024446053.1	XP_052308647.1	NC_037302.2	12567397	NC_037289.2	5998576	38.61	1.55e-21	86.7	interchromosomal	NA	NA	NA
XP_024446053.1	XP_024456867.1	NC_037302.2	12567397	NC_037289.2	5877537	51.61	2.84e-21	84.0	interchromosomal	NA	NA	NA
XP_024446053.1	XP_024450700.1	NC_037302.2	12567397	NC_037286.2	21787634	49.35	2.94e-20	87.0	interchromosomal	NA	NA	NA
XP_024446053.1	XP_024466901.1	NC_037302.2	12567397	NC_037294.2	16611764	46.58	3.10e-20	83.6	interchromosomal	NA	NA	NA
XP_024446053.1	XP_024461002.1	NC_037302.2	12567397	NC_037291.2	10436238	42.50	1.25e-19	80.1	interchromosomal	NA	NA	NA
XP_024446053.1	XP_024452726.1	NC_037302.2	12567397	NC_037287.2	13432844	50.00	2.13e-18	78.2	interchromosomal	NA	NA	NA
XP_024446053.1	XP_052301100.1	NC_037302.2	12567397	NC_037295.2	18333481	46.05	6.53e-18	79.0	interchromosomal	NA	NA	NA
XP_024446053.1	XP_024458563.1	NC_037302.2	12567397	NC_037285.2	48605799	47.83	3.96e-17	76.6	interchromosomal	NA	NA	NA
XP_024446053.1	XP_052303237.1	NC_037302.2	12567397	NC_037298.2	8049826	48.44	1.92e-16	72.4	interchromosomal	NA	NA	NA
XP_024446053.1	XP_052305286.1	NC_037302.2	12567397	NC_037303.2	9848168	43.86	3.08e-12	60.8	interchromosomal	NA	NA	NA
XP_002325248.3	XP_006383530.2	NC_037302.2	14435429	NC_037289.2	11313285	44.82	3.01e-79	237.0	interchromosomal	NA	NA	NA
XP_002325248.3	XP_024441317.1	NC_037302.2	14435429	NC_037298.2	1460990	43.10	4.74e-72	220.0	interchromosomal	NA	NA	NA
XP_002325248.3	XP_006382812.1	NC_037302.2	14435429	NC_037289.2	3486578	60.26	1.12e-60	190.0	interchromosomal	NA	NA	NA
XP_002325248.3	XP_024452726.1	NC_037302.2	14435429	NC_037287.2	13432844	36.96	3.16e-53	169.0	interchromosomal	NA	NA	NA
XP_002325248.3	XP_052301100.1	NC_037302.2	14435429	NC_037295.2	18333481	54.84	1.85e-31	115.0	interchromosomal	NA	NA	NA
XP_002325248.3	XP_024458563.1	NC_037302.2	14435429	NC_037285.2	48605799	50.46	2.31e-31	115.0	interchromosomal	NA	NA	NA
XP_002325248.3	XP_006386616.2	NC_037302.2	14435429	NC_037286.2	12590323	54.72	1.41e-30	111.0	interchromosomal	NA	NA	NA
XP_002325248.3	XP_006375351.1	NC_037302.2	14435429	NC_037298.2	5870811	56.84	1.23e-30	111.0	interchromosomal	NA	NA	NA
XP_002325248.3	XP_006368768.2	NC_037302.2	14435429	NC_037285.2	7882247	54.12	1.37e-28	105.0	interchromosomal	NA	NA	NA
XP_002325248.3	XP_052303237.1	NC_037302.2	14435429	NC_037298.2	8049826	51.52	8.77e-27	99.4	interchromosomal	NA	NA	NA
XP_002325248.3	XP_006372370.1	NC_037302.2	14435429	NC_037301.2	14784916	47.12	2.93e-26	100.0	interchromosomal	NA	NA	NA
XP_002325248.3	XP_006381519.2	NC_037302.2	14435429	NC_037290.2	10930631	50.00	2.45e-24	95.5	interchromosomal	NA	NA	NA
XP_002325248.3	XP_024443283.1	NC_037302.2	14435429	NC_037300.2	6485177	57.75	1.46e-23	93.2	interchromosomal	NA	NA	NA
XP_002325248.3	XP_006375555.1	NC_037302.2	14435429	NC_037298.2	11864534	57.58	1.83e-22	90.1	interchromosomal	NA	NA	NA
XP_002325248.3	XP_024437369.2	NC_037302.2	14435429	NC_037295.2	11223426	54.05	6.67e-22	88.6	interchromosomal	NA	NA	NA
XP_002325248.3	XP_024454278.1	NC_037302.2	14435429	NC_037288.2	11508039	49.45	7.16e-22	89.4	interchromosomal	NA	NA	NA
XP_002325248.3	XP_052305286.1	NC_037302.2	14435429	NC_037303.2	9848168	55.26	8.19e-22	87.4	interchromosomal	NA	NA	NA
XP_002325248.3	XP_002326093.4	NC_037302.2	14435429	NC_037303.2	14801942	52.56	1.57e-21	87.4	interchromosomal	NA	NA	NA
XP_002325248.3	XP_024460429.2	NC_037302.2	14435429	NC_037290.2	19088117	46.81	1.68e-21	87.4	interchromosomal	NA	NA	NA
XP_002325248.3	XP_024458700.1	NC_037302.2	14435429	NC_037290.2	8094569	44.23	2.41e-21	87.8	interchromosomal	NA	NA	NA
XP_002325248.3	XP_024444415.2	NC_037302.2	14435429	NC_037301.2	10127356	53.33	2.27e-21	87.8	interchromosomal	NA	NA	NA
XP_002325248.3	XP_024438829.2	NC_037302.2	14435429	NC_037297.2	7868485	48.89	2.83e-21	87.0	interchromosomal	NA	NA	NA
XP_002325248.3	XP_006378014.1	NC_037302.2	14435429	NC_037295.2	19237430	50.00	3.21e-21	86.7	interchromosomal	NA	NA	NA
XP_002325248.3	XP_006371762.1	NC_037302.2	14435429	NC_037302.2	1349083	38.71	3.28e-21	85.1	intrachromosomal_distant	NA	NA	NA
XP_002325248.3	XP_024455846.2	NC_037302.2	14435429	NC_037288.2	463543	48.75	2.52e-21	87.8	interchromosomal	NA	NA	NA
XP_002325248.3	XP_006368511.1	NC_037302.2	14435429	NC_037285.2	3207145	51.61	8.49e-21	84.0	interchromosomal	NA	NA	NA
XP_002325248.3	XP_024440069.1	NC_037302.2	14435429	NC_037298.2	7538137	48.23	2.17e-21	87.4	interchromosomal	NA	NA	NA
XP_002325248.3	XP_006389578.1	NC_037302.2	14435429	NC_037295.2	587221	48.75	1.10e-20	85.9	interchromosomal	NA	NA	NA
XP_002325248.3	XP_024450700.1	NC_037302.2	14435429	NC_037286.2	21787634	48.35	1.50e-20	85.5	interchromosomal	NA	NA	NA
XP_002325248.3	XP_024466667.1	NC_037302.2	14435429	NC_037285.2	21315533	47.25	2.99e-21	87.4	interchromosomal	NA	NA	NA
XP_002325248.3	XP_052308647.1	NC_037302.2	14435429	NC_037289.2	5998576	41.91	3.38e-20	80.5	interchromosomal	NA	NA	NA
XP_002325248.3	XP_024436877.2	NC_037302.2	14435429	NC_037295.2	8531133	39.80	2.69e-20	82.4	interchromosomal	NA	NA	NA
XP_002325248.3	XP_006369893.1	NC_037302.2	14435429	NC_037285.2	36641635	39.80	4.52e-20	81.6	interchromosomal	NA	NA	NA
XP_002325248.3	XP_024439297.1	NC_037302.2	14435429	NC_037297.2	9163560	46.99	3.35e-19	80.1	interchromosomal	NA	NA	NA
XP_002325248.3	XP_006375168.1	NC_037302.2	14435429	NC_037298.2	3234387	39.05	1.89e-19	78.2	interchromosomal	NA	NA	NA
XP_002325248.3	XP_006368868.2	NC_037302.2	14435429	NC_037285.2	4486450	40.24	9.64e-19	75.1	interchromosomal	NA	NA	NA
XP_002325248.3	XP_024456867.1	NC_037302.2	14435429	NC_037289.2	5877537	45.00	3.91e-19	76.6	interchromosomal	NA	NA	NA
XP_002325248.3	XP_052303325.1	NC_037302.2	14435429	NC_037299.2	8984460	51.47	4.18e-19	81.3	interchromosomal	NA	NA	NA
XP_002325248.3	XP_024466901.1	NC_037302.2	14435429	NC_037294.2	16611764	39.77	2.72e-18	76.3	interchromosomal	NA	NA	NA
XP_002325248.3	XP_024446284.2	NC_037302.2	14435429	NC_037302.2	1292205	56.25	2.27e-17	75.5	intrachromosomal_distant	NA	NA	NA
XP_002325248.3	XP_006373216.1	NC_037302.2	14435429	NC_037301.2	5566257	37.65	1.11e-17	72.0	interchromosomal	NA	NA	NA
XP_002325248.3	XP_006382109.3	NC_037302.2	14435429	NC_037290.2	26029137	53.12	4.00e-17	74.7	interchromosomal	NA	NA	NA
XP_002325248.3	XP_024461002.1	NC_037302.2	14435429	NC_037291.2	10436238	42.50	9.73e-17	69.7	interchromosomal	NA	NA	NA
XP_002325248.3	XP_006368530.1	NC_037302.2	14435429	NC_037285.2	159614	44.26	1.10e-12	56.6	interchromosomal	NA	NA	NA
XP_052305286.1	XP_052308647.1	NC_037303.2	9848168	NC_037289.2	5998576	48.28	6.17e-15	66.6	interchromosomal	NA	NA	NA
XP_002326093.4	XP_024458700.1	NC_037303.2	14801942	NC_037290.2	8094569	52.43	3.35e-154	448.0	interchromosomal	NA	NA	NA
XP_002326093.4	XP_006378014.1	NC_037303.2	14801942	NC_037295.2	19237430	38.85	6.68e-97	305.0	interchromosomal	NA	NA	NA
XP_002326093.4	XP_024437369.2	NC_037303.2	14801942	NC_037295.2	11223426	43.05	1.83e-93	291.0	interchromosomal	NA	NA	NA
XP_002326093.4	XP_024438829.2	NC_037303.2	14801942	NC_037297.2	7868485	50.50	2.79e-82	266.0	interchromosomal	NA	NA	NA
XP_002326093.4	XP_006381519.2	NC_037303.2	14801942	NC_037290.2	10930631	51.70	2.36e-78	249.0	interchromosomal	NA	NA	NA
XP_002326093.4	XP_024454278.1	NC_037303.2	14801942	NC_037288.2	11508039	35.97	3.17e-77	248.0	interchromosomal	NA	NA	NA
XP_002326093.4	XP_024444415.2	NC_037303.2	14801942	NC_037301.2	10127356	36.72	1.70e-76	246.0	interchromosomal	NA	NA	NA
XP_002326093.4	XP_024443283.1	NC_037303.2	14801942	NC_037300.2	6485177	48.91	1.77e-75	241.0	interchromosomal	NA	NA	NA
XP_002326093.4	XP_006375555.1	NC_037303.2	14801942	NC_037298.2	11864534	47.41	2.23e-67	221.0	interchromosomal	NA	NA	NA
XP_002326093.4	XP_024460429.2	NC_037303.2	14801942	NC_037290.2	19088117	43.57	5.11e-54	185.0	interchromosomal	NA	NA	NA
XP_002326093.4	XP_024446053.1	NC_037303.2	14801942	NC_037302.2	12567397	43.36	4.43e-53	183.0	interchromosomal	NA	NA	NA
XP_002326093.4	XP_024446284.2	NC_037303.2	14801942	NC_037302.2	1292205	32.36	5.40e-46	162.0	interchromosomal	NA	NA	NA
XP_002326093.4	XP_006382109.3	NC_037303.2	14801942	NC_037290.2	26029137	35.59	5.76e-43	153.0	interchromosomal	NA	NA	NA
XP_002326093.4	XP_006375168.1	NC_037303.2	14801942	NC_037298.2	3234387	56.04	1.66e-33	121.0	interchromosomal	NA	NA	NA
XP_002326093.4	XP_006368868.2	NC_037303.2	14801942	NC_037285.2	4486450	60.00	1.30e-32	116.0	interchromosomal	NA	NA	NA
XP_002326093.4	XP_052308647.1	NC_037303.2	14801942	NC_037289.2	5998576	55.91	3.28e-32	117.0	interchromosomal	NA	NA	NA
XP_002326093.4	XP_006373216.1	NC_037303.2	14801942	NC_037301.2	5566257	55.56	2.39e-34	120.0	interchromosomal	NA	NA	NA
XP_002326093.4	XP_024436877.2	NC_037303.2	14801942	NC_037295.2	8531133	40.25	9.66e-30	111.0	interchromosomal	NA	NA	NA
XP_002326093.4	XP_024466901.1	NC_037303.2	14801942	NC_037294.2	16611764	57.32	2.29e-28	108.0	interchromosomal	NA	NA	NA
XP_002326093.4	XP_006369893.1	NC_037303.2	14801942	NC_037285.2	36641635	44.80	2.16e-31	116.0	interchromosomal	NA	NA	NA
XP_002326093.4	XP_024461002.1	NC_037303.2	14801942	NC_037291.2	10436238	55.26	1.08e-27	102.0	interchromosomal	NA	NA	NA
XP_002326093.4	XP_006389578.1	NC_037303.2	14801942	NC_037295.2	587221	39.47	1.99e-27	109.0	interchromosomal	NA	NA	NA
XP_002326093.4	XP_024455846.2	NC_037303.2	14801942	NC_037288.2	463543	50.00	4.48e-27	108.0	interchromosomal	NA	NA	NA
XP_002326093.4	XP_024466667.1	NC_037303.2	14801942	NC_037285.2	21315533	54.55	1.18e-26	106.0	interchromosomal	NA	NA	NA
XP_002326093.4	XP_024440069.1	NC_037303.2	14801942	NC_037298.2	7538137	56.96	1.24e-26	106.0	interchromosomal	NA	NA	NA
XP_002326093.4	XP_052303325.1	NC_037303.2	14801942	NC_037299.2	8984460	46.47	7.72e-26	105.0	interchromosomal	NA	NA	NA
XP_002326093.4	XP_024456867.1	NC_037303.2	14801942	NC_037289.2	5877537	54.05	2.01e-26	99.0	interchromosomal	NA	NA	NA
XP_002326093.4	XP_024450700.1	NC_037303.2	14801942	NC_037286.2	21787634	52.50	3.83e-24	99.8	interchromosomal	NA	NA	NA
XP_002326093.4	XP_024441317.1	NC_037303.2	14801942	NC_037298.2	1460990	50.55	6.01e-24	95.9	interchromosomal	NA	NA	NA
XP_002326093.4	XP_006383530.2	NC_037303.2	14801942	NC_037289.2	11313285	50.00	8.73e-23	92.0	interchromosomal	NA	NA	NA
XP_002326093.4	XP_006368511.1	NC_037303.2	14801942	NC_037285.2	3207145	51.47	9.93e-22	89.4	interchromosomal	NA	NA	NA
XP_002326093.4	XP_006371762.1	NC_037303.2	14801942	NC_037302.2	1349083	55.00	1.52e-21	87.8	interchromosomal	NA	NA	NA
XP_002326093.4	XP_006382812.1	NC_037303.2	14801942	NC_037289.2	3486578	60.66	1.45e-20	85.9	interchromosomal	NA	NA	NA
XP_002326093.4	XP_024452726.1	NC_037303.2	14801942	NC_037287.2	13432844	43.43	4.40e-20	84.3	interchromosomal	NA	NA	NA
XP_002326093.4	XP_006368768.2	NC_037303.2	14801942	NC_037285.2	7882247	46.75	9.54e-18	77.4	interchromosomal	NA	NA	NA
XP_002326093.4	XP_006372370.1	NC_037303.2	14801942	NC_037301.2	14784916	40.96	7.56e-17	75.9	interchromosomal	NA	NA	NA
XP_002326093.4	XP_052301100.1	NC_037303.2	14801942	NC_037295.2	18333481	44.87	2.79e-16	74.3	interchromosomal	NA	NA	NA
XP_002326093.4	XP_024458563.1	NC_037303.2	14801942	NC_037285.2	48605799	49.21	4.78e-16	73.2	interchromosomal	NA	NA	NA
XP_002326093.4	XP_052303237.1	NC_037303.2	14801942	NC_037298.2	8049826	52.63	1.11e-15	70.5	interchromosomal	NA	NA	NA
XP_002326093.4	XP_006386616.2	NC_037303.2	14801942	NC_037286.2	12590323	50.79	4.81e-16	72.0	interchromosomal	NA	NA	NA
XP_002326093.4	XP_006375351.1	NC_037303.2	14801942	NC_037298.2	5870811	48.48	4.36e-16	72.0	interchromosomal	NA	NA	NA
XP_002326093.4	XP_052305286.1	NC_037303.2	14801942	NC_037303.2	9848168	50.00	1.44e-13	65.5	intrachromosomal_distant	NA	NA	NA
XP_002326093.4	XP_024452203.2	NC_037303.2	14801942	NC_037287.2	21584780	45.20	8.51e-13	58.9	interchromosomal	NA	NA	NA
XP_002326093.4	XP_024439297.1	NC_037303.2	14801942	NC_037297.2	9163560	45.76	1.75e-12	61.6	interchromosomal	NA	NA	NA
XP_002326093.4	XP_006368530.1	NC_037303.2	14801942	NC_037285.2	159614	35.95	1.08e-12	57.0	interchromosomal	NA	NA	NA
